0,203.055463373661,0,0,539.844410836697,0,0,654.509499788284,0,0,666.802958548069,0,0,0,0,0
203.055463373661,0,39.0081523060799,0,0,0,0,0,276.027488231659,0,0,0,0,0,156.048600316048,0
0,39.0081523060799,0,0,482.724307179451,834.996825635433,0,467.114379584789,0,0,0,8.99511116743088,0,0,0,0
0,0,0,0,0,0,0,0,597.064346253872,0,0,91.9535499811172,0,0,356.248726665974,0
539.844410836697,0,482.724307179451,0,0,349.838448882103,168.894422829151,0,0,0,0,0,37.981577694416,0,0,0
0,0,834.996825635433,0,349.838448882103,0,0,0,0,0,0,0,225.907738924026,0,391.385686576366,0
0,0,0,0,168.894422829151,0,0,0,0,0,0,916.551646709442,0,0,45.9137902855873,0
654.509499788284,0,467.114379584789,0,0,0,0,0,0,0,0,664.576448261738,0,0,0,0
0,276.027488231659,0,597.064346253872,0,0,0,0,0,0,0,0,0,806.961475729942,0,0
0,0,0,0,0,0,0,0,0,0,0,0,0,424.845231533051,0,410.796574652195
666.802958548069,0,0,0,0,0,0,0,0,0,0,0,0,0,0,452.876208484173
0,0,8.99511116743088,91.9535499811172,0,0,916.551646709442,664.576448261738,0,0,0,0,0,0,0,0
0,0,0,0,37.981577694416,225.907738924026,0,0,0,0,0,0,0,0,0,227.951157987118
0,0,0,0,0,0,0,0,806.961475729942,424.845231533051,0,0,0,0,0,99.0020073056221
0,156.048600316048,0,356.248726665974,0,391.385686576366,45.9137902855873,0,0,0,0,0,0,0,0,0
0,0,0,0,0,0,0,0,0,410.796574652195,452.876208484173,0,227.951157987118,99.0020073056221,0,0
