0,-0.185397584369639,0,0,-0.323125411843648,0,0,-0.409615503944224,0,0,-0.16997787188302,0,0,0,0,0
-0.185397584369639,0,-0.0474193851987366,0,0,0,0,0,-0.275166952560539,0,0,0,0,0,-0.217886450496735,0
0,-0.0474193851987366,0,0,-0.231859239647747,-0.33245376519335,0,-0.125686087078066,0,0,0,-0.00708894607669208,0,0,0,0
0,0,0,0,0,0,0,0,-0.320694233378163,0,0,-0.0672212342324201,0,0,-0.185975471802521,0
-0.323125411843648,0,-0.231859239647747,0,0,-0.171655072044814,-0.0899116791551933,0,0,0,0,0,-0.0634056554117706,0,0,0
0,0,-0.33245376519335,0,-0.171655072044814,0,0,0,0,0,0,0,-0.190052666264819,0,-0.322182242147392,0
0,0,0,0,-0.0899116791551933,0,0,0,0,0,0,-0.41410369463847,0,0,-0.0442059114284348,0
-0.409615503944224,0,-0.125686087078066,0,0,0,0,0,0,0,0,-0.392545257054735,0,0,0,0
0,-0.275166952560539,0,-0.320694233378163,0,0,0,0,0,0,0,0,0,-0.357316251334851,0,0
0,0,0,0,0,0,0,0,0,0,0,0,0,-0.0962329631511238,0,-0.0961008685626439
-0.16997787188302,0,0,0,0,0,0,0,0,0,0,0,0,0,0,-0.0779028191100224
0,0,-0.00708894607669208,-0.0672212342324201,0,0,-0.41410369463847,-0.392545257054735,0,0,0,0,0,0,0,0
0,0,0,0,-0.0634056554117706,-0.190052666264819,0,0,0,0,0,0,0,0,0,-0.0920698494010139
0,0,0,0,0,0,0,0,-0.357316251334851,-0.0962329631511238,0,0,0,0,0,-0.0456295665499056
0,-0.217886450496735,0,-0.185975471802521,0,-0.322182242147392,-0.0442059114284348,0,0,0,0,0,0,0,0,0
0,0,0,0,0,0,0,0,0,-0.0961008685626439,-0.0779028191100224,0,-0.0920698494010139,-0.0456295665499056,0,0
