134.139363408089,0,2.58642917871475,0,0,0.343504518270493,83.2768503129482,6.9720456302166,0,0.660797655582428,0,0.0280237179249525,0,229.550364553928,0,0,0.579822957515717,0,0,0,3.74098682403564,0,24.394467651844,1.19833385944366,0,0,0,3.35040390491486,22.0784824490547,73.9800931215286,0,0,0,1.25702214241028,0,0,0.891808927059174,2.72009950876236,0.390189081430435,0.622169613838196,0,0,0,0,0,0,0,0,0,0,0,0,0,0,0,0,0,0,0,0,0,0,0,0,0,0,0,0,0,0,0,0,0,0,0,0,0,0,0,0,0,0,0,0,0
0,65.4436707496643,0,0,0,0,0,0,26.3520449399948,0,7.54825580120087,0,8.41608929634094,0,0,10.5200119018555,0,0.303727865219116,0,0,1.09018504619598,35.4877546131611,0.0936181470751762,16.6784063875675,53.3369468450546,6.88285425305367,206.384282469749,0,1.22871172428131,0,0.544777750968933,0,1.10809743404388,6.82776290178299,0,2.18635535240173,6.69859707355499,4.27999320626259,1.368646889925,1.06314420700073,0,0,1.94793349504471,3.32074925303459,3.73366141319275,1.0414172410965,0,0,0,0,39.3915121555328,2.61787375807762,0,0,0,0,0,0.0404167361557484,0,0,0,4.1772632598877,0,0,1.32373368740082,2.94597053527832,0,1.07124328613281,0,0,0,1.69400635361671,1.59860646724701,1.88715815544128,12.1855450868607,72.5211023688316,0,0,0,0,0,0,0,0,0
2.58642917871475,0,449.160670220852,0,0,0,34.7956798672676,14.8357076048851,0,0,0,0,0,22.2200862169266,0,0.0865294486284256,166.574073523283,2.07816457748413,10.5270529389381,0,9.44506341218948,1.83594262599945,400.556371957064,2.65428698062897,0,128.394228458405,366.986250936985,5.93823707103729,6.56321114301682,0.601198196411133,0,0,0,21.2882146537304,0,63.1971797347069,35.4704774618149,61.1931525468826,42.6765730082989,0,0,0,4.02401223778725,2.61810106039047,1.96285778284073,2.25696539878845,0,0,0,0,2.66896951198578,8.38319170475006,0,0,0,0,0,0,0,0,0,0,0,0,1.82521969079971,0.267813265323639,0,0,0,0,0,10.6644422709942,0,0,3.61004501581192,77.6457334756851,0,0,0,0,0,0,0,0,4.01978945732117
0,0,0,211.171787917614,4.67188602685928,1.68569973111153,0,2.3426216840744,19.9289550483227,73.2833359241486,0,55.3236444592476,0,0,16.2324339300394,0,0,0,0,78.9406278729439,0,0,0,40.1928101181984,0,0,0,41.9127848148346,0.691218599677086,0,0,0,0,2.6242196559906,0,3.56526070833206,0,3.12040138244629,0,15.9286554157734,1.04483199119568,0,0.975427567958832,0,0,0,5.22300976514816,0,0,0,0,0,0,0,0,0,0,5.89918997883797,0,0,1.22046828269958,0,0,0,0,0,0,0,4.57788038253784,0,0,0,7.17256289720535,0,0,0,0,0,0,0,0,0,0,0,0
0,0,0,4.67188602685928,72.9705428481102,43.3790909051895,3.12756752967834,3.53998589515686,0.0219072215259075,1.6398760676384,0,11.6964792311192,0,0,36.3139443397522,0,0,0,0,1.66143055260181,0,0,0,4.96497964859009,0,0,0,1.37639045715332,0,0,0,4.10184997320175,0,43.6987637877464,0,18.3536941409111,1.21296384930611,7.93028742074966,0,103.820743024349,61.4005126357079,0,0,0,0,0,2.39886164665222,0,0,0,0,0,0,0,0,0,0,0,0,0,0.195512905716896,0,0,0,0,0,0,0,0,0,0,0,1.51376760005951,0,0,0,0,0,0,0,0,0,0,0,1.54271304607391
0.343504518270493,0,0,1.68569973111153,43.3790909051895,516.994410127401,34.5728790462017,215.129468083382,4.10205209255219,185.96754732728,2.4141104221344,58.5438331961632,0,26.7397030591965,33.300178617239,0,0,0,0,7.42364382743835,0,0,0,4.24856358766556,0,0,0,16.154000878334,4.93186977505684,0,0,5.74317686259747,0,28.1800416707993,98.9628131687641,54.4019757807255,1.5133969783783,7.89326679706573,3.95856940746307,72.8491237461567,0.385205626487732,1.67064738273621,0,0,1.91463005542755,1.35354915261269,1.74520707130432,0,1.36739861965179,0,0,0,0,0,0,0,0,1.45718252658844,0,1.27059769630432,0.884108066558838,0,0,0.137670814990997,0,0,0,0,0,0,0,0,0,0,0,0,0,0,0,0,0,0,0,12.7178381085396,9.13744789361954
83.2768503129482,0,34.7956798672676,0,3.12756752967834,34.5728790462017,817.455191552639,160.936417967081,8.80549305677414,261.771802663803,0,2.02652579545975,0,305.236144185066,0.0124475574120879,0.1883185505867,0,0,0,0,19.4410170614719,0,37.3247295320034,32.7280209958553,0,0,11.0024003088474,529.510001003742,53.3368906676769,219.81443503499,0,0,0.833064496517181,29.1892239153385,0.778446078300476,85.8185431957245,2.76553761959076,37.1179816126823,5.38430815935135,16.3453746140003,3.19713580608368,0,5.93713903427124,0,0,0,0,0,0,0,0,0,0,0,0,0,0,5.74622565507889,0,0,2.55994629859924,0,0,0,0,0,0,0,0,0,0,0,20.216353058815,0,0,0,2.810551404953,0,0,0,0,0,0,0,4.34139275550842
6.9720456302166,0,14.8357076048851,2.3426216840744,3.53998589515686,215.129468083382,160.936417967081,723.426257222891,15.9520754218102,150.445127308369,1.32962337136269,27.0268402695656,0,358.293425828218,0.613278456032276,0,0.16118198633194,0,0,17.0476833283901,7.97447922825813,0,62.2747536301613,2.93495017290115,0,1.01772463321686,0,42.3189671337605,20.7236365675926,43.5280678272247,0,7.47586470842361,0,13.7952568233013,4.81248074769974,49.1958499550819,6.59194284677505,21.9845589995384,5.8164969086647,19.1235091090202,0.970088839530945,0.511906445026398,0,0,2.35301268100739,0.889190196990967,0,0,0.497015178203583,0,0,0,0,0,0,0,0,0,0,0,0,0,0,0,0,0,0,0,0,0,0,0,4.14327895641327,0,0,0,0,0,0,0,0,0,0,0,2.90298426151276
0,26.3520449399948,0,19.9289550483227,0.0219072215259075,4.10205209255219,8.80549305677414,15.9520754218102,37.4217445850372,50.7146009206772,0.0412286091595888,3.77658718824387,0.999457716941833,3.56114763021469,5.57915619015694,2.00733977556229,0,0,0,8.03255188465118,0,83.5974286794662,0,278.220068663359,18.5625980198383,1.76361989974976,53.433842509985,68.9189899563789,19.0488075017929,0,0,0,1.05837935209274,7.44016462564468,0,55.3587453663349,2.53877478837967,8.75937688350677,0,19.6048033833504,0,0,3.21062451601028,0,0.0419619381427765,0.0958425924181938,14.1320618391037,0,0,0,0.822719216346741,0,9.72511860728264,0,0,7.04825714230537,11.778080701828,48.6012718677521,25.8138807117939,0,1.96233400702477,0,0,0,2.76600301265717,0,0,0,5.44369339942932,0,6.41739323735237,0,74.6163110136986,0,0,0,66.0326258838177,0.87219625711441,1.65691912174225,0,0,4.55007171630859,0,0,11.9151172041893
0.660797655582428,0,0,73.2833359241486,1.6398760676384,185.96754732728,261.771802663803,150.445127308369,50.7146009206772,1273.53637734056,1.26640367507935,60.7854472100735,0,92.4636471867561,6.46966809034348,0,0,0,0,51.0169497728348,0.489307522773743,0,0,30.2556484043598,0,0,0,89.286006718874,34.0043732523918,0.038746353238821,0,0,0.905737578868866,26.1361526846886,6.08962959051132,77.8233037889004,0,33.7193683385849,3.00532591342926,22.5340401828289,1.67180693149567,0,0,0,0,0,23.5957752466202,0,0,0,0,0,0,0,0,0,0,61.401821821928,0,0,5.39739990234375,0,0,0,0,0,0,0,0,0,0,0,17.0146466493607,0,0,0,0,0,0,0,0,0,0,0,6.01870846748352
0,7.54825580120087,0,0,0,2.4141104221344,0,1.32962337136269,0.0412286091595888,1.26640367507935,484.486657530069,0,74.7759438157082,2.0681928396225,0,0,6.37168979644775,104.518856674433,15.5882182717323,0,0,0.02434141933918,0.219960808753967,0,7.56741404533386,51.3062562048435,10.4867801964283,0,31.246595621109,0,9.29302942752838,8.43927040696144,0,137.262764424086,0,8.6923850774765,47.1218496263027,65.8816368877888,8.9044007062912,1.13094440102577,0,9.10044074058533,0,14.0714930593967,0.0684308260679245,0,0,0,3.54313987493515,0,0,0,0,0,0,0,0,0,0,3.64372885227203,0,46.6473548412323,0,0,0,0,0,0,0,0,0,0,0,11.6899518370628,5.71757292747498,3.26932013034821,0,0,0,15.1172943115234,0,0,0,0,1.91431093215942
0.0280237179249525,0,0,55.3236444592476,11.6964792311192,58.5438331961632,2.02652579545975,27.0268402695656,3.77658718824387,60.7854472100735,0,403.855742543936,0,5.50005120038986,30.8866729736328,0,0,0,0,120.937306761742,0,0,0,4.18100273609161,0,0,0,9.88016927242279,4.49140149354935,0,0,1.23349753022194,0,9.92967486381531,135.189028382301,20.2678309679031,0,4.30722224712372,1.74614262580872,18.6887169182301,3.3302286863327,1.63804399967194,1.4729380607605,0,0,0,6.4795458316803,0,0,0,0,0,2.42751795053482,0,0,0,0,1.95091712474823,2.47765898704529,1.0140243768692,9.39800590276718,0,0,0,0,0,0,0,0,0,0,0,1.09797933697701,0,0,0,0.484350621700287,0,0,0,0,0,0,35.521318256855,7.63160717487335
0,8.41608929634094,0,0,0,0,0,0,0.999457716941833,0,74.7759438157082,0,153.893207579851,0,0,0,0,0.269619762897491,0,0,2.38935130834579,2.27476015686989,0.92934650182724,2.53529781103134,72.6953788995743,3.48081907629967,31.1934372782707,3.55091655254364,6.04681885242462,2.06173712015152,27.9790892899036,0.161780089139938,0,15.2658348083496,0,3.68269431591034,10.6965272724628,6.77790749073029,0.656086981296539,3.71199476718903,0,5.91076812148094,0,21.7860125899315,0.135215908288956,1.51649606227875,4.47608804702759,0,4.08088532090187,0,9.46305245161057,0,0,0,0,0,0,0,0,15.8397778868675,0,141.66305065155,0,0,0,0,0,0,0,0,0.438905268907547,0.646019279956818,1.42819786071777,43.7432646155357,7.16472285985947,29.8825303316116,0.880066454410553,0,0,44.4482919573784,0,0,2.5474693775177,0,0
229.550364553928,0,22.2200862169266,0,0,26.7397030591965,305.236144185066,358.293425828218,3.56114763021469,92.4636471867561,2.0681928396225,5.50005120038986,0,551.963942140341,1.71495661139488,0,2.07940435409546,0.851470470428467,0,2.47015652060509,24.1623406410217,0,106.707057327032,11.8743358254433,1.04496872425079,2.00764966011047,0,20.8964838683605,238.578190684319,171.985316097736,0,17.4169179797173,0,19.8866822421551,0,14.4861166775227,3.96223908662796,16.0454203784466,2.92137348651886,4.31712085008621,0,1.81927382946014,0,0,0,0,0,0,0,0,0,0,0,0,0,0,0,2.67612266540527,0,0,0,0,0,0,0,0,0,0,0,0,0,0,0,0,0,0,0,0,0,0,0,0,2.87950241565704,0,0
0,0,0,16.2324339300394,36.3139443397522,33.300178617239,0.0124475574120879,0.613278456032276,5.57915619015694,6.46966809034348,0,30.8866729736328,0,1.71495661139488,14.8130891621113,0,0,0,0,7.49971640110016,0,0,0,24.2573869526386,0,0,0.755138158798218,17.1629447340965,2.3860464990139,0,0,0.0416815243661404,0,3.22878730297089,11.5308493971825,3.80222481489182,0,0,0,22.0981838405132,2.74730837345123,0,0,0,0,0,0,0,0,0,0,0,0,0,0,0,0,0.0143243540078402,0,0,3.10592132806778,0,0,0,0,0,0,0,0,0,0,0,0,0,0,0,0,0,0,0,0,0,0,2.96624821424484,1.19054460525513
0,10.5200119018555,0.0865294486284256,0,0,0,0.1883185505867,0,2.00733977556229,0,0,0,0,0,0,152.002683401108,0.485286206007004,0,0,0,113.240322291851,47.6645151376724,83.2855740189552,59.2320359349251,2.30710434913635,0,155.551611125469,30.7407034635544,0,1.30601966381073,0,0,0,1.23820972442627,0.579410135746002,18.4874377250671,16.941975235939,8.33914688229561,13.6836362481117,0.851007878780365,0,0,11.1137791872025,6.71111753582954,2.94283580780029,0,0,0,0,0,3.25658744573593,1.38039371371269,0,0,0,0,0,0,0,0,0,0,0,0,121.023265987635,0,0,0,0,19.5462764501572,10.4931055307388,102.503728181124,29.5154619216919,0,0,45.5106121897697,4.99962645769119,1.07647120952606,3.79636532068253,0,0,1.6261248588562,0,0,4.92287504673004
0.579822957515717,0,166.574073523283,0,0,0,0,0.16118198633194,0,0,6.37168979644775,0,0,2.07940435409546,0,0.485286206007004,201.629242986441,13.9576001167297,97.4381937384605,0,7.92132505774498,0,198.411949515343,0,0,124.138394415379,115.144645661116,0,6.34636762738228,2.3108657002449,0,0,1.46030801534653,122.628347933292,0,15.5293694138527,12.768760830164,39.9282798171043,24.6348468065262,0,0,0,0.0680416934192181,0,0,3.03910326957703,0,0,0,0,1.52624201774597,3.3195828795433,0,0,0,0,0,0,0,0,0,0,0,0,0,1.72957521677017,0,0.0397676452994347,0,0,0.250963360071182,0.305138796567917,0,0,5.59671264886856,28.0681738555431,0,0,0,0,0,0,0,0,3.68050187826157
0,0.303727865219116,2.07816457748413,0,0,0,0,0,0,0,104.518856674433,0,0.269619762897491,0.851470470428467,0,0,13.9576001167297,81.7637085914612,71.2002009749413,0,0,0,1.50224161148071,0,0.174649819731712,116.043560564518,8.43565046787262,0,7.67065459489822,0,1.27025455236435,1.23889708518982,0,28.8763241171837,0,7.05023866891861,41.1172050833702,53.6523613631725,13.207604855299,0,0,2.16323000192642,0,0.308964520692825,0,0,0,0,0,0,0,0,0,0,0,0,0,0,0,0,0,0,0,0,0,0,0,0,0,0,0,0,0,0,0,3.23164892196655,0,0,0,0,0,0,0,0,0
0,0,10.5270529389381,0,0,0,0,0,0,0,15.5882182717323,0,0,0,0,0,97.4381937384605,71.2002009749413,130.494473546743,0,0.413762152194977,0,7.3675876557827,0,0,112.179473161697,16.8889418840408,0,3.66209673881531,0,0,0.0559891164302826,0,66.0522672533989,0,10.6500075757504,20.1126945018768,39.6266465783119,5.87112733721733,0,0,0,0,0.478374183177948,0,0,0,0,0,0,0,0,0,0,0,0,0,0,0,0,0,0,0,0,0,0,0,0,0,0,0,0,0,0,1.00395202636719,2.75132250785828,0,0,0,0,0,0,0,0,0
0,0,0,78.9406278729439,1.66143055260181,7.42364382743835,0,17.0476833283901,8.03255188465118,51.0169497728348,0,120.937306761742,0,2.47015652060509,7.49971640110016,0,0,0,0,44.4684946537018,0,0,0,1.06236313283443,0,0,0,4.92955401539803,3.35047826170921,0,0,0,0,4.59199354052544,0,10.1674732267857,0,1.92396378517151,1.1543200314045,7.30312687158585,0,0,1.42844814062119,0,0,0,6.24711245298386,0,0,0,0,0,2.571617603302,0,0,0,0,2.45691514015198,0,0,4.92985391616821,0,0,0,0,0,0,0,0,0,0,0,6.08528470993042,0,0,0,0,0,0,0,0,0,0,0,0
3.74098682403564,1.09018504619598,9.44506341218948,0,0,0,19.4410170614719,7.97447922825813,0,0.489307522773743,0,0,2.38935130834579,24.1623406410217,0,113.240322291851,7.92132505774498,0,0.413762152194977,0,705.036454647779,1.85176563262939,345.358216226101,25.474040210247,0,0,11.5602388083935,180.114110201597,22.8178843855858,317.812157958746,0,0,7.51055219769478,103.252026468515,4.4663057923317,138.966999053955,21.8284233808517,79.6918750703335,43.7336143255234,4.93783295154572,0.622888147830963,0,8.21923130750656,0.835912048816681,0,0,0,0,0,0,0,0.562561988830566,0,0,0,0,0,0,0,1.89093506336212,0,0,0,0,31.3637950718403,0,0,0,0,11.0834500193596,9.32049614191055,10.0533520877361,8.74120432138443,0,0,0,1.37285447120667,0,5.54608955979347,0,0,1.95529389381409,0,0,50.8704306483269
0,35.4877546131611,1.83594262599945,0,0,0,0,0,83.5974286794662,0,0.02434141933918,0,2.27476015686989,0,0,47.6645151376724,0,0,0,0,1.85176563262939,123.226761966944,3.32481521368027,140.767811506987,26.1754872500896,1.42355835437775,82.3819515109062,4.9164696931839,0,0,1.83268487453461,0,0,1.38442131876945,0,1.60090172290802,2.72552064061165,1.8396869301796,1.29043233394623,0,0,0,0.669375121593475,3.83094751834869,0,0,0,0,0,0,18.4318071007729,0,0,0,0,1.55912911891937,0,9.82891446352005,0,0,0,0.0896728187799454,0,0,32.3907037377357,0,0,0,0,1.12508976459503,82.4920452833176,11.3645789921284,18.9155967533588,1.92329877614975,0.151488170027733,36.2154510319233,5.26982402801514,0.788624107837677,3.07440721988678,0,0,0,0,0,1.92266070842743
24.394467651844,0.0936181470751762,400.556371957064,0,0,0,37.3247295320034,62.2747536301613,0,0,0.219960808753967,0,0.92934650182724,106.707057327032,0,83.2855740189552,198.411949515343,1.50224161148071,7.3675876557827,0,345.358216226101,3.32481521368027,1074.36080035567,48.7853783369064,0,15.8306104540825,219.392663687468,83.27493968606,75.3128842413425,87.3548916578293,0,0,2.75550797581673,206.732515096664,3.94771254062653,260.332914680243,131.918279320002,248.697114288807,185.889539718628,5.57027214765549,1.36992383003235,0,4.4829860329628,7.78633454442024,4.30399194359779,3.69793829321861,0,0,0,0,1.46513187885284,8.96483613550663,0,0,0,0,0,0,0,2.11006045341492,0,0,0,0,43.7996565401554,0.0699414759874344,0,0,0,11.9093370437622,9.25391280651093,66.9951407313347,9.69910562038422,0,0.0372516512870789,81.9839657843113,0.435718685388565,0,1.52714246511459,0,0,0,0.585799336433411,0,61.5674448609352
1.19833385944366,16.6784063875675,2.65428698062897,40.1928101181984,4.96497964859009,4.24856358766556,32.7280209958553,2.93495017290115,278.220068663359,30.2556484043598,0,4.18100273609161,2.53529781103134,11.8743358254433,24.2573869526386,59.2320359349251,0,0,0,1.06236313283443,25.474040210247,140.767811506987,48.7853783369064,526.827146440744,7.45470729470253,0,73.112401664257,202.889897674322,16.7547552585602,5.52406772971153,0,0,1.92336541414261,18.5431672632694,1.03933030366898,54.2791284024715,0.974517345428467,23.6143521666527,0.404635801911354,16.6904696822166,0.320385754108429,0,53.672326862812,1.32314211130142,7.14525079727173,1.07179307937622,0,0,0,0,0,0,5.82564133405685,0,3.89640378952026,41.623337328434,0,41.3724483549595,10.2415299117565,2.2441221177578,12.6662078499794,0,0,0,40.683696180582,0,0,0,2.8757050037384,11.0145066678524,21.9038474261761,1.61927857995033,300.732831805944,0,0,2.76964688301086,201.598145365715,0,2.93614962697029,0,0,13.3493294715881,5.2334657907486,0,3.46014854311943
0,53.3369468450546,0,0,0,0,0,0,18.5625980198383,0,7.56741404533386,0,72.6953788995743,1.04496872425079,0,2.30710434913635,0,0.174649819731712,0,0,0,26.1754872500896,0,7.45470729470253,95.2435937523842,2.75366795063019,84.3784126341343,0,0,0,6.47646781802177,0.528143495321274,0,12.0313944816589,0,0.242213606834412,7.61266577243805,1.04373499751091,0,0,0,2.9719260931015,0,7.48003149032593,0.737336397171021,0,0,0,2.66846743226051,0,2.69165408611298,0,0,0,0,0,0,0,0,8.40951454639435,0,31.1669744849205,0,0,0,0,0,0,0,0,0,0,0,43.4198631048203,10.993450820446,19.1684069633484,0,0,0,7.36077237129211,0,0,1.61059457063675,0,0
0,6.88285425305367,128.394228458405,0,0,0,0,1.01772463321686,1.76361989974976,0,51.3062562048435,0,3.48081907629967,2.00764966011047,0,0,124.138394415379,116.043560564518,112.179473161697,0,0,1.42355835437775,15.8306104540825,0,2.75366795063019,1164.13216263056,394.175362557173,0,5.45524919033051,0,10.6978105902672,1.31928592920303,0.615145027637482,57.2444606721401,0,65.2768150269985,158.125849753618,121.140226393938,41.9665212929249,0,0,0,0,16.5831237733364,2.63715362548828,1.08215224742889,0,0,0.117295727133751,0,3.36958682537079,3.12630087137222,0,0,0,0,0,0,0,0.312095046043396,0,25.0896657705307,0,0,0,3.05090317130089,2.33650803565979,3.14571940898895,0,0,0,0,0,7.8594685792923,196.282590806484,227.920070707798,0,0,0,42.3148562312126,0,0,0,0,5.62573337554932
0,206.384282469749,366.986250936985,0,0,0,11.0024003088474,0,53.433842509985,0,10.4867801964283,0,31.1934372782707,0,0.755138158798218,155.551611125469,115.144645661116,8.43565046787262,16.8889418840408,0,11.5602388083935,82.3819515109062,219.392663687468,73.112401664257,84.3784126341343,394.175362557173,1304.69826951623,24.9794631898403,6.93134823441505,0.888603448867798,40.6915802955627,1.35814452171326,0,79.0716691017151,3.10654133558273,214.908835709095,172.048940598965,179.734008491039,181.564268380404,2.31093764305115,0,0.513017117977142,21.4753872156143,53.7200510799885,21.9307239949703,19.9168574810028,0,0,0,0,101.426478356123,57.3538401126862,0,0,0,0,0,0,0,3.69744646549225,0,12.6153166890144,0,0,45.2908467948437,16.8018559217453,4.22870653867722,2.12170600891113,0,1.17285376787186,31.9032834768295,91.7170113921165,0,17.8375544846058,315.665013968945,1012.81975260377,0,0,0,11.1968155801296,0,0,1.70348143577576,0,18.3788489103317
3.35040390491486,0,5.93823707103729,41.9127848148346,1.37639045715332,16.154000878334,529.510001003742,42.3189671337605,68.9189899563789,89.286006718874,0,9.88016927242279,3.55091655254364,20.8964838683605,17.1629447340965,30.7407034635544,0,0,0,4.92955401539803,180.114110201597,4.9164696931839,83.27493968606,202.889897674322,0,0,24.9794631898403,774.547610014677,20.4183127880096,419.755758821964,0,0,4.3427739739418,36.1195381581783,3.79141050577164,103.877181112766,1.37761580944061,40.8888510763645,15.5437903404236,16.9975828528404,2.74340957403183,1.7360200881958,21.9907459020615,0,0,0,0,0,0,1.78347611427307,0,0,0,0,0,0,0,36.0335330963135,0,2.78450930118561,0,0,0,0,8.65483137965202,0,0,0,0,0,3.9872362613678,0,78.3168294727802,0,0,0,25.2975772023201,0,5.35110759735107,0,0,0,2.55883312225342,0,13.0623374581337
22.0784824490547,1.22871172428131,6.56321114301682,0.691218599677086,0,4.93186977505684,53.3368906676769,20.7236365675926,19.0488075017929,34.0043732523918,31.246595621109,4.49140149354935,6.04681885242462,238.578190684319,2.3860464990139,0,6.34636762738228,7.67065459489822,3.66209673881531,3.35047826170921,22.8178843855858,0,75.3128842413425,16.7547552585602,0,5.45524919033051,6.93134823441505,20.4183127880096,788.389571160078,203.616923242807,0.527634680271149,38.916062772274,46.1828583776951,85.0133424699306,1.03068840503693,25.3298934698105,8.83014196157455,38.0508219301701,5.89550048112869,14.0864422917366,2.14503479003906,3.30432093143463,0,0.69720584154129,1.31282293796539,1.22885429859161,0,0,0,0,0,0,0,0,0,0,0,0,0,0,0,0,0,0,0,0,0,0,0,0,0,0,3.42937958240509,0,0,0,0,0,0,0,0,0,0.442872822284698,0,11.3388116359711
73.9800931215286,0,0.601198196411133,0,0,0,219.81443503499,43.5280678272247,0,0.038746353238821,0,0,2.06173712015152,171.985316097736,0,1.30601966381073,2.3108657002449,0,0,0,317.812157958746,0,87.3548916578293,5.52406772971153,0,0,0.888603448867798,419.755758821964,203.616923242807,561.728021919727,0,0,25.0780163705349,75.4869332313538,6.57619088888168,96.1410502791405,4.50971764326096,53.8818872272968,10.7912439107895,5.55783569812775,1.99637025594711,0,2.44330853223801,0,0,0,0,0,0,0,0,0,0,0,0,0,0,0.0931252688169479,0,0,0,0,0,0,9.34994751214981,0,0,0,0,0.415257215499878,0,0,0.335836976766586,0,0,0,0,0,0,0,0,0,0,0,34.2301553487778
0,0.544777750968933,0,0,0,0,0,0,0,0,9.29302942752838,0,27.9790892899036,0,0,0,0,1.27025455236435,0,0,0,1.83268487453461,0,0,6.47646781802177,10.6978105902672,40.6915802955627,0,0.527634680271149,0,11.9135344028473,0.0254882965236902,0,0.366536170244217,0,0,14.7895424365997,1.33234007656574,0,0,0,0,0,2.43989276885986,0,0,0,0,0,0,4.47221398353577,0,0,0,0,0,0,0,0,1.44166314601898,0,29.5716069638729,0,0,0,0,0,0,0,0,0,0,0,18.6144025921822,32.4602267742157,32.3333277702332,0,0,0,34.0531747937202,0,0,0,0,0
0,0,0,0,4.10184997320175,5.74317686259747,0,7.47586470842361,0,0,8.43927040696144,1.23349753022194,0.161780089139938,17.4169179797173,0.0416815243661404,0,0,1.23889708518982,0.0559891164302826,0,0,0,0,0,0.528143495321274,1.31928592920303,1.35814452171326,0,38.916062772274,0,0.0254882965236902,29.8224741220474,0,115.342907965183,0,21.7943615615368,0.463820099830627,22.035204231739,4.61228650808334,6.95193389058113,3.49313636124134,5.28098797798157,0.534874141216278,0,0,0.680365264415741,0,0,0.77174437046051,0,0,0,0,0,0,0,0,0,0,0,0,0,0,0,0,0,0,0,0,0,0,0,0,0,0,0,0,0,0,0,0,0,0,0,2.54119953513145
0,1.10809743404388,0,0,0,0,0.833064496517181,0,1.05837935209274,0.905737578868866,0,0,0,0,0,0,1.46030801534653,0,0,0,7.51055219769478,0,2.75550797581673,1.92336541414261,0,0.615145027637482,0,4.3427739739418,46.1828583776951,25.0780163705349,0,0,74.3813610672951,13.1576381623745,0.766517102718353,0.102035626769066,0,0.09615408629179,1.13518929481506,1.06973946094513,0,0,0,0,0,0,0,0,0,0,0,0,0,0,0,0,0,0,0,0,0,0,0,0,0,0,0,0,0,0,0,0,1.73342871665955,0,0,0,0,0,0,0,0,0,0,0,0
1.25702214241028,6.82776290178299,21.2882146537304,2.6242196559906,43.6987637877464,28.1800416707993,29.1892239153385,13.7952568233013,7.44016462564468,26.1361526846886,137.262764424086,9.92967486381531,15.2658348083496,19.8866822421551,3.22878730297089,1.23820972442627,122.628347933292,28.8763241171837,66.0522672533989,4.59199354052544,103.252026468515,1.38442131876945,206.732515096664,18.5431672632694,12.0313944816589,57.2444606721401,79.0716691017151,36.1195381581783,85.0133424699306,75.4869332313538,0.366536170244217,115.342907965183,13.1576381623745,223.296227395535,15.4566568434238,65.5444312691689,23.9079809188843,122.095359116793,104.983246326447,27.0481477975845,7.52777719497681,17.5016494989395,9.42278170585632,2.03232797980309,12.031941652298,6.206916898489,6.5600673854351,0,0,0,5.38089048862457,3.92475080490112,0,0,0.593735694885254,0,0,0,0,0,1.07060658931732,4.90724718570709,0,0,0,0,0,0,0,0,1.11530089378357,2.47375065088272,0,1.91842132806778,1.20736235380173,10.383277118206,2.01234674453735,0,0,0.930812120437622,0,0,3.58413344621658,3.19658935070038,29.296366751194
0,0,0,0,0,98.9628131687641,0.778446078300476,4.81248074769974,0,6.08962959051132,0,135.189028382301,0,0,11.5308493971825,0.579410135746002,0,0,0,0,4.4663057923317,0,3.94771254062653,1.03933030366898,0,0,3.10654133558273,3.79141050577164,1.03068840503693,6.57619088888168,0,0,0.766517102718353,15.4566568434238,5254.57510146499,76.634287327528,27.2159448266029,26.6283755898476,61.0270792245865,6.99054205417633,4.92162635922432,0,15.3235577940941,2.47214472293854,3.17082267999649,22.4395036101341,1.37528473138809,0,0,0,0,0,0,0,7.90657722949982,0,0,0,0,1.27601611614227,34.3970665633678,0,0,0,0,0,0,0,0,0,0,0,0,0,0,0,0,0,0,0,0,0,0.891359448432922,1852.65693604946,759.085718691349
0,2.18635535240173,63.1971797347069,3.56526070833206,18.3536941409111,54.4019757807255,85.8185431957245,49.1958499550819,55.3587453663349,77.8233037889004,8.6923850774765,20.2678309679031,3.68269431591034,14.4861166775227,3.80222481489182,18.4874377250671,15.5293694138527,7.05023866891861,10.6500075757504,10.1674732267857,138.966999053955,1.60090172290802,260.332914680243,54.2791284024715,0.242213606834412,65.2768150269985,214.908835709095,103.877181112766,25.3298934698105,96.1410502791405,0,21.7943615615368,0.102035626769066,65.5444312691689,76.634287327528,121.402305841446,493.322487175465,90.6132718026638,84.2462964653969,92.8826741874218,36.7130962014198,6.75848245620728,20.2690367698669,1.15283071994781,6.07760119438171,3.17313918471336,0,0,3.0613352060318,1.36703979969025,4.55529725551605,4.89879995584488,0.916693270206451,0,1.70409607887268,7.38568979501724,0,23.7436468601227,0,3.13946110010147,0.885745793581009,0,0,0,18.5933251976967,1.34122467041016,0,0,0,4.4797774553299,5.07046318054199,4.00313225388527,63.1508618891239,0,1.95541071891785,18.8025398850441,35.2472295761108,0,5.00729423761368,0,0,1.56678199768066,0,7.48799352347851,73.0687022209167
0.891808927059174,6.69859707355499,35.4704774618149,0,1.21296384930611,1.5133969783783,2.76553761959076,6.59194284677505,2.53877478837967,0,47.1218496263027,0,10.6965272724628,3.96223908662796,0,16.941975235939,12.768760830164,41.1172050833702,20.1126945018768,0,21.8284233808517,2.72552064061165,131.918279320002,0.974517345428467,7.61266577243805,158.125849753618,172.048940598965,1.37761580944061,8.83014196157455,4.50971764326096,14.7895424365997,0.463820099830627,0,23.9079809188843,27.2159448266029,493.322487175465,54.1417441368103,71.8921545743942,200.71242326498,4.06129670143127,0,4.62215977907181,1.87083166837692,13.3672186732292,1.61211961507797,5.14541459083557,0,0,0.791659653186798,0,6.60197424888611,3.58604979515076,0,0,0,0,0,0,0,0,0,2.00010907649994,0,0,7.07560035586357,0.0703466460108757,0,0,0,1.17691683769226,0.960180759429932,5.70817533135414,4.28235858678818,2.84622049331665,13.6638749837875,61.1658806800842,0.756952524185181,0,0,0.0759053379297256,0,0,1.56954501569271,4.2659660577774,111.987441897392
2.72009950876236,4.27999320626259,61.1931525468826,3.12040138244629,7.93028742074966,7.89326679706573,37.1179816126823,21.9845589995384,8.75937688350677,33.7193683385849,65.8816368877888,4.30722224712372,6.77790749073029,16.0454203784466,0,8.33914688229561,39.9282798171043,53.6523613631725,39.6266465783119,1.92396378517151,79.6918750703335,1.8396869301796,248.697114288807,23.6143521666527,1.04373499751091,121.140226393938,179.734008491039,40.8888510763645,38.0508219301701,53.8818872272968,1.33234007656574,22.035204231739,0.09615408629179,122.095359116793,26.6283755898476,90.6132718026638,71.8921545743942,114.734126448631,78.8885295987129,16.1381567418575,2.594746530056,7.02649229764938,4.16466903686523,4.89452344179153,8.45763009786606,3.62181642651558,2.32685476541519,0,1.8279345035553,0,5.35691457986832,5.16142857074738,0,0,0,0,1.61331281065941,2.63642248511314,0,1.92429661750793,0,1.23996335268021,0,0,8.82112964987755,0,0,0,0,0,0,3.87166637182236,1.80822277069092,2.30903172492981,6.94753038883209,30.9640138149261,0,0,0,0.0520268268883228,1.63461267948151,0,2.05919873714447,1.10015690326691,75.4690428972244
0.390189081430435,1.368646889925,42.6765730082989,0,0,3.95856940746307,5.38430815935135,5.8164969086647,0,3.00532591342926,8.9044007062912,1.74614262580872,0.656086981296539,2.92137348651886,0,13.6836362481117,24.6348468065262,13.207604855299,5.87112733721733,1.1543200314045,43.7336143255234,1.29043233394623,185.889539718628,0.404635801911354,0,41.9665212929249,181.564268380404,15.5437903404236,5.89550048112869,10.7912439107895,0,4.61228650808334,1.13518929481506,104.983246326447,61.0270792245865,84.2462964653969,200.71242326498,78.8885295987129,25.9494798183441,26.4496427774429,18.6439783573151,5.05868023633957,2.3230407834053,1.83413225412369,9.84357523918152,4.66983765363693,0,0,1.14785522222519,0,0,1.12147688865662,0,0,0,0,1.53682386875153,1.87559366226196,0,0.0509551912546158,0,0,0,0,0.939096808433533,0,0,0,0,0,3.18606162071228,5.36398509144783,0.436294943094254,0,0.744612038135529,17.6558244824409,0,0,0,0,0,0,3.24501425027847,52.7071589827538,443.990485668182
0.622169613838196,1.06314420700073,0,15.9286554157734,103.820743024349,72.8491237461567,16.3453746140003,19.1235091090202,19.6048033833504,22.5340401828289,1.13094440102577,18.6887169182301,3.71199476718903,4.31712085008621,22.0981838405132,0.851007878780365,0,0,0,7.30312687158585,4.93783295154572,0,5.57027214765549,16.6904696822166,0,0,2.31093764305115,16.9975828528404,14.0864422917366,5.55783569812775,0,6.95193389058113,1.06973946094513,27.0481477975845,6.99054205417633,92.8826741874218,4.06129670143127,16.1381567418575,26.4496427774429,57.2388290762901,34.9667413830757,3.03869476914406,0.912973821163177,0,0,0,5.22666484117508,0.912906348705292,0.387203007936478,0,0,0,6.08809626102448,0,0,5.71370983123779,0,0,19.5940400362015,12.8526464700699,8.45679605007172,0,0,1.84797286987305,0,0,0,0,4.46060919761658,0,0,0,15.5271464586258,0,0,0,27.8269553184509,0,0,0,0,0,0,0,3.19474101066589
0,0,0,1.04483199119568,61.4005126357079,0.385205626487732,3.19713580608368,0.970088839530945,0,1.67180693149567,0,3.3302286863327,0,0,2.74730837345123,0,0,0,0,0,0.622888147830963,0,1.36992383003235,0.320385754108429,0,0,0,2.74340957403183,2.14503479003906,1.99637025594711,0,3.49313636124134,0,7.52777719497681,4.92162635922432,36.7130962014198,0,2.594746530056,18.6439783573151,34.9667413830757,3.23058414459229,0,0,0,0,0,0,0,0,0,0,0,0,0,0,0,0,0,0,0,0,0,0,0,0,0,0,0,0,0,0,0,0,0,0,0,0,0,0,0,0,0,0,0,14.4960854053497
0,0,0,0,0,1.67064738273621,0,0.511906445026398,0,0,9.10044074058533,1.63804399967194,5.91076812148094,1.81927382946014,0,0,0,2.16323000192642,0,0,0,0,0,0,2.9719260931015,0,0.513017117977142,1.7360200881958,3.30432093143463,0,0,5.28098797798157,0,17.5016494989395,0,6.75848245620728,4.62215977907181,7.02649229764938,5.05868023633957,3.03869476914406,0,0,0,4.6754242181778,6.91888129711151,2.42091631889343,3.26143527030945,0,0.186697751283646,0,0,0,0,0,0.976048231124878,0,0,0,0,0.932940781116486,0,1.30591559410095,0,0,1.61053967475891,0,0,0,0,0,0,0,1.87212181091309,1.6601197719574,0,0,0,0.297766387462616,0,0.843879640102386,2.13902360200882,0,3.16465735435486,0,0
0,1.94793349504471,4.02401223778725,0.975427567958832,0,0,5.93713903427124,0,3.21062451601028,0,0,1.4729380607605,0,0,0,11.1137791872025,0.0680416934192181,0,0,1.42844814062119,8.21923130750656,0.669375121593475,4.4829860329628,53.672326862812,0,0,21.4753872156143,21.9907459020615,0,2.44330853223801,0,0.534874141216278,0,9.42278170585632,15.3235577940941,20.2690367698669,1.87083166837692,4.16466903686523,2.3230407834053,0.912973821163177,0,0,117.849230349064,435.251322448254,69.4054988026619,56.4894948005676,116.378420054913,8.79934048652649,5.95481884479523,4.98206734657288,5.8858180642128,48.6442744731903,6.47744959592819,1.47900426387787,28.1063887178898,94.2144818902016,53.8797560334206,21.0087205767632,35.1685674190521,56.7939562797546,45.9058173298836,0,80.9908506274223,4.20717492699623,40.2994810938835,20.0228481888771,12.5051210522652,23.641224950552,14.0532196462154,82.9282280802727,2.53821349143982,254.045852780342,62.8766679763794,0,60.9107212424278,270.861860305071,194.165941655636,33.7576089501381,83.058141708374,0,27.5837887525558,0,41.6334399580956,100.202416658401,67.6481041908264
0,3.32074925303459,2.61810106039047,0,0,0,0,0,0,0,14.0714930593967,0,21.7860125899315,0,0,6.71111753582954,0,0.308964520692825,0.478374183177948,0,0.835912048816681,3.83094751834869,7.78633454442024,1.32314211130142,7.48003149032593,16.5831237733364,53.7200510799885,0,0.69720584154129,0,2.43989276885986,0,0,2.03232797980309,2.47214472293854,1.15283071994781,13.3672186732292,4.89452344179153,1.83413225412369,0,0,4.6754242181778,435.251322448254,92.2709995508194,61.801888436079,149.87915623188,3.35576522350311,0,9.83565270900726,0,2.03116965293884,16.5443494319916,0,0,0,14.556436419487,6.37794744968414,1.1040666103363,0,51.8329268395901,0,25.8786011636257,4.81218492984772,0,13.0910184383392,15.0993575751781,38.6033525168896,31.845149576664,0,24.4543014168739,1.78255569934845,128.751273751259,5.17333340644836,5.13498005270958,141.907742768526,102.094252556562,8.73005747795105,0.166309922933578,7.76011314988136,17.8827438056469,2.5172084569931,0.806621491909027,10.3326210081577,18.4266301989555,74.6848721504211
0,3.73366141319275,1.96285778284073,0,0,1.91463005542755,0,2.35301268100739,0.0419619381427765,0,0.0684308260679245,0,0.135215908288956,0,0,2.94283580780029,0,0,0,0,0,0,4.30399194359779,7.14525079727173,0.737336397171021,2.63715362548828,21.9307239949703,0,1.31282293796539,0,0,0,0,12.031941652298,3.17082267999649,6.07760119438171,1.61211961507797,8.45763009786606,9.84357523918152,0,0,6.91888129711151,69.4054988026619,61.801888436079,65.6714152991772,66.6998801827431,6.55132573843002,4.64916962385178,17.339399933815,1.97248512506485,5.31535851955414,42.3488180041313,3.65213984251022,0,4.70185738801956,68.2098159492016,22.6572879850864,1.05029428005219,19.5343337953091,98.0597513318062,17.2954552471638,10.6966392099857,38.5313230454922,3.40662431716919,12.0339250564575,28.8644145727158,79.0402446091175,41.6244453191757,4.45967501401901,92.2212606668472,2.20508354902267,205.003023803234,18.2765485942364,6.31101176142693,68.0992589592934,146.379957199097,125.41378685832,37.5726986527443,40.7553535997868,17.2272855341434,21.8584794998169,4.30409353971481,87.0704928338528,20.6685989797115,46.8538762927055
0,1.0414172410965,2.25696539878845,0,0,1.35354915261269,0,0.889190196990967,0.0958425924181938,0,0,0,1.51649606227875,0,0,0,3.03910326957703,0,0,0,0,0,3.69793829321861,1.07179307937622,0,1.08215224742889,19.9168574810028,0,1.22885429859161,0,0,0.680365264415741,0,6.206916898489,22.4395036101341,3.17313918471336,5.14541459083557,3.62181642651558,4.66983765363693,0,0,2.42091631889343,56.4894948005676,149.87915623188,66.6998801827431,35.828539788723,68.3716307282448,34.2879850268364,1.47846686840057,0,2.0259782075882,39.0077205300331,0,0,5.50694394111633,22.7978788912296,2.89715671539307,1.6403141617775,1.32070344686508,79.6665734052658,0.992805898189545,0.0270628873258829,12.5315333008766,0.630711436271667,16.4819381833076,31.7533547282219,21.4733279943466,21.9766311645508,0.706193923950195,44.5913159549236,1.52433335781097,265.229342073202,6.3864834010601,4.16395282745361,42.8531486093998,184.325954914093,54.6917881071568,3.50078117847443,10.2355107665062,6.3749783039093,5.57161724567413,1.50553047657013,10.7117690742016,73.2880910634995,489.007775306702
0,0,0,5.22300976514816,2.39886164665222,1.74520707130432,0,0,14.1320618391037,23.5957752466202,0,6.4795458316803,4.47608804702759,0,0,0,0,0,0,6.24711245298386,0,0,0,0,0,0,0,0,0,0,0,0,0,6.5600673854351,1.37528473138809,0,0,2.32685476541519,0,5.22666484117508,0,3.26143527030945,116.378420054913,3.35576522350311,6.55132573843002,68.3716307282448,45.1595230698586,7.39948093891144,7.39357417821884,0.664147913455963,0,0,14.1461406350136,115.613004744053,52.1151356995106,21.5822350680828,19.9313245713711,14.7052648067474,11.8831478953362,29.9848968088627,48.0500878989697,2.57032734155655,9.96106159687042,26.0517612695694,0,0,0,0,8.47604781389236,2.31085085868835,0.688971906900406,0.991064369678497,24.2870179116726,0,0,0.799391329288483,48.8380114138126,2.27323132753372,2.29187253117561,0,6.27572283148766,0,3.39953410625458,4.89560008049011,4.24898582696915
0,0,0,0,0,0,0,0,0,0,0,0,0,0,0,0,0,0,0,0,0,0,0,0,0,0,0,0,0,0,0,0,0,0,0,0,0,0,0,0.912906348705292,0,0,8.79934048652649,0,4.64916962385178,34.2879850268364,7.39948093891144,0,0,0,0,0,0,8.12595111131668,0,4.34090238809586,0,0,0.611191809177399,12.5977971553802,0,0,1.92179501056671,0,0,0,0,0,0.905231773853302,0,0,0,0,0,0,0,3.9577539563179,1.26101872324944,2.00718522071838,0,2.44197797775269,0,8.01988077163696,14.372241973877,6.89280164241791
0,0,0,0,0,1.36739861965179,0,0.497015178203583,0,0,3.54313987493515,0,4.08088532090187,0,0,0,0,0,0,0,0,0,0,0,2.66846743226051,0.117295727133751,0,0,0,0,0,0.77174437046051,0,0,0,3.0613352060318,0.791659653186798,1.8279345035553,1.14785522222519,0.387203007936478,0,0.186697751283646,5.95481884479523,9.83565270900726,17.339399933815,1.47846686840057,7.39357417821884,0,5.92094111442566,0,2.45438432693481,0,0,0,0,0,1.65150928497314,0.039039621129632,0,7.39388787746429,0,9.92875742912292,0,0,0,0,0,0,3.8501877784729,0.308866918087006,1.62280213832855,0,1.50390923023224,15.3620530962944,2.30479049682617,2.98027992248535,0.904757916927338,1.77826929092407,0,0.691388428211212,1.89588391780853,0,7.93028211593628,0,0
0,0,0,0,0,0,0,0,0,0,0,0,0,0,0,0,0,0,0,0,0,0,0,0,0,0,0,1.78347611427307,0,0,0,0,0,0,0,1.36703979969025,0,0,0,0,0,0,4.98206734657288,0,1.97248512506485,0,0.664147913455963,0,0,107.364962041378,0,1.65935218334198,0,0,0,19.6682352423668,9.81908756494522,0.119330607354641,0,2.16758441925049,0,0,123.83504524827,0,0,3.36111617088318,0,0,0,2.61406517028809,0,10.3823996782303,0,0,5.39107477664948,1.7899317741394,1.88157659769058,68.0326211154461,49.9812073707581,0,0,1.68596589565277,1.29986917972565,0,0.267491370439529
0,39.3915121555328,2.66896951198578,0,0,0,0,0,0.822719216346741,0,0,0,9.46305245161057,0,0,3.25658744573593,1.52624201774597,0,0,0,0,18.4318071007729,1.46513187885284,0,2.69165408611298,3.36958682537079,101.426478356123,0,0,0,4.47221398353577,0,0,5.38089048862457,0,4.55529725551605,6.60197424888611,5.35691457986832,0,0,0,0,5.8858180642128,2.03116965293884,5.31535851955414,2.0259782075882,0,0,2.45438432693481,0,35.5834475159645,0,0,0,0,0,0,29.9837857484818,0,0,0,8.27288401126862,1.78106343746185,0,32.1161007583141,3.71877032518387,0,0.0482823625206947,0,0,48.6740444302559,3.53919970989227,21.6781340837479,21.1320527791977,2.77097070217133,248.388849467039,0.748785436153412,0,0,1.08918678760529,0,0,9.41386586427689,0,0
0,2.61787375807762,8.38319170475006,0,0,0,0,0,0,0,0,0,0,0,0,1.38039371371269,3.3195828795433,0,0,0,0.562561988830566,0,8.96483613550663,0,0,3.12630087137222,57.3538401126862,0,0,0,0,0,0,3.92475080490112,0,4.89879995584488,3.58604979515076,5.16142857074738,1.12147688865662,0,0,0,48.6442744731903,16.5443494319916,42.3488180041313,39.0077205300331,0,0,0,1.65935218334198,0,346.268329262733,0,0,0,81.3262262046337,3.73134279251099,0,3.06464260816574,1.35194087028503,0,0,17.497340798378,0,0.388310760259628,121.229250758886,0,10.8353618085384,0,12.9665437042713,0,369.687791407108,0.234328702092171,0,192.892167657614,357.865498244762,19.7655231952667,3.60420322418213,4.51077771186829,0,0,0.867232918739319,5.86366564035416,0,2.18025422096252
0,0,0,0,0,0,0,0,9.72511860728264,0,0,2.42751795053482,0,0,0,0,0,0,0,2.571617603302,0,0,0,5.82564133405685,0,0,0,0,0,0,0,0,0,0,0,0.916693270206451,0,0,0,6.08809626102448,0,0,6.47744959592819,0,3.65213984251022,0,14.1461406350136,0,0,0,0,0,258.560423135757,0,3.41445711255074,2.14308309555054,7.33197623491287,17.3246580958366,66.3908404707909,0,70.5115682184696,0,5.84534919261932,3.79050680994987,0,0,0,0,115.142125427723,0,0,0,45.144192636013,0,0,0.213158324360847,101.63106033206,2.683325111866,0,0,0,0,1.07024657726288,0,0.334104835987091
0,0,0,0,0,0,0,0,0,0,0,0,0,0,0,0,0,0,0,0,0,0,0,0,0,0,0,0,0,0,0,0,0,0,0,0,0,0,0,0,0,0,1.47900426387787,0,0,0,115.613004744053,8.12595111131668,0,0,0,0,0,28.9711548089981,2.83206626772881,0,1.92645508050919,4.777996301651,0,0,0.660479456186295,0,0,67.7218237519264,0,0,0,0,0,0,0,0,0,0,0,0,0,0,0,0,8.80352199077606,0,66.5739988684654,0,0.173772625625134
0,0,0,0,0,0,0,0,0,0,0,0,0,0,0,0,0,0,0,0,0,0,0,3.89640378952026,0,0,0,0,0,0,0,0,0,0.593735694885254,7.90657722949982,1.70409607887268,0,0,0,0,0,0.976048231124878,28.1063887178898,0,4.70185738801956,5.50694394111633,52.1151356995106,0,0,0,0,0,3.41445711255074,2.83206626772881,429.034887641668,15.2593670487404,249.738999098539,0,241.868816226721,1.90439224243164,98.4669927954674,0,24.5610678195953,26.3855401277542,0,0,0,0,6.31786078214645,0,0,0,2.17318308353424,0,0,0,53.2000562250614,5.99107909202576,0,0,5.65715435147285,0,20.5100300908089,53.3100271821022,2.38137859106064
0,0,0,0,0,0,0,0,7.04825714230537,0,0,0,0,0,0,0,0,0,0,0,0,1.55912911891937,0,41.623337328434,0,0,0,0,0,0,0,0,0,0,0,7.38568979501724,0,0,0,5.71370983123779,0,0,94.2144818902016,14.556436419487,68.2098159492016,22.7978788912296,21.5822350680828,4.34090238809586,0,19.6682352423668,0,81.3262262046337,2.14308309555054,0,15.2593670487404,1094.77974918485,98.3520695865154,6.35534536838531,263.915999054909,3.02271515130997,1.9317499101162,0,300.413416236639,1.03401947021484,3.91675269603729,13.1632639467716,0,2.15615040063858,1.52307987213135,30.4900966286659,0,129.215383440256,17.5516754388809,0,16.4574204981327,11.1256366074085,480.637098759413,59.5399079322815,360.723846822977,0,0,5.46015763282776,33.9307501018047,3.27889257669449,8.53447353839874
0,0,0,0,0,0,0,0,11.778080701828,0,0,0,0,0,0,0,0,0,0,0,0,0,0,0,0,0,0,0,0,0,0,0,0,0,0,0,0,1.61331281065941,1.53682386875153,0,0,0,53.8797560334206,6.37794744968414,22.6572879850864,2.89715671539307,19.9313245713711,0,1.65150928497314,9.81908756494522,0,3.73134279251099,7.33197623491287,1.92645508050919,249.738999098539,98.3520695865154,641.832902044058,8.62822353839874,143.861053913832,0.74359142780304,59.0350753366947,0,279.373339980841,1.22007837891579,0,0,0,0,19.805400967598,1.08720600605011,0,4.40844982862473,5.19890731573105,0,0,0,50.2110157907009,8.25120735168457,8.09572905302048,0,10.5200820863247,0,12.7780338525772,0.582792639732361,4.08935451507568
0,0.0404167361557484,0,5.89918997883797,0,1.45718252658844,5.74622565507889,0,48.6012718677521,61.401821821928,0,1.95091712474823,0,2.67612266540527,0.0143243540078402,0,0,0,0,2.45691514015198,0,9.82891446352005,0,41.3724483549595,0,0,0,36.0335330963135,0,0.0931252688169479,0,0,0,0,0,23.7436468601227,0,2.63642248511314,1.87559366226196,0,0,0,21.0087205767632,1.1040666103363,1.05029428005219,1.6403141617775,14.7052648067474,0,0.039039621129632,0.119330607354641,29.9837857484818,0,17.3246580958366,4.777996301651,0,6.35534536838531,8.62822353839874,56.5403278470039,15.4382873475552,3.2141854763031,9.57554110884666,0.275528103113174,3.36071109771729,1.33403667807579,0.690805852413177,0,0,0,7.76917749643326,0,76.1398668885231,0,217.826333254576,8.5746965110302,0,36.7126782387495,74.6059366762638,1.94079187512398,0,0,0,0,7.517498254776,0,2.99623548984528
0,0,0,0,0,0,0,0,25.8138807117939,0,0,2.47765898704529,0,0,0,0,0,0,0,0,0,0,0,10.2415299117565,0,0,0,0,0,0,0,0,0,0,0,0,0,0,0,19.5940400362015,0,0,35.1685674190521,0,19.5343337953091,1.32070344686508,11.8831478953362,0.611191809177399,0,0,0,3.06464260816574,66.3908404707909,0,241.868816226721,263.915999054909,143.861053913832,15.4382873475552,1063.22978371382,0,106.182964593172,0,92.1045170724392,0,0,0,0,0,65.4946061372757,0,0,0.535995304584503,18.8533027768135,0,0,0,213.680097699165,15.4679181873798,0,0,0,0,14.1200528740883,9.08039087057114,1.63228380680084
0,0,0,0,0,1.27059769630432,0,0,0,0,3.64372885227203,1.0140243768692,15.8397778868675,0,0,0,0,0,0,0,1.89093506336212,0,2.11006045341492,2.2441221177578,8.40951454639435,0.312095046043396,3.69744646549225,2.78450930118561,0,0,1.44166314601898,0,0,0,1.27601611614227,3.13946110010147,0,1.92429661750793,0.0509551912546158,12.8526464700699,0,0.932940781116486,56.7939562797546,51.8329268395901,98.0597513318062,79.6665734052658,29.9848968088627,12.5977971553802,7.39388787746429,2.16758441925049,0,1.35194087028503,0,0,1.90439224243164,3.02271515130997,0.74359142780304,3.2141854763031,0,448.206972509623,0.567027747631073,78.6996571719646,8.93772432208061,0,0.352759182453156,4.48374402523041,137.813993930817,20.0780273675919,5.26096415519714,4.55908554792404,1.78633689880371,4.22245061397552,3.93858373165131,13.620642721653,34.1558973491192,11.402173936367,14.1001052260399,16.1731849312782,1.68747490644455,13.3164370059967,19.5711695253849,0,168.722017526627,8.5330029129982,13.8389607071877
0,0,0,1.22046828269958,0.195512905716896,0.884108066558838,2.55994629859924,0,1.96233400702477,5.39739990234375,0,9.39800590276718,0,0,3.10592132806778,0,0,0,0,4.92985391616821,0,0,0,12.6662078499794,0,0,0,0,0,0,0,0,0,1.07060658931732,34.3970665633678,0.885745793581009,0,0,0,8.45679605007172,0,0,45.9058173298836,0,17.2954552471638,0.992805898189545,48.0500878989697,0,0,0,0,0,70.5115682184696,0.660479456186295,98.4669927954674,1.9317499101162,59.0350753366947,9.57554110884666,106.182964593172,0.567027747631073,510.18910908699,0,26.5644901394844,4.4339759349823,0,0,0,0,115.596142739058,0,0,0,8.35844087600708,0,0,0,23.2635072469711,12.9071531295776,0.0520246922969818,0,1.45505928993225,0,12.8071972131729,67.008780926466,4.43083280324936
0,4.1772632598877,0,0,0,0,0,0,0,0,46.6473548412323,0,141.66305065155,0,0,0,0,0,0,0,0,0.0896728187799454,0,0,31.1669744849205,25.0896657705307,12.6153166890144,0,0,0,29.5716069638729,0,0,4.90724718570709,0,0,2.00010907649994,1.23996335268021,0,0,0,1.30591559410095,0,25.8786011636257,10.6966392099857,0.0270628873258829,2.57032734155655,0,9.92875742912292,0,8.27288401126862,0,0,0,0,0,0,0.275528103113174,0,78.6996571719646,0,176.964766979218,0.0471247136592865,0,0,0,3.12521725893021,1.00715681910515,0,0,0,0,0,85.7545908689499,3.63076484203339,41.8381226956844,0,1.70690274238586,0,18.8429915010929,1.05881625413895,0,20.1062903702259,0,0
0,0,0,0,0,0,0,0,0,0,0,0,0,0,0,0,0,0,0,0,0,0,0,0,0,0,0,0,0,0,0,0,0,0,0,0,0,0,0,0,0,0,80.9908506274223,4.81218492984772,38.5313230454922,12.5315333008766,9.96106159687042,1.92179501056671,0,123.83504524827,1.78106343746185,17.497340798378,5.84534919261932,0,24.5610678195953,300.413416236639,279.373339980841,3.36071109771729,92.1045170724392,8.93772432208061,26.5644901394844,0.0471247136592865,587.064137637615,1.15344738960266,0.749539077281952,11.870908498764,4.28833848237991,2.29939353466034,11.4351745247841,5.25430929660797,0,54.5115494728088,13.7498489618301,0.0750031173229218,1.01468122005463,0,48.2996056675911,198.485911637545,121.852752864361,0.172619923949242,4.06085899472237,12.0564569234848,41.051221460104,0,1.88432848453522
0,0,0,0,0,0.137670814990997,0,0,0,0,0,0,0,0,0,0,0,0,0,0,0,0,0,0,0,0,0,0,0,0,0,0,0,0,0,0,0,0,0,1.84797286987305,0,0,4.20717492699623,0,3.40662431716919,0.630711436271667,26.0517612695694,0,0,0,0,0,3.79050680994987,67.7218237519264,26.3855401277542,1.03401947021484,1.22007837891579,1.33403667807579,0,0,4.4339759349823,0,1.15344738960266,32.7384393215179,0,0,0,0,1.36709499359131,0,0,0,6.13863317668438,0,0,0,1.02838778495789,0.897717177867889,0,0,0,0,0,0,0
0,1.32373368740082,1.82521969079971,0,0,0,0,0,2.76600301265717,0,0,0,0,0,0,121.023265987635,0,0,0,0,31.3637950718403,32.3907037377357,43.7996565401554,40.683696180582,0,0,45.2908467948437,8.65483137965202,0,9.34994751214981,0,0,0,0,0,18.5933251976967,7.07560035586357,8.82112964987755,0.939096808433533,0,0,1.61053967475891,40.2994810938835,13.0910184383392,12.0339250564575,16.4819381833076,0,0,0,0,32.1161007583141,0.388310760259628,0,0,0,3.91675269603729,0,0.690805852413177,0,0.352759182453156,0,0,0.749539077281952,0,280.699171066284,0,0,0,0,63.9555213749409,101.611744403839,75.8665690720081,48.0791035294533,2.17598474025726,0,118.198208987713,18.0073176622391,3.21664902567863,4.64132887125015,0,0,0,4.73872762918472,0,4.3828861117363
0,2.94597053527832,0.267813265323639,0,0,0,0,0,0,0,0,0,0,0,0,0,1.72957521677017,0,0,0,0,0,0.0699414759874344,0,0,3.05090317130089,16.8018559217453,0,0,0,0,0,0,0,0,1.34122467041016,0.0703466460108757,0,0,0,0,0,20.0228481888771,15.0993575751781,28.8644145727158,31.7533547282219,0,0,0,3.36111617088318,3.71877032518387,121.229250758886,0,0,0,13.1632639467716,0,0,0,4.48374402523041,0,0,11.870908498764,0,0,152.962158977985,11.5032684206963,110.121628344059,0,13.4198539853096,0,182.199235886335,0,0,117.633778452873,79.79450070858,2.19624364376068,3.6261488199234,33.8277733922005,0,0,0,97.9247153401375,0,0
0,0,0,0,0,0,0,0,0,0,0,0,0,0,0,0,0,0,0,0,0,0,0,0,0,2.33650803565979,4.22870653867722,0,0,0,0,0,0,0,0,0,0,0,0,0,0,0,12.5051210522652,38.6033525168896,79.0402446091175,21.4733279943466,0,0,0,0,0,0,0,0,0,0,0,0,0,137.813993930817,0,3.12521725893021,4.28833848237991,0,0,11.5032684206963,100.959822833538,98.0832268595695,0,1.49936336278915,0,1.59595584869385,0,0.243345625698566,106.110545307398,6.04860830307007,0,5.87353152036667,0,0.205599024891853,4.21554154157639,0,38.0552159547806,0,1.30486306548119
0,1.07124328613281,0,0,0,0,0,0,0,0,0,0,0,0,0,0,0.0397676452994347,0,0,0,0,0,0,0,0,3.14571940898895,2.12170600891113,0,0,0,0,0,0,0,0,0,0,0,0,0,0,0,23.641224950552,31.845149576664,41.6244453191757,21.9766311645508,0,0,0,0,0.0482823625206947,10.8353618085384,0,0,0,2.15615040063858,0,0,0,20.0780273675919,0,1.00715681910515,2.29939353466034,0,0,110.121628344059,98.0832268595695,167.944282621145,0,3.01934599876404,0,22.9362536370754,0,0.200270995497704,115.66622838378,57.6145838499069,0,1.90883839130402,15.9935264587402,0,1.66109931468964,0,86.5499519705772,0,0.640506625175476
0,0,0,4.57788038253784,0,0,0,0,5.44369339942932,0,0,0,0,0,0,0,0,0,0,0,0,0,0,2.8757050037384,0,0,0,0,0,0,0,0,0,0,0,0,0,0,0,4.46060919761658,0,0,14.0532196462154,0,4.45967501401901,0.706193923950195,8.47604781389236,0.905231773853302,3.8501877784729,0,0,0,115.142125427723,0,6.31786078214645,1.52307987213135,19.805400967598,7.76917749643326,65.4946061372757,5.26096415519714,115.596142739058,0,11.4351745247841,1.36709499359131,0,0,0,0,46.2818128466606,0,0,0,3.51449146866798,0,0,0,17.0068212449551,4.43912544846535,0,0,0.804655611515045,0,11.9454897046089,0,0.335317343473434
0,0,0,0,0,0,0,0,0,0,0,0,0,0,0,19.5462764501572,0,0,0,0,11.0834500193596,1.12508976459503,11.9093370437622,11.0145066678524,0,0,1.17285376787186,0,0,0.415257215499878,0,0,0,0,0,4.4797774553299,1.17691683769226,0,0,0,0,0,82.9282280802727,24.4543014168739,92.2212606668472,44.5913159549236,2.31085085868835,0,0.308866918087006,2.61406517028809,0,12.9665437042713,0,0,0,30.4900966286659,1.08720600605011,0,0,4.55908554792404,0,0,5.25430929660797,0,63.9555213749409,13.4198539853096,1.49936336278915,3.01934599876404,0,669.141358792782,0.339506074786186,298.769474893808,6.63787350058556,0,1.4260795712471,10.1365756392479,206.797995090485,9.21925461292267,257.029237210751,0,0.26603576540947,3.14396446943283,101.204182058573,0.313031673431396,33.1282553076744
0,0,0,0,0,0,0,0,6.41739323735237,0,0,0,0.438905268907547,0,0,10.4931055307388,0.250963360071182,0,0,0,9.32049614191055,82.4920452833176,9.25391280651093,21.9038474261761,0,0,31.9032834768295,3.9872362613678,0,0,0,0,0,1.11530089378357,0,5.07046318054199,0.960180759429932,0,3.18606162071228,0,0,0,2.53821349143982,1.78255569934845,2.20508354902267,1.52433335781097,0.688971906900406,0,1.62280213832855,0,48.6740444302559,0,0,0,0,0,0,76.1398668885231,0,1.78633689880371,0,0,0,0,101.611744403839,0,0,0,0,0.339506074786186,114.653088986874,0,162.288396835327,7.02902352809906,0,87.0375974178314,1.01613759994507,0,0,0.631615698337555,0,0,0.642725229263306,0,0
0,1.69400635361671,10.6644422709942,0,0,0,0,0,0,0,0,0,0.646019279956818,0,0,102.503728181124,0.305138796567917,0,0,0,10.0533520877361,11.3645789921284,66.9951407313347,1.61927857995033,0,0,91.7170113921165,0,0,0,0,0,0,2.47375065088272,0,4.00313225388527,5.70817533135414,3.87166637182236,5.36398509144783,0,0,0,254.045852780342,128.751273751259,205.003023803234,265.229342073202,0.991064369678497,0,0,10.3823996782303,3.53919970989227,369.687791407108,0,0,0,129.215383440256,4.40844982862473,0,0.535995304584503,4.22245061397552,0,0,54.5115494728088,0,75.8665690720081,182.199235886335,1.59595584869385,22.9362536370754,0,298.769474893808,0,950.44960090518,22.4453766047955,0,48.7392030954361,236.823506891727,141.27636128664,13.4709396362305,121.398543059826,0,4.45554614067078,3.61159318685532,103.312311053276,0.102789409458637,44.5137311816216
0,1.59860646724701,0,7.17256289720535,1.51376760005951,0,20.216353058815,4.14327895641327,74.6163110136986,17.0146466493607,0,1.09797933697701,1.42819786071777,0,0,29.5154619216919,0,0,0,6.08528470993042,8.74120432138443,18.9155967533588,9.69910562038422,300.732831805944,0,0,0,78.3168294727802,3.42937958240509,0.335836976766586,0,0,1.73342871665955,0,0,63.1508618891239,4.28235858678818,1.80822277069092,0.436294943094254,15.5271464586258,0,1.87212181091309,62.8766679763794,5.17333340644836,18.2765485942364,6.3864834010601,24.2870179116726,0,1.50390923023224,0,21.6781340837479,0.234328702092171,45.144192636013,0,2.17318308353424,17.5516754388809,5.19890731573105,217.826333254576,18.8533027768135,3.93858373165131,8.35844087600708,0,13.7498489618301,6.13863317668438,48.0791035294533,0,0,0,3.51449146866798,6.63787350058556,162.288396835327,22.4453766047955,676.282234311104,1.29691517353058,0,33.8187533020973,200.675751149654,6.95014157891273,15.1498648226261,0,0,3.13849264383316,11.8165352940559,0,6.26786875724792
0,1.88715815544128,0,0,0,0,0,0,0,0,11.6899518370628,0,43.7432646155357,0,0,0,0,0,0,0,0,1.92329877614975,0,0,43.4198631048203,7.8594685792923,17.8375544846058,0,0,0,18.6144025921822,0,0,1.91842132806778,0,0,2.84622049331665,2.30903172492981,0,0,0,1.6601197719574,0,5.13498005270958,6.31101176142693,4.16395282745361,0,0,15.3620530962944,0,21.1320527791977,0,0,0,0,0,0,8.5746965110302,0,13.620642721653,0,85.7545908689499,0.0750031173229218,0,2.17598474025726,0,0.243345625698566,0.200270995497704,0,0,7.02902352809906,0,1.29691517353058,39.6845081150532,0.136839784681797,118.620103299618,0,0,0,10.9157630205154,0,0,6.8869594335556,0,0
0,12.1855450868607,3.61004501581192,0,0,0,0,0,0,0,5.71757292747498,0,7.16472285985947,0,0,0,5.59671264886856,0,1.00395202636719,0,0,0.151488170027733,0.0372516512870789,0,10.993450820446,196.282590806484,315.665013968945,0,0,0,32.4602267742157,0,0,1.20736235380173,0,1.95541071891785,13.6638749837875,6.94753038883209,0.744612038135529,0,0,0,60.9107212424278,141.907742768526,68.0992589592934,42.8531486093998,0,0,2.30479049682617,5.39107477664948,2.77097070217133,192.892167657614,0,0,0,16.4574204981327,0,0,0,34.1558973491192,0,3.63076484203339,1.01468122005463,0,0,117.633778452873,106.110545307398,115.66622838378,0,1.4260795712471,0,48.7392030954361,0,0.136839784681797,1114.55726778507,222.660751521587,1.15464597940445,3.38395082950592,19.0783615112305,11.4331169128418,1.62518262863159,0,24.2948940098286,0,0.986294239759445
0,72.5211023688316,77.6457334756851,0,0,0,0,0,0,0,3.26932013034821,0,29.8825303316116,0,0,45.5106121897697,28.0681738555431,3.23164892196655,2.75132250785828,0,0,36.2154510319233,81.9839657843113,2.76964688301086,19.1684069633484,227.920070707798,1012.81975260377,0,0,0,32.3333277702332,0,0,10.383277118206,0,18.8025398850441,61.1658806800842,30.9640138149261,17.6558244824409,0,0,0,270.861860305071,102.094252556562,146.379957199097,184.325954914093,0.799391329288483,0,2.98027992248535,1.7899317741394,248.388849467039,357.865498244762,0.213158324360847,0,0,11.1256366074085,0,36.7126782387495,0,11.402173936367,0,41.8381226956844,0,0,118.198208987713,79.79450070858,6.04860830307007,57.6145838499069,0,10.1365756392479,87.0375974178314,236.823506891727,33.8187533020973,118.620103299618,222.660751521587,1240.49530240893,21.9688097536564,0,2.06187868118286,14.8970762789249,1.58879339694977,1.02615821361542,47.2309308648109,0,8.12285557389259
0,0,0,0,0,0,2.810551404953,0,66.0326258838177,0,0,0.484350621700287,0.880066454410553,0,0,4.99962645769119,0,0,0,0,1.37285447120667,5.26982402801514,0.435718685388565,201.598145365715,0,0,0,25.2975772023201,0,0,0,0,0,2.01234674453735,0,35.2472295761108,0.756952524185181,0,0,27.8269553184509,0,0,194.165941655636,8.73005747795105,125.41378685832,54.6917881071568,48.8380114138126,3.9577539563179,0.904757916927338,1.88157659769058,0.748785436153412,19.7655231952667,101.63106033206,0,53.2000562250614,480.637098759413,50.2110157907009,74.6059366762638,213.680097699165,14.1001052260399,23.2635072469711,0,48.2996056675911,1.02838778495789,18.0073176622391,2.19624364376068,0,0,17.0068212449551,206.797995090485,1.01613759994507,141.27636128664,200.675751149654,0,1.15464597940445,21.9688097536564,993.609890252352,50.6941851079464,294.582740813494,0,0,15.6545238792896,62.0415677130222,1.34100300073624,19.1241818070412
0,0,0,0,0,0,0,0,0.87219625711441,0,0,0,0,0,0,1.07647120952606,0,0,0,0,0,0.788624107837677,0,0,0,0,0,0,0,0,0,0,0,0,0,0,0,0,0,0,0,0.297766387462616,33.7576089501381,0.166309922933578,37.5726986527443,3.50078117847443,2.27323132753372,1.26101872324944,1.77826929092407,68.0326211154461,0,3.60420322418213,2.683325111866,0,5.99107909202576,59.5399079322815,8.25120735168457,1.94079187512398,15.4679181873798,16.1731849312782,12.9071531295776,1.70690274238586,198.485911637545,0.897717177867889,3.21664902567863,3.6261488199234,5.87353152036667,1.90883839130402,4.43912544846535,9.21925461292267,0,13.4709396362305,6.95014157891273,0,3.38395082950592,0,50.6941851079464,655.163918018341,77.4941005110741,0.249134048819542,7.78013044595718,83.3869905173779,53.0260772109032,0.225508496165276,5.47113990783691
0,0,0,0,0,0,0,0,1.65691912174225,0,0,0,0,0,0,3.79636532068253,0,0,0,0,5.54608955979347,3.07440721988678,1.52714246511459,2.93614962697029,0,0,0,5.35110759735107,0,0,0,0,0,0,0,5.00729423761368,0,0,0,0,0,0,83.058141708374,7.76011314988136,40.7553535997868,10.2355107665062,2.29187253117561,2.00718522071838,0,49.9812073707581,0,4.51077771186829,0,0,0,360.723846822977,8.09572905302048,0,0,1.68747490644455,0.0520246922969818,0,121.852752864361,0,4.64132887125015,33.8277733922005,0,15.9935264587402,0,257.029237210751,0,121.398543059826,15.1498648226261,0,19.0783615112305,2.06187868118286,294.582740813494,77.4941005110741,604.472813457251,0,0.384641289710999,6.71430563926697,77.3729250431061,0,14.8707906007767
0,0,0,0,0,0,0,0,0,0,15.1172943115234,0,44.4482919573784,0,0,0,0,0,0,0,0,0,0,0,7.36077237129211,42.3148562312126,11.1968155801296,0,0,0,34.0531747937202,0,0,0.930812120437622,0,0,0.0759053379297256,0.0520268268883228,0,0,0,0.843879640102386,0,17.8827438056469,17.2272855341434,6.3749783039093,0,0,0.691388428211212,0,1.08918678760529,0,0,0,0,0,0,0,0,13.3164370059967,0,18.8429915010929,0.172619923949242,0,0,0,0.205599024891853,0,0,0,0.631615698337555,0,0,10.9157630205154,11.4331169128418,14.8970762789249,0,0.249134048819542,0,17.4266571700573,0,0,4.21642029285431,0,0
0,0,0,0,0,0,0,0,0,0,0,0,0,0,0,0,0,0,0,0,0,0,0,0,0,0,0,0,0,0,0,0,0,0,0,0,0,1.63461267948151,0,0,0,2.13902360200882,27.5837887525558,2.5172084569931,21.8584794998169,5.57161724567413,6.27572283148766,2.44197797775269,1.89588391780853,0,0,0,0,8.80352199077606,5.65715435147285,0,10.5200820863247,0,0,19.5711695253849,1.45505928993225,1.05881625413895,4.06085899472237,0,0,0,4.21554154157639,1.66109931468964,0.804655611515045,0.26603576540947,0,4.45554614067078,0,0,1.62518262863159,1.58879339694977,0,7.78013044595718,0.384641289710999,0,38.5588700771332,2.79085326194763,104.234641313553,0,8.90640872716904
0,0,0,0,0,0,0,0,4.55007171630859,0,0,0,0,0,0,1.6261248588562,0,0,0,0,1.95529389381409,0,0,13.3493294715881,0,0,0,0,0,0,0,0,0,0,0,1.56678199768066,0,0,0,0,0,0,0,0.806621491909027,4.30409353971481,1.50553047657013,0,0,0,1.68596589565277,0,0.867232918739319,0,0,0,5.46015763282776,0,0,0,0,0,0,12.0564569234848,0,0,0,0,0,0,3.14396446943283,0,3.61159318685532,3.13849264383316,0,0,1.02615821361542,15.6545238792896,83.3869905173779,6.71430563926697,0,2.79085326194763,26.3285446763039,5.53682827949524,1.06611359119415,0
0,0,0,0,0,0,0,0,0,0,0,0,2.5474693775177,2.87950241565704,0,0,0,0,0,0,0,0,0.585799336433411,5.2334657907486,1.61059457063675,0,1.70348143577576,2.55883312225342,0.442872822284698,0,0,0,0,3.58413344621658,0.891359448432922,0,1.56954501569271,2.05919873714447,3.24501425027847,0,0,3.16465735435486,41.6334399580956,10.3326210081577,87.0704928338528,10.7117690742016,3.39953410625458,8.01988077163696,7.93028211593628,1.29986917972565,9.41386586427689,5.86366564035416,1.07024657726288,66.5739988684654,20.5100300908089,33.9307501018047,12.7780338525772,7.517498254776,14.1200528740883,168.722017526627,12.8071972131729,20.1062903702259,41.051221460104,0,4.73872762918472,97.9247153401375,38.0552159547806,86.5499519705772,11.9454897046089,101.204182058573,0.642725229263306,103.312311053276,11.8165352940559,6.8869594335556,24.2948940098286,47.2309308648109,62.0415677130222,53.0260772109032,77.3729250431061,4.21642029285431,104.234641313553,5.53682827949524,232.808024048805,3.42747092247009,17.1058239340782
0,0,0,0,0,12.7178381085396,0,0,0,0,0,35.521318256855,0,0,2.96624821424484,0,0,0,0,0,0,0,0,0,0,0,0,0,0,0,0,0,0,3.19658935070038,1852.65693604946,7.48799352347851,4.2659660577774,1.10015690326691,52.7071589827538,0,0,0,100.202416658401,18.4266301989555,20.6685989797115,73.2880910634995,4.89560008049011,14.372241973877,0,0,0,0,0,0,53.3100271821022,3.27889257669449,0.582792639732361,0,9.08039087057114,8.5330029129982,67.008780926466,0,0,0,0,0,0,0,0,0.313031673431396,0,0.102789409458637,0,0,0,0,1.34100300073624,0.225508496165276,0,0,0,1.06611359119415,3.42747092247009,3922.12441512942,800.265962690115
0,0,4.01978945732117,0,1.54271304607391,9.13744789361954,4.34139275550842,2.90298426151276,11.9151172041893,6.01870846748352,1.91431093215942,7.63160717487335,0,0,1.19054460525513,4.92287504673004,3.68050187826157,0,0,0,50.8704306483269,1.92266070842743,61.5674448609352,3.46014854311943,0,5.62573337554932,18.3788489103317,13.0623374581337,11.3388116359711,34.2301553487778,0,2.54119953513145,0,29.296366751194,759.085718691349,73.0687022209167,111.987441897392,75.4690428972244,443.990485668182,3.19474101066589,14.4960854053497,0,67.6481041908264,74.6848721504211,46.8538762927055,489.007775306702,4.24898582696915,6.89280164241791,0,0.267491370439529,0,2.18025422096252,0.334104835987091,0.173772625625134,2.38137859106064,8.53447353839874,4.08935451507568,2.99623548984528,1.63228380680084,13.8389607071877,4.43083280324936,0,1.88432848453522,0,4.3828861117363,0,1.30486306548119,0.640506625175476,0.335317343473434,33.1282553076744,0,44.5137311816216,6.26786875724792,0,0.986294239759445,8.12285557389259,19.1241818070412,5.47113990783691,14.8707906007767,0,8.90640872716904,0,17.1058239340782,800.265962690115,82.9585279226303
