152.85548808503,0,2.38743382692337,0,0,1.05471587181091,91.9915153732787,7.74712476135508,0,0.879886388778687,0,8.0908654001448e-28,0,241.914975247357,0,0,0.394994735717773,0,0,0,4.28327190876007,0,24.6110744215548,1.25268721580505,0,0,0,4.00331258773804,29.2846758528467,83.5931280061963,0,0,0,1.41262745857239,0,0,0.849402785301208,3.0221551656723,0.783479630947113,0.545166194438934,0,0,0,0,0,0,0,0,0,0,0,0,0,0,0,0,0,0,0,0,0,0,0,0,0,0,0,0,0,0,0,0,0,0,0,0,0,0,0,0,0,0,0,0,0
0,75.6020396799309,0,0,0,0,0,0,23.2875561453402,0,7.27772578597069,0,7.99872010946274,0,0,11.4913821220398,0,0.790020108222961,0,0,1.17221820354462,39.5959957093322,5.98485137630764e-28,16.9737813323736,53.8340194403964,4.82619948871434,229.868010530488,0,1.12816691774937,0,0.566810548305511,0,1.52484452724457,7.21201647818089,0,2.3429696559906,7.34841255462255,4.20358462631702,1.47990503907204,0.988110065460205,0,0,1.78322345018387,2.37672033905984,3.68657767772675,0.649055123329163,0,0,0,0,46.9979871142302,2.45230764150622,0,0,0,0,0,0.0946754589676857,0,0,0,3.88382977247238,0,0,1.26453077793121,3.18646788597107,0,1.04102230072021,0,0,0,1.72349810600281,1.62876927852631,1.70484763383865,10.0635909847915,74.0201253793543,0,0,0,0,0,0,0,0,0
2.38743382692337,0,479.877241831119,0,0,0,32.705781035151,15.0938221216202,0,0,0,0,0,22.6712137080891,0,3.40078070142514e-14,170.534993154863,2.11035287380219,11.6163785755634,0,10.1711315885186,1.76138424873352,427.82957319722,2.330093562603,0,141.934398770597,403.633775712499,5.46136324107647,5.7605934664607,0.272196520232683,0,0,0,23.0958196353341,0,60.1565883383477,37.5006430149078,60.0418953634865,40.1487121338159,0,0,0,4.63187348842656,2.19680252671242,1.76420903205872,2.54933589696884,0,0,0,0,2.28020703792572,9.52748659625649,0,0,0,0,0,0,0,0,0,0,0,0,1.99401721358299,0.567729592323303,0,0,0,0,0,13.4829714662192,0,0,3.77600640058517,77.584890455398,0,0,0,0,0,0,0,0,3.82427069544792
0,0,0,262.287319992813,3.91012507677078,1.68537568300962,0,2.46353197097778,21.9509084671738,92.529478848009,0,59.7722974270582,0,0,17.0440716296434,0,0,0,0,86.8661200478673,0,0,0,39.6785483956337,0,0,0,43.6172147096778,0.716826975345612,0,0,0,0,2.25424909591675,0,4.09403601288795,0,3.42049908638,0,17.0494227185845,1.18193030357361,0,0.77812397480011,0,0,0,5.23939788341522,0,0,0,0,0,0,0,0,0,0,6.81139399111271,0,0,1.25755298137665,0,0,0,0,0,0,0,3.54388844966888,0,0,0,7.72820994257927,0,0,0,0,0,0,0,0,0,0,0,0
0,0,0,3.91012507677078,81.1994537878782,57.4566258508525,2.85443818569183,2.9283431768614,1.48578959460885e-31,1.4355790168047,0,11.7986127112235,0,0,47.9541774615645,0,0,0,0,1.53356501468069,0,0,0,5.92934328693114,0,0,0,1.8560556769371,0,0,0,13.2152155637741,0,49.120254154057,0,15.4226326243165,1.42239502072334,7.5236656665802,0,105.910872540264,72.2758169421156,0,0,0,0,0,2.7124969959259,0,0,0,0,0,0,0,0,0,0,0,0,0,0.0895088464021683,0,0,0,0,0,0,0,0,0,0,0,1.50693511962891,0,0,0,0,0,0,0,0,0,0,0,0.597445789724588
1.05471587181091,0,0,1.68537568300962,57.4566258508525,683.250922402289,35.4396408671551,229.466401846742,5.38601863384247,197.91720416261,2.06480073928833,74.1115037202835,0,26.7184253036976,50.2771284338142,0,0,0,0,8.66761799156666,0,0,0,4.71798142790794,0,0,0,20.2325784959057,4.63376673567109,0,0,6.69855889864997,0,26.1035321950912,112.545067815117,56.2506854872451,1.32648324966431,7.69029057025909,3.87788200437719,72.0442415701303,0.456158518791199,1.25066339969635,0,0,1.18994224071503,1.38566255569458,1.99908500909805,0,1.77058863639832,0,0,0,0,0,0,0,0,1.22156405448914,0,1.03528487682343,0.7420414686203,0,0,9.83028031553524e-20,0,0,0,0,0,0,0,0,0,0,0,0,0,0,0,0,0,0,0,12.2522959113121,9.05484622716904
91.9915153732787,0,32.705781035151,0,2.85443818569183,35.4396408671551,965.874439992623,162.600209344448,8.4038450345397,279.917956279195,0,2.54604983329773,0,315.739184921348,1.55586857112408e-31,0.149241596460342,0,0,0,0,19.9438113123178,0,36.4958629719919,32.9134438112378,0,0,11.8010548055172,571.425728601432,52.9601826705039,237.920758105511,0,0,0.917560577392578,28.1809154148141,1.05025315284729,84.7987968142248,3.065669298172,35.9738281597674,5.17588436603546,16.1855025888499,3.38643717765808,0,6.22731161117554,0,0,0,0,0,0,0,0,0,0,0,0,0,0,5.86348995566368,0,0,2.98539304733276,0,0,0,0,0,0,0,0,0,0,0,21.5081489086151,0,0,0,2.61228203773499,0,0,0,0,0,0,0,4.7262065410614
7.74712476135508,0,15.0938221216202,2.46353197097778,2.9283431768614,229.466401846742,162.600209344448,842.447671829896,17.6760633587837,149.425517216756,1.19821941852571,25.9420571215576,0,405.697540675615,0.817088574171067,0,0.469600081443787,0,0,18.583471367049,7.36838800336716,0,61.1180485580117,1.89248524607862,0,0.504776060581207,0,39.9234396071276,20.502852444686,44.2679108381312,0,6.94211205095053,0,13.6448623091428,5.08575338125229,48.8109394386411,6.58832669258118,21.7619399382411,6.91528618335724,20.3666804656386,1.57140731811523,0.654871642589569,0,0,2.63316297531128,1.00414168834686,0,0,0.271889567375183,0,0,0,0,0,0,0,0,0,0,0,0,0,0,0,0,0,0,0,0,0,0,0,3.98486584424973,0,0,0,0,0,0,0,0,0,0,0,3.45053400099277
0,23.2875561453402,0,21.9509084671738,1.48578959460885e-31,5.38601863384247,8.4038450345397,17.6760633587837,46.4376921518127,53.2574284821749,0.0226588640362024,5.79290419816971,0.891771666705608,4.17419010400772,3.66073865344515,1.6368590220809,0,0,0,7.47676236927509,0,98.177124610608,0,288.643932059839,17.5772709411416,1.92020297050476,53.0146309947595,68.5876095116821,21.8413531109691,0,0,0,1.44419991970062,7.04270023107529,0,56.9103379100561,3.36979595571756,9.60174854099751,0,20.2288075089455,0,0,4.06236183643341,0,9.07231352201471e-28,4.68327711037343e-22,14.1441451013088,0,0,0,1.6063973903656,0,10.4621849060059,0,0,7.61344627290964,11.8651820421219,66.3427327091667,26.5963613316417,0,2.52841919660568,0,0,0,2.50916230678558,0,0,0,5.25400705635548,0,14.7863308191299,0,80.0957424342632,0,0,0,64.459307089448,0.708353579044342,1.73940408229828,0,0,4.27601659297943,0,0,13.7286894917488
0.879886388778687,0,0,92.529478848009,1.4355790168047,197.91720416261,279.917956279195,149.425517216756,53.2574284821749,1633.58056885115,0.882068634033203,67.539030071348,0,91.9421832588559,6.40841391682625,0,0,0,0,59.3679286316037,0.778786063194275,0,0,31.9365376830101,0,0,0,98.7370085019378,34.3969277208772,4.08351481004941e-24,0,0,0.81292062997818,27.2885840469088,9.71955341100693,74.7239207837233,0,34.3138874322176,3.26127207279205,24.1160695254803,1.49986729025841,0,0,0,0,0,24.246636390686,0,0,0,0,0,0,0,0,0,0,65.0181617619616,0,0,5.07599544525146,0,0,0,0,0,0,0,0,0,0,0,19.654841542244,0,0,0,0,0,0,0,0,0,0,0,6.49639439582825
0,7.27772578597069,0,0,0,2.06480073928833,0,1.19821941852571,0.0226588640362024,0.882068634033203,662.205149382791,0,83.7591914413497,2.69293737411499,0,0,6.54524677991867,123.198089807699,17.0001754164696,0,0,2.70054881004565e-22,6.97604246504419e-13,0,8.61199833452702,51.2403344530615,11.4184209033847,0,30.2047814577839,0,9.76726381480694,7.08935058116913,0,153.207513347155,0,9.5545253008604,42.2055108500655,68.513188299445,6.7902195304726,0.88054284453392,0,10.231707945466,0,12.3890592344175,0.401027828454971,0,0,0,4.82843697816133,0,0,0,0,0,0,0,0,0,0,3.04875036889953,0,46.0054600983858,0,0,0,0,0,0,0,0,0,0,0,12.9679383039474,5.71582114696503,3.76136183738708,0,0,0,15.4667961597443,0,0,0,0,1.84690260887146
8.0908654001448e-28,0,0,59.7722974270582,11.7986127112235,74.1115037202835,2.54604983329773,25.9420571215576,5.79290419816971,67.539030071348,0,484.111449207943,0,4.64614710956812,34.6091221015151,0,0,0,0,143.042367528699,0,0,0,5.87199807167053,0,0,0,10.2649303372091,5.19253861904144,0,0,1.76970031857491,0,10.0401509851217,159.700479995524,20.7197648361325,0,4.11537471413612,1.63904106616974,16.6667008623481,3.40671026706696,1.47315633296967,1.31580603122711,0,0,0,6.14584884047508,0,0,0,0,0,2.54559063911438,0,0,0,0,1.5739706158638,2.74133586883545,1.13391172885895,9.87672346833809,0,0,0,0,0,0,0,0,0,0,0,0.682774126530293,0,0,0,0.437668055295944,0,0,0,0,0,0,42.8297087550163,9.15666139125824
0,7.99872010946274,0,0,0,0,0,0,0.891771666705608,0,83.7591914413497,0,187.368691713084,0,0,0,0,0.300641506910324,0,0,2.2474979609251,2.28202018141747,1.02355885505676,2.8713690340519,85.3524744236519,3.08288857713342,34.78796695191,3.14624583721161,6.07010978460312,2.08103799819946,30.0250203311443,0.134500414133072,0,26.2906269003873,0,5.13758289813995,10.7992673125118,7.87231839448214,0.639418721199036,4.20807242393494,0,6.73987120390006,0,22.4544011354446,4.63929517025008e-09,1.36771702766418,5.07211661338806,0,5.52856549620628,0,9.05319821834564,0,0,0,0,0,0,0,0,17.2602015733719,0,143.672759564398,0,0,0,0,0,0,0,0,0.519515335559845,0.513801872730255,1.4384868144989,41.0670362652418,6.9100975394249,30.2961583584547,0.722683608531952,0,0,45.5588879023647,0,0,2.69116219878197,0,0
241.914975247357,0,22.6712137080891,0,0,26.7184253036976,315.739184921348,405.697540675615,4.17419010400772,91.9421832588559,2.69293737411499,4.64614710956812,0,633.834119631897,1.49148418754339,0,1.77988994121552,0.840747594833374,0,2.78982123426431,24.574584543705,0,109.145070821047,12.8973502963781,1.34494495391846,2.0601692199707,0,21.7117955870926,256.236551366905,181.521413862621,0,16.8823185525835,0,23.0222555696964,0,14.3869946016754,4.18177300691605,16.6406708732247,3.45867452025414,4.61166179180145,0,1.32759416103363,0,0,0,0,0,0,0,0,0,0,0,0,0,0,0,2.59384298324585,0,0,0,0,0,0,0,0,0,0,0,0,0,0,0,0,0,0,0,0,0,0,0,0,2.27189755439758,0,0
0,0,0,17.0440716296434,47.9541774615645,50.2771284338142,1.55586857112408e-31,0.817088574171067,3.66073865344515,6.40841391682625,0,34.6091221015151,0,1.49148418754339,36.1167712893075,0,0,0,0,7.40627226233482,0,0,0,22.708445226776,0,0,0.9263596534729,19.012448731009,1.69952358305454,0,0,5.2134027497878e-25,0,4.10863530635834,18.4883801788092,3.89207870233804,0,0,0,27.9034782461863,1.98293924331665,0,0,0,0,0,0,0,0,0,0,0,0,0,0,0,0,3.41461097298046e-30,0,0,3.90130937099457,0,0,0,0,0,0,0,0,0,0,0,0,0,0,0,0,0,0,0,0,0,0,2.7770864367485,0.761573791503906
0,11.4913821220398,3.40078070142514e-14,0,0,0,0.149241596460342,0,1.6368590220809,0,0,0,0,0,0,194.825074557646,0.423062384128571,0,0,0,139.870033033192,47.7638475492359,104.015203569146,67.9083488314276,2.32904581725597,0,166.528198240999,31.3972607707366,0,1.43239760398865,0,0,0,1.50318568944931,0.62798148393631,19.2177963256836,17.0687477216125,8.47969117760658,13.5891460180283,0.810051023960114,0,0,11.859924569726,6.86481449007988,3.17147076129913,0,0,0,0,0,3.9327512383461,1.81024910578594,0,0,0,0,0,0,0,0,0,0,0,0,121.560949665302,0,0,0,0,19.2182231659295,12.0822647958994,102.891628168938,28.8505074381828,0,0,43.595813035965,4.86151196414352,0.733342111110687,4.23961055278778,0,0,1.68129825592041,0,0,5.0055872797966
0.394994735717773,0,170.534993154863,0,0,0,0,0.469600081443787,0,0,6.54524677991867,0,0,1.77988994121552,0,0.423062384128571,266.323981186624,14.3899885416031,94.9247734924005,0,9.00052896142006,0,215.161208256956,0,0,133.714317250531,119.507145439557,0,6.30959863588214,2.48686861991882,0,0,1.53233158588409,137.461789021303,0,13.3518226593733,12.3174330023025,41.796192958951,24.7859112620354,0,0,0,0.175850242376328,0,0,2.98738378286362,0,0,0,0,1.46123886108398,3.7195211648941,0,0,0,0,0,0,0,0,0,0,0,0,0,1.32641892507672,0,3.18934018049826e-27,0,0,0.288155913352966,0.706437468528748,0,0,5.49279016256332,27.4351977333426,0,0,0,0,0,0,0,0,3.70181155204773
0,0.790020108222961,2.11035287380219,0,0,0,0,0,0,0,123.198089807699,0,0.300641506910324,0.840747594833374,0,0,14.3899885416031,79.1471737772421,66.8365664226513,0,0,0,1.65338505804539,0,0.440871357917786,116.121244338496,9.66053202748299,0,7.39951553940773,0,1.79020345211029,1.50878286361694,0,28.2925352829527,0,7.29167208075523,45.1154174381463,53.4801712669969,13.6720687299967,0,0,2.57642936706543,0,0.605842649936676,0,0,0,0,0,0,0,0,0,0,0,0,0,0,0,0,0,0,0,0,0,0,0,0,0,0,0,0,0,0,0,2.81559860706329,0,0,0,0,0,0,0,0,0
0,0,11.6163785755634,0,0,0,0,0,0,0,17.0001754164696,0,0,0,0,0,94.9247734924005,66.8365664226513,156.390935972333,0,0.455442905426025,0,7.16834001615644,0,0,123.407576859185,18.5340529084206,0,3.14209562540054,0,0,0.0393172800540924,0,77.2633586419529,0,9.96350356191397,18.5488989017904,42.5115119061771,4.73398613281852,0,0,0,0,0.614461660385132,0,0,0,0,0,0,0,0,0,0,0,0,0,0,0,0,0,0,0,0,0,0,0,0,0,0,0,0,0,0,1.04250764846802,3.16543817520142,0,0,0,0,0,0,0,0,0
0,0,0,86.8661200478673,1.53356501468069,8.66761799156666,0,18.583471367049,7.47676236927509,59.3679286316037,0,143.042367528699,0,2.78982123426431,7.40627226233482,0,0,0,0,67.870687700808,0,0,0,0.577500194311142,0,0,0,4.95672900974751,2.9109563023158,0,0,0,0,5.0461186170578,0,11.8022708632052,0,2.58118161559105,1.00957750529051,6.8105162382126,0,0,2.06889015436172,0,0,0,6.87755209207535,0,0,0,0,0,2.2007782459259,0,0,0,0,2.06930812820792,0,0,5.88050079370782,0,0,0,0,0,0,0,0,0,0,0,6.56869074702263,0,0,0,0,0,0,0,0,0,0,0,0
4.28327190876007,1.17221820354462,10.1711315885186,0,0,0,19.9438113123178,7.36838800336716,0,0.778786063194275,0,0,2.2474979609251,24.574584543705,0,139.870033033192,9.00052896142006,0,0.455442905426025,0,856.393039739078,1.99636220932007,374.105133906372,24.4279320500791,0,0,9.31348181474807,191.904512277231,24.3256453871727,341.56880858245,0,0,7.9887228757144,106.110125418113,4.31187953054905,137.983164562858,21.1319526135922,84.0523766800831,45.0084932595491,4.71041989326477,0.427096635103226,0,9.02820241451263,0.84239162504673,0,0,0,0,0,0,0,0.502336263656616,0,0,0,0,0,0,0,1.67050993442535,0,0,0,0,30.0384396612645,0,0,0,0,10.9739510715008,9.55819323658943,10.9604578763247,9.41441401839256,0,0,0,1.49718928337097,0,5.33252421443467,0,0,1.8159077167511,0,0,52.7235050871986
0,39.5959957093322,1.76138424873352,0,0,0,0,0,98.177124610608,0,2.70054881004565e-22,0,2.28202018141747,0,0,47.7638475492359,0,0,0,0,1.99636220932007,178.564329221845,3.60005700588226,149.988400512272,28.8969010567516,0.93377149105072,103.696714397092,5.93725779652596,0,0,1.45153331756592,0,0,2.02657613158226,0,1.66102874279022,2.66070365905978,1.09948243200779,1.12895250320435,0,0,0,0.606970644835428,3.56327407062054,0,0,0,0,0,0,27.2067962884903,0,0,0,0,1.72297918796539,0,11.4831985235214,0,0,0,0.529630549252033,0,0,31.0354883875334,0,0,0,0,0.77962189912796,104.006934624722,10.8580403327942,21.8919180929661,1.76409989595413,6.05928398726974e-05,34.6543884552116,5.01055598258972,0.905873000621796,3.05958676338196,0,0,0,0,0,1.89757692813873
24.6110744215548,5.98485137630764e-28,427.82957319722,0,0,0,36.4958629719919,61.1180485580117,0,0,6.97604246504419e-13,0,1.02355885505676,109.145070821047,0,104.015203569146,215.161208256956,1.65338505804539,7.16834001615644,0,374.105133906372,3.60005700588226,1236.23636508683,47.9339921319282,0,13.8872371688485,228.306966006321,82.017797177127,75.212033636868,86.0648962482919,0,0,2.25432908535004,219.832805028904,3.9480961561203,268.270492442533,121.802573955988,249.396318686359,190.235323032376,4.98668360710144,1.37464797496796,0,5.20574358105659,8.13822576403618,5.49009418487549,4.72368556261063,0,0,0,0,1.83860319852829,8.25025524199009,0,0,0,0,0,0,0,1.98452460765839,0,0,0,0,40.4720045030208,8.99120459075392e-14,0,0,0,13.4253541529179,9.29221779108047,71.0974659297589,9.90170896053314,0,6.44314223771873e-26,86.6911143884192,0.573086977005005,0,1.56707942485809,0,0,0,0.568917870521545,0,60.4331782561749
1.25268721580505,16.9737813323736,2.330093562603,39.6785483956337,5.92934328693114,4.71798142790794,32.9134438112378,1.89248524607862,288.643932059839,31.9365376830101,0,5.87199807167053,2.8713690340519,12.8973502963781,22.708445226776,67.9083488314276,0,0,0,0.577500194311142,24.4279320500791,149.988400512272,47.9339921319282,668.620238154533,7.9541255235672,0,75.1591371009127,208.785681529958,15.861992261411,6.38279318809509,0,0,2.15721863508224,18.3800812065601,0.953612327578461,50.5414381838636,0.962213724851608,23.4425044587242,0.231954839080572,18.7130141407251,0.229620978236198,0,59.7658452093601,1.00959742069244,8.06775391101837,1.30599212646484,0,0,0,0,0,0,5.37435799372471,0,3.41562747955322,40.6194433972358,0,41.0165377408299,11.3628932386637,2.06882095336914,12.766050696373,0,0,0,39.4543557241559,0,0,0,2.88252973556519,10.450059749186,19.9458138644976,1.73880922794342,307.886940301853,0,0,2.51850819587708,209.029840533575,0,3.41894391179085,0,0,13.3957390785217,5.85226559638977,0,3.70921683311462
0,53.8340194403964,0,0,0,0,0,0,17.5772709411416,0,8.61199833452702,0,85.3524744236519,1.34494495391846,0,2.32904581725597,0,0.440871357917786,0,0,0,28.8969010567516,0,7.9541255235672,125.517753124349,2.5372753739357,88.3754546217924,0,0,0,5.77827872335911,0.429616391658783,0,11.7047834545374,0,0.30232846736908,6.68471783399582,1.25147911906242,0,0,0,2.24782052636147,0,7.7176978699863,0.969253212213516,0,0,0,2.5609713792801,0,1.51396059989929,0,0,0,0,0,0,0,0,10.340383887291,0,29.7447136939013,0,0,0,0,0,0,0,0,0,0,0,55.2649245038629,10.1829585656524,18.1604128479958,0,0,0,7.59287792444229,0,0,2.22427362203598,0,0
0,4.82619948871434,141.934398770597,0,0,0,0,0.504776060581207,1.92020297050476,0,51.2403344530615,0,3.08288857713342,2.0601692199707,0,0,133.714317250531,116.121244338496,123.407576859185,0,0,0.93377149105072,13.8872371688485,0,2.5372753739357,1379.88026805001,432.099718395553,0,5.08991837501526,0,16.235452413559,1.04711905121803,0.682952523231506,59.2622248935542,0,60.4526167752006,154.843249680048,117.146855147439,39.6292280927577,0,0,0,0,20.5329418033465,2.60256564617157,1.19759047031403,0,0,0.288413375616074,0,2.98940896987915,3.48064708709717,0,0,0,0,0,0,0,0.343916296958923,0,25.1187995970249,0,0,0,2.64605436846614,2.25236344337463,3.2419918179512,0,0,0,0,0,8.12281906604767,205.942693582742,232.836301358276,0,0,0,41.1488418132429,0,0,0,0,6.3245941400528
0,229.868010530488,403.633775712499,0,0,0,11.8010548055172,0,53.0146309947595,0,11.4184209033847,0,34.78796695191,0,0.9263596534729,166.528198240999,119.507145439557,9.66053202748299,18.5340529084206,0,9.31348181474807,103.696714397092,228.306966006321,75.1591371009127,88.3754546217924,432.099718395553,1536.5494699801,25.9530933592655,7.85329889506102,1.25945973396301,42.9230007082324,1.63916480541229,0,75.7609871496094,3.28156608343124,211.579619877144,177.762459941,184.638635291957,180.745832582795,1.76272988319397,0,0.289969593286514,20.925794377923,54.5687005519871,21.7910356968641,19.8072952851653,0,0,0,0,97.5480562122541,57.2226873599462,0,0,0,0,0,0,0,3.90701326727867,0,12.8627700954676,0,0,46.003941770643,18.8452412635088,4.09021019935608,1.73708030581474,0,1.13030219078064,31.2841014489532,93.4572281167136,0,16.5080390423536,314.804969984721,1022.89729260528,0,0,0,11.5081405043602,0,0,1.89685344696045,0,18.3652773797544
4.00331258773804,0,5.46136324107647,43.6172147096778,1.8560556769371,20.2325784959057,571.425728601432,39.9234396071276,68.5876095116821,98.7370085019378,0,10.2649303372091,3.14624583721161,21.7117955870926,19.012448731009,31.3972607707366,0,0,0,4.95672900974751,191.904512277231,5.93725779652596,82.017797177127,208.785681529958,0,0,25.9530933592655,928.671707889938,21.7260641232703,451.833203996317,0,0,4.65614996105433,36.4238063050434,3.79086124897003,96.977946058181,1.34548389911652,38.6215303073851,17.250340057537,16.2713809404522,2.91398257017136,1.98689818382263,22.8224460208134,0,0,0,0,0,0,1.71207535266876,0,0,0,0,0,0,0,36.1006207242608,0,2.44429814815521,0,0,0,0,7.24595136102289,0,0,0,0,0,3.94386923313141,0,78.750506490469,0,0,0,26.8515335321426,0,4.50712209939957,0,0,0,2.26872730255127,0,13.0504261851311
29.2846758528467,1.12816691774937,5.7605934664607,0.716826975345612,0,4.63376673567109,52.9601826705039,20.502852444686,21.8413531109691,34.3969277208772,30.2047814577839,5.19253861904144,6.07010978460312,256.236551366905,1.69952358305454,0,6.30959863588214,7.39951553940773,3.14209562540054,2.9109563023158,24.3256453871727,0,75.212033636868,15.861992261411,0,5.08991837501526,7.85329889506102,21.7260641232703,935.148925645376,220.828611659546,0.334654033184052,46.1012108027935,63.4798749812689,92.8878157622251,1.2011387348175,22.6207448542118,9.62867622077465,46.4194193184376,7.86284187436104,13.9458573013544,2.04484868049622,2.31982409954071,0,1.00577199459076,0.99934321641922,0.908014178276062,0,0,0,0,0,0,0,0,0,0,0,0,0,0,0,0,0,0,0,0,0,0,0,0,0,0,4.00304663181305,0,0,0,0,0,0,0,0,0,0.736271023750305,0,11.729361563921
83.5931280061963,0,0.272196520232683,0,0,0,237.920758105511,44.2679108381312,0,4.08351481004941e-24,0,0,2.08103799819946,181.521413862621,0,1.43239760398865,2.48686861991882,0,0,0,341.56880858245,0,86.0648962482919,6.38279318809509,0,0,1.25945973396301,451.833203996317,220.828611659546,670.053534282453,0,0,27.7416791859693,82.0950674614084,7.80764842033386,97.0066026512808,6.53493581712246,56.7210778519511,10.3024303096375,5.24516890989942,2.85023778676987,0,2.69526642560959,0,0,0,0,0,0,0,0,0,0,0,0,0,0,6.50964727229594e-21,0,0,0,0,0,0,9.74908226728439,0,0,0,0,0.289550244808197,0,0,0.412017464637756,0,0,0,0,0,0,0,0,0,0,0,32.56741899997
0,0.566810548305511,0,0,0,0,0,0,0,0,9.76726381480694,0,30.0250203311443,0,0,0,0,1.79020345211029,0,0,0,1.45153331756592,0,0,5.77827872335911,16.235452413559,42.9230007082324,0,0.334654033184052,0,12.1069124042988,7.50363587859153e-28,0,0.209753230214119,0,0,13.1894501652569,1.10609924048185,0,0,0,0,0,2.67825624346733,0,0,0,0,0,0,4.61677670506926,0,0,0,0,0,0,0,0,1.46904444694519,0,29.3715245188,0,0,0,0,0,0,0,0,0,0,0,18.9201602637768,33.1624956130981,33.633270509541,0,0,0,36.4350163694471,0,0,0,0,0
0,0,0,0,13.2152155637741,6.69855889864997,0,6.94211205095053,0,0,7.08935058116913,1.76970031857491,0.134500414133072,16.8823185525835,5.2134027497878e-25,0,0,1.50878286361694,0.0393172800540924,0,0,0,0,0,0.429616391658783,1.04711905121803,1.63916480541229,0,46.1012108027935,0,7.50363587859153e-28,39.1432970762253,0,128.35788781259,0,24.2339612860241,0.814981043338776,19.2225878839769,5.42403537034988,7.06741802797465,3.31030313988517,4.38976669311523,0.468120217323303,0,0,1.20793509483337,0,0,0.846265494823456,0,0,0,0,0,0,0,0,0,0,0,0,0,0,0,0,0,0,0,0,0,0,0,0,0,0,0,0,0,0,0,0,0,0,0,3.56099617481232
0,1.52484452724457,0,0,0,0,0.917560577392578,0,1.44419991970062,0.81292062997818,0,0,0,0,0,0,1.53233158588409,0,0,0,7.9887228757144,0,2.25432908535004,2.15721863508224,0,0.682952523231506,0,4.65614996105433,63.4798749812689,27.7416791859693,0,0,86.5383432842791,15.8716102094005,0.795268952846527,4.3195139883294e-24,0,9.86976087069058e-19,0.630153954029083,0.73665314912796,0,0,0,0,0,0,0,0,0,0,0,0,0,0,0,0,0,0,0,0,0,0,0,0,0,0,0,0,0,0,0,0,1.72082018852234,0,0,0,0,0,0,0,0,0,0,0,0
1.41262745857239,7.21201647818089,23.0958196353341,2.25424909591675,49.120254154057,26.1035321950912,28.1809154148141,13.6448623091428,7.04270023107529,27.2885840469088,153.207513347155,10.0401509851217,26.2906269003873,23.0222555696964,4.10863530635834,1.50318568944931,137.461789021303,28.2925352829527,77.2633586419529,5.0461186170578,106.110125418113,2.02657613158226,219.832805028904,18.3800812065601,11.7047834545374,59.2622248935542,75.7609871496094,36.4238063050434,92.8878157622251,82.0950674614084,0.209753230214119,128.35788781259,15.8716102094005,352.424790614761,19.3442738130689,83.293752599723,28.5095799919218,131.024418174751,129.447102434933,29.7610004850839,10.3113266825676,24.7817653417587,13.6364336013794,1.34494938299758,12.4763479828835,6.96850277483463,5.58045384287834,0,0,0,5.32791209220886,3.32965868711472,0,0,0.715957045555115,0,0,0,0,0,1.22838473320007,4.75042106211185,0,0,0,0,0,0,0,0,1.0286431312561,2.71809647977352,0,1.96957050636411,1.64134860038757,11.0291949771345,2.26901245117188,0,0,0.822208225727081,0,0,3.47607067227364,2.67112317681313,28.6582057149558
0,0,0,0,0,112.545067815117,1.05025315284729,5.08575338125229,0,9.71955341100693,0,159.700479995524,0,0,18.4883801788092,0.62798148393631,0,0,0,0,4.31187953054905,0,3.9480961561203,0.953612327578461,0,0,3.28156608343124,3.79086124897003,1.2011387348175,7.80764842033386,0,0,0.795268952846527,19.3442738130689,6604.85592324338,92.3433921090395,25.3069475293159,23.8868720939863,62.5656208228867,6.63912183046341,6.54497385025024,0,18.8905679360032,2.14334619045258,2.32009351439774,20.0210320981518,1.54759332537651,0,0,0,0,0,0,0,7.88713932037354,0,0,0,0,0.936438202857971,38.1584080420524,0,0,0,0,0,0,0,0,0,0,0,0,0,0,0,0,0,0,0,0,0,0.917259097099304,2108.14171638524,780.09473476279
0,2.3429696559906,60.1565883383477,4.09403601288795,15.4226326243165,56.2506854872451,84.7987968142248,48.8109394386411,56.9103379100561,74.7239207837233,9.5545253008604,20.7197648361325,5.13758289813995,14.3869946016754,3.89207870233804,19.2177963256836,13.3518226593733,7.29167208075523,9.96350356191397,11.8022708632052,137.983164562858,1.66102874279022,268.270492442533,50.5414381838636,0.30232846736908,60.4526167752006,211.579619877144,96.977946058181,22.6207448542118,97.0066026512808,0,24.2339612860241,4.3195139883294e-24,83.293752599723,92.3433921090395,164.28981461321,589.434119035472,84.8177660833057,99.1709022298456,113.481637635855,38.6994607746601,6.09126257896423,21.0843831002712,1.85638898611069,6.48627987504005,3.33231185376644,0,0,3.74144959449768,1.57593941688538,4.87064743041992,5.66962683200836,1.19461607933044,0,1.87657630443573,7.10459041595459,0,25.8741763234138,0,2.18578839302063,5.10323450184869e-10,0,0,0,19.4901249641553,1.42902266979218,0,0,0,4.95822484791279,5.38782906532288,5.32620079815388,65.4426626842469,0,1.68580052256584,19.0652585629453,36.4439567029476,0,5.59821170568466,0,0,1.56508708000183,0,9.49012970924377,86.7055677655153
0.849402785301208,7.34841255462255,37.5006430149078,0,1.42239502072334,1.32648324966431,3.065669298172,6.58832669258118,3.36979595571756,0,42.2055108500655,0,10.7992673125118,4.18177300691605,0,17.0687477216125,12.3174330023025,45.1154174381463,18.5488989017904,0,21.1319526135922,2.66070365905978,121.802573955988,0.962213724851608,6.68471783399582,154.843249680048,177.762459941,1.34548389911652,9.62867622077465,6.53493581712246,13.1894501652569,0.814981043338776,0,28.5095799919218,25.3069475293159,589.434119035472,93.2853244850412,113.474060503119,238.03863479197,4.12221422046423,0,7.41154789924622,1.6055591404438,14.3744207210839,1.44928482174873,4.70536881685257,0,0,1.16338813304901,0,5.4849046766758,2.99557297663705,0,0,0,0,0,0,0,0,0,2.10862451791763,0,0,6.78094160556821,0.529426038265228,0,0,0,1.42889988422394,0.536742627620697,5.7906649261713,4.1381299495697,3.64867877960205,14.9224723428488,59.8051540255547,0.710655212402344,0,0,4.15084507438616e-25,0,0,3.03642702102661,6.58600755035877,106.443876460866
3.0221551656723,4.20358462631702,60.0418953634865,3.42049908638,7.5236656665802,7.69029057025909,35.9738281597674,21.7619399382411,9.60174854099751,34.3138874322176,68.513188299445,4.11537471413612,7.87231839448214,16.6406708732247,0,8.47969117760658,41.796192958951,53.4801712669969,42.5115119061771,2.58118161559105,84.0523766800831,1.09948243200779,249.396318686359,23.4425044587242,1.25147911906242,117.146855147439,184.638635291957,38.6215303073851,46.4194193184376,56.7210778519511,1.10609924048185,19.2225878839769,9.86976087069058e-19,131.024418174751,23.8868720939863,84.8177660833057,113.474060503119,162.178224548697,109.742033116239,17.1770912259817,1.45398187637329,9.58314174413681,4.87347424030304,4.91020274162292,5.66391354426752,2.66945016384125,2.37803184986115,0,1.35427498817444,0,6.11172825098038,5.36223185062408,0,0,0,0,1.17756594717503,2.76246082782745,0,1.34891167283058,0,0.61620706319809,0,0,9.09940415620804,0,0,0,0,0,0,3.48492582677864,1.72028863430023,1.50298380851746,7.1665582950227,31.4961913167501,0,0,0,1.06114856803429e-20,1.83367168903351,0,1.62630385160446,1.09894073009491,72.3421972990047
0.783479630947113,1.47990503907204,40.1487121338159,0,0,3.87788200437719,5.17588436603546,6.91528618335724,0,3.26127207279205,6.7902195304726,1.63904106616974,0.639418721199036,3.45867452025414,0,13.5891460180283,24.7859112620354,13.6720687299967,4.73398613281852,1.00957750529051,45.0084932595491,1.12895250320435,190.235323032376,0.231954839080572,0,39.6292280927577,180.745832582795,17.250340057537,7.86284187436104,10.3024303096375,0,5.42403537034988,0.630153954029083,129.447102434933,62.5656208228867,99.1709022298456,238.03863479197,109.742033116239,30.3951740269471,36.7116502026911,17.5542643368244,5.49152278900146,1.008063579804,2.98753082752239,9.29217132925987,4.73250985145569,0,0,1.98596268892288,0,0,1.29891073703766,0,0,0,0,1.83955669403076,1.98011815547943,0,4.41151745117837e-31,0,0,0,0,0.740834653377533,0,0,0,0,0,2.51175141334534,5.6077097309377,0.564121425151825,0,0.799221217632294,15.4845603182912,0,0,0,0,0,0,2.33954149484634,47.1073790043592,474.380732559265
0.545166194438934,0.988110065460205,0,17.0494227185845,105.910872540264,72.0442415701303,16.1855025888499,20.3666804656386,20.2288075089455,24.1160695254803,0.88054284453392,16.6667008623481,4.20807242393494,4.61166179180145,27.9034782461863,0.810051023960114,0,0,0,6.8105162382126,4.71041989326477,0,4.98668360710144,18.7130141407251,0,0,1.76272988319397,16.2713809404522,13.9458573013544,5.24516890989942,0,7.06741802797465,0.73665314912796,29.7610004850839,6.63912183046341,113.481637635855,4.12221422046423,17.1770912259817,36.7116502026911,92.251146704622,29.4683651551604,3.12565380334854,1.26960372924805,0,0,0,3.91683113575848,1.30855250358582,0.361705511808395,0,0,0,6.38656568527222,0,0,5.33493185043335,0,0,19.6158950924873,13.499627333726,7.957608923316,0,0,1.44661581516266,0,0,0,0,3.2911164611578,0,0,0,14.5135045051575,0,0,0,29.4259684085846,0,0,0,0,0,0,0,1.83987981081009
0,0,0,1.18193030357361,72.2758169421156,0.456158518791199,3.38643717765808,1.57140731811523,0,1.49986729025841,0,3.40671026706696,0,0,1.98293924331665,0,0,0,0,0,0.427096635103226,0,1.37464797496796,0.229620978236198,0,0,0,2.91398257017136,2.04484868049622,2.85023778676987,0,3.31030313988517,0,10.3113266825676,6.54497385025024,38.6994607746601,0,1.45398187637329,17.5542643368244,29.4683651551604,3.72704172134399,0,0,0,0,0,0,0,0,0,0,0,0,0,0,0,0,0,0,0,0,0,0,0,0,0,0,0,0,0,0,0,0,0,0,0,0,0,0,0,0,0,0,0,18.5335397720337
0,0,0,0,0,1.25066339969635,0,0.654871642589569,0,0,10.231707945466,1.47315633296967,6.73987120390006,1.32759416103363,0,0,0,2.57642936706543,0,0,0,0,0,0,2.24782052636147,0,0.289969593286514,1.98689818382263,2.31982409954071,0,0,4.38976669311523,0,24.7817653417587,0,6.09126257896423,7.41154789924622,9.58314174413681,5.49152278900146,3.12565380334854,0,0,0,4.61790215969086,6.68757101893425,3.05310809612274,3.42183005809784,0,8.72925772463005e-31,0,0,0,0,0,0.99260950088501,0,0,0,0,0.644065678119659,0,1.29411840438843,0,0,1.8560574054718,0,0,0,0,0,0,0,1.71766924858093,1.32738828659058,0,0,0,0.480501711368561,0,1.09730005264282,1.89853262901306,0,2.8211829662323,0,0
0,1.78322345018387,4.63187348842656,0.77812397480011,0,0,6.22731161117554,0,4.06236183643341,0,0,1.31580603122711,0,0,0,11.859924569726,0.175850242376328,0,0,2.06889015436172,9.02820241451263,0.606970644835428,5.20574358105659,59.7658452093601,0,0,20.925794377923,22.8224460208134,0,2.69526642560959,0,0.468120217323303,0,13.6364336013794,18.8905679360032,21.0843831002712,1.6055591404438,4.87347424030304,1.008063579804,1.26960372924805,0,0,144.350802320056,557.605068997826,70.3013938963414,68.0842277018194,145.889690291512,11.3615488782525,5.56635981798172,4.7358907237649,6.28333002328873,46.0322570800783,6.40959423780442,1.97259962558746,27.7185129374266,88.366517352148,49.9291545078158,26.464514836669,37.1059232354164,77.4493464819489,45.797553896904,0,82.0177017857736,2.47052393446212,42.9392436742783,19.8248033405056,12.6725681126118,22.5839882493019,14.0387945026159,82.3054771205886,2.26394438743591,242.517016269656,61.721028651111,0,57.6278022055302,269.550185221015,192.684057835405,35.2938157077429,81.1476855622856,0,30.4918329637068,0,34.759903222324,110.045239045171,61.9606975354254
0,2.37672033905984,2.19680252671242,0,0,0,0,0,0,0,12.3890592344175,0,22.4544011354446,0,0,6.86481449007988,0,0.605842649936676,0.614461660385132,0,0.84239162504673,3.56327407062054,8.13822576403618,1.00959742069244,7.7176978699863,20.5329418033465,54.5687005519871,0,1.00577199459076,0,2.67825624346733,0,0,1.34494938299758,2.14334619045258,1.85638898611069,14.3744207210839,4.91020274162292,2.98753082752239,0,0,4.61790215969086,557.605068997826,155.195076175049,101.133577354252,187.829877279856,2.31927886605263,0,7.85129055380821,0,2.3774091899395,16.1457132788549,0,0,0,13.9370124418501,7.06982547044754,1.08435118198395,0,55.0077249594033,0,23.6225277418771,4.50109928846359,0,14.9173584729435,16.3212228268385,36.2538429316277,33.17824661698,0,25.1998143494129,1.79219686985016,126.552824437375,4.9153775125742,5.97140844911337,129.59058828274,102.638424532724,9.47924952208996,1.56543325080485e-23,9.30780440568924,16.1055502891541,3.05417621135712,0.601877093315125,13.6221330333501,20.1224716699921,70.0582550084667
0,3.68657767772675,1.76420903205872,0,0,1.18994224071503,0,2.63316297531128,9.07231352201471e-28,0,0.401027828454971,0,4.63929517025008e-09,0,0,3.17147076129913,0,0,0,0,0,0,5.49009418487549,8.06775391101837,0.969253212213516,2.60256564617157,21.7910356968641,0,0.99934321641922,0,0,0,0,12.4763479828835,2.32009351439774,6.48627987504005,1.44928482174873,5.66391354426752,9.29217132925987,0,0,6.68757101893425,70.3013938963414,101.133577354252,100.778406428173,92.5580238259179,6.36443351209164,6.15290099382401,22.7959207892418,1.57629650831223,4.68051740527153,41.9651369919623,3.5499416962266,0,4.92828591167927,68.0318045243695,22.6975902021627,1.30984449386597,20.0318421721458,99.8617145457544,17.1246875673532,12.688587859273,36.6150016784668,3.36849808692932,11.3991194367409,24.4870787742237,81.2098269891903,39.0797387175262,4.45770156383514,92.6978253648866,1.91871607303768,207.596946805911,19.1204147934914,6.83169577593336,66.3655982792843,145.861551989284,124.09911875759,37.7607972025871,41.6280606162431,18.8424357059312,21.6685876258558,4.55581367015839,96.0401128442868,19.8570830533863,60.850122500211
0,0.649055123329163,2.54933589696884,0,0,1.38566255569458,0,1.00414168834686,4.68327711037343e-22,0,0,0,1.36771702766418,0,0,0,2.98738378286362,0,0,0,0,0,4.72368556261063,1.30599212646484,0,1.19759047031403,19.8072952851653,0,0.908014178276062,0,0,1.20793509483337,0,6.96850277483463,20.0210320981518,3.33231185376644,4.70536881685257,2.66945016384125,4.73250985145569,0,0,3.05310809612274,68.0842277018194,187.829877279856,92.5580238259179,37.601715952158,85.6819814954704,29.0063039213419,2.00793385505676,0,1.92406469583511,38.8723616600037,0,0,5.76981884241104,21.380653200128,3.08772277832031,1.67986845970154,1.52698707580566,89.3175976473315,1.15346097946167,3.2020714380806e-30,12.0023927018046,0.497377306222916,15.6692592501874,33.0874333530664,20.2708572675416,20.5386584501828,0.814773499965668,46.6619455945058,1.57368433475494,264.524166927041,6.09830026328564,3.91651350259781,42.8185979626142,188.672757326809,59.6538762935529,3.12823647074401,10.7160323560694,6.15298587083817,6.09340518712997,2.27916097640991,21.1390516906977,75.9890110567212,512.655317925139
0,0,0,5.23939788341522,2.7124969959259,1.99908500909805,0,0,14.1441451013088,24.246636390686,0,6.14584884047508,5.07211661338806,0,0,0,0,0,0,6.87755209207535,0,0,0,0,0,0,0,0,0,0,0,0,0,5.58045384287834,1.54759332537651,0,0,2.37803184986115,0,3.91683113575848,0,3.42183005809784,145.889690291512,2.31927886605263,6.36443351209164,85.6819814954704,85.6854015783946,11.8740175366402,7.70019449293613,0.634110033512115,0,0,13.1548010930419,112.024209366433,58.0287973789468,21.9345188736916,22.2053420096636,17.9838844835758,11.6972788572321,38.1260851048573,48.4214708390646,2.43774909339845,12.5975457206477,40.5520389322246,0,0,0,0,9.04412931203842,2.20019507408142,0.428327053785324,0.815152704715729,22.0563540021851,0,0,0.892376065254211,49.5372263774043,3.14899808168411,2.12733507156372,0,8.31428083777428,0,2.10773462057114,4.48367917686507,4.53500092029572
0,0,0,0,0,0,0,0,0,0,0,0,0,0,0,0,0,0,0,0,0,0,0,0,0,0,0,0,0,0,0,0,0,0,0,0,0,0,0,1.30855250358582,0,0,11.3615488782525,0,6.15290099382401,29.0063039213419,11.8740175366402,0,0,0,0,0,0,11.4004498124123,0,4.61083978414536,0,0,1.05979359149933,10.5329901576042,0,0,2.06915068626404,0,0,0,0,0,0.638364493846893,0,0,0,0,0,0,0,4.1820380753248,0.294854789972305,1.72019875049591,0,2.15906500816345,0,9.13325834274292,12.9412402138114,4.95858299752024
0,0,0,0,0,1.77058863639832,0,0.271889567375183,0,0,4.82843697816133,0,5.52856549620628,0,0,0,0,0,0,0,0,0,0,0,2.5609713792801,0.288413375616074,0,0,0,0,0,0.846265494823456,0,0,0,3.74144959449768,1.16338813304901,1.35427498817444,1.98596268892288,0.361705511808395,0,8.72925772463005e-31,5.56635981798172,7.85129055380821,22.7959207892418,2.00793385505676,7.70019449293613,0,8.2591495513916,0,2.11896157264709,0,0,0,0,0,1.14975774288177,1.55109729774106e-29,0,9.95232529938221,0,9.23370081216808,0,0,0,0,0,0,4.23969030380249,0.709561586380005,1.56824004650116,0,1.27205169200897,16.6803754717112,3.12393768131733,2.79554152488708,0.547074198722839,1.31700038909912,0,0.525412440299988,1.57152187824249,0,10.0816230773926,0,0
0,0,0,0,0,0,0,0,0,0,0,0,0,0,0,0,0,0,0,0,0,0,0,0,0,0,0,1.71207535266876,0,0,0,0,0,0,0,1.57593941688538,0,0,0,0,0,0,4.7358907237649,0,1.57629650831223,0,0.634110033512115,0,0,136.1565034464,0,1.47300577163696,0,0,0,21.8759205276147,10.2264793813229,3.13544946792468e-23,0,2.26330924034119,0,0,136.12769023801,0,0,2.83057367801666,0,0,0,2.53875756263733,0,10.2902029156685,0,0,5.86464321613312,2.08068132400513,1.39961150288582,80.9318562382832,52.2903479039669,0,0,1.64577102661133,1.41103422641754,0,4.23436459506821e-11
0,46.9979871142302,2.28020703792572,0,0,0,0,0,1.6063973903656,0,0,0,9.05319821834564,0,0,3.9327512383461,1.46123886108398,0,0,0,0,27.2067962884903,1.83860319852829,0,1.51396059989929,2.98940896987915,97.5480562122541,0,0,0,4.61677670506926,0,0,5.32791209220886,0,4.87064743041992,5.4849046766758,6.11172825098038,0,0,0,0,6.28333002328873,2.3774091899395,4.68051740527153,1.92406469583511,0,0,2.11896157264709,0,47.062642171979,0,0,0,0,0,0,29.7376236816763,0,0,0,7.68279165029526,1.37378084659576,0,32.7381869805137,3.91246366500854,0,6.65399736211332e-26,0,0,58.420281728349,3.99515819549561,20.9919854142603,23.4695972800255,2.54011982679367,261.01434177775,0.819569945335388,0,0,1.14123356342316,0,0,10.0328606665134,0,0
0,2.45230764150622,9.52748659625649,0,0,0,0,0,0,0,0,0,0,0,0,1.81024910578594,3.7195211648941,0,0,0,0.502336263656616,0,8.25025524199009,0,0,3.48064708709717,57.2226873599462,0,0,0,0,0,0,3.32965868711472,0,5.66962683200836,2.99557297663705,5.36223185062408,1.29891073703766,0,0,0,46.0322570800783,16.1457132788549,41.9651369919623,38.8723616600037,0,0,0,1.47300577163696,0,379.021024813341,0,0,0,81.2023184586433,4.04000473022461,0,3.74361479282379,1.2470418214798,0,0,15.957301735878,0,0.426817953586578,123.301516192456,0,11.0407689213753,0,14.1312300788731,0,417.692329793459,0.206533789634705,0,211.584524493693,409.671304241299,17.2518915869296,3.3738032579422,4.40582847595215,0,0,0.615593373775482,5.97784721851349,0,1.88736367225647
0,0,0,0,0,0,0,0,10.4621849060059,0,0,2.54559063911438,0,0,0,0,0,0,0,2.2007782459259,0,0,0,5.37435799372471,0,0,0,0,0,0,0,0,0,0,0,1.19461607933044,0,0,0,6.38656568527222,0,0,6.40959423780442,0,3.5499416962266,0,13.1548010930419,0,0,0,0,0,359.747835759629,0,2.9100038520992,2.37109923362732,6.72470126929773,17.3003220632757,93.1687714667569,0,67.5882119698363,0,5.38115262985614,3.87318165649447,0,0,0,0,134.369558531811,0,0,0,48.5179082266986,0,0,0.687278151512146,111.396296101874,3.01118338108063,0,0,0,0,1.47897601127625,0,0.385826230049133
0,0,0,0,0,0,0,0,0,0,0,0,0,0,0,0,0,0,0,0,0,0,0,0,0,0,0,0,0,0,0,0,0,0,0,0,0,0,0,0,0,0,1.97259962558746,0,0,0,112.024209366433,11.4004498124123,0,0,0,0,0,41.6282239750099,11.36207062006,0,2.31645524501801,4.55363881587982,0,0,0.887260556221008,0,0,79.5249075931661,0,0,0,0,0,0,0,0,0,0,0,0,0,0,0,0,13.9276021271944,0,70.4205581174186,0,0.474460296332836
0,0,0,0,0,0,0,0,0,0,0,0,0,0,0,0,0,0,0,0,0,0,0,3.41562747955322,0,0,0,0,0,0,0,0,0,0.715957045555115,7.88713932037354,1.87657630443573,0,0,0,0,0,0.99260950088501,27.7185129374266,0,4.92828591167927,5.76981884241104,58.0287973789468,0,0,0,0,0,2.9100038520992,11.36207062006,545.867925985955,14.7943223193902,290.782381800431,0,260.992751483326,1.81425404548645,117.236362296192,0,23.3565612733377,31.956168309087,0,0,0,0,6.85984712839127,0,0,0,1.54426237940788,0,0,0,50.9524598103017,6.03805020451546,0,0,4.81598115339875,0,21.8847324550152,63.070646122098,1.95463728904724
0,0,0,0,0,0,0,0,7.61344627290964,0,0,0,0,0,0,0,0,0,0,0,0,1.72297918796539,0,40.6194433972358,0,0,0,0,0,0,0,0,0,0,0,7.10459041595459,0,0,0,5.33493185043335,0,0,88.366517352148,13.9370124418501,68.0318045243695,21.380653200128,21.9345188736916,4.61083978414536,0,21.8759205276147,0,81.2023184586433,2.37109923362732,0,14.7943223193902,1305.81556571559,98.7468211168017,7.68445888161659,276.861596539183,2.58652800321579,1.49651968479156,0,319.495999099456,1.205118060112,3.59026551246643,11.4100119322538,0,1.82185542583466,1.47539174556732,34.1975432014474,0,132.848712365879,19.816829636693,0,18.3393241807016,11.5676002800465,502.889217644202,65.5978300264955,385.746839886561,0,0,5.97595168650178,33.2955447599238,3.70853862166405,8.39810375496745
0,0,0,0,0,0,0,0,11.8651820421219,0,0,0,0,0,0,0,0,0,0,0,0,0,0,0,0,0,0,0,0,0,0,0,0,0,0,0,0,1.17756594717503,1.83955669403076,0,0,0,49.9291545078158,7.06982547044754,22.6975902021627,3.08772277832031,22.2053420096636,0,1.14975774288177,10.2264793813229,0,4.04000473022461,6.72470126929773,2.31645524501801,290.782381800431,98.7468211168017,750.675478454478,9.8508163690567,142.864555503652,0.5194011926651,57.1519011380285,0,327.419622225876,1.21587145328522,0,0,0,0,20.2248620800675,0.756944179534912,0,4.75948870182037,4.80015642940998,0,0,0,51.8468667355829,8.39158158342112,7.53070729970932,0,19.1577235313224,0,13.1098899021745,1.02253019809723,3.0536550283432
0,0.0946754589676857,0,6.81139399111271,0,1.22156405448914,5.86348995566368,0,66.3427327091667,65.0181617619616,0,1.5739706158638,0,2.59384298324585,3.41461097298046e-30,0,0,0,0,2.06930812820792,0,11.4831985235214,0,41.0165377408299,0,0,0,36.1006207242608,0,6.50964727229594e-21,0,0,0,0,0,25.8741763234138,0,2.76246082782745,1.98011815547943,0,0,0,26.464514836669,1.08435118198395,1.30984449386597,1.67986845970154,17.9838844835758,0,1.55109729774106e-29,3.13544946792468e-23,29.7376236816763,0,17.3003220632757,4.55363881587982,0,7.68445888161659,9.8508163690567,73.4841361194849,16.8665196303478,2.87908983230591,8.17414677143097,0.770136475563049,3.49891364574432,2.18774497509003,0.511843204498291,0,0,0,8.22879859805107,0,90.4217083528638,0,239.34407979356,7.18119670345914,0,36.4361304772868,76.761536994949,1.54212058335543,0,0,0,0,8.24598634243011,0,3.38059628009796
0,0,0,0,0,0,0,0,26.5963613316417,0,0,2.74133586883545,0,0,0,0,0,0,0,0,0,0,0,11.3628932386637,0,0,0,0,0,0,0,0,0,0,0,0,0,0,0,19.6158950924873,0,0,37.1059232354164,0,20.0318421721458,1.52698707580566,11.6972788572321,1.05979359149933,0,0,0,3.74361479282379,93.1687714667569,0,260.992751483326,276.861596539183,142.864555503652,16.8665196303478,1290.78902381414,0,116.140339897006,0,98.7660112652816,0,0,0,0,0,85.2063588874036,0,0,1.01199805736542,19.6633087396622,0,0,0,225.821024632018,15.3457645922899,0,0,0,0,14.2024190723896,10.8533703386784,1.54208850860596
0,0,0,0,0,1.03528487682343,0,0,0,0,3.04875036889953,1.13391172885895,17.2602015733719,0,0,0,0,0,0,0,1.67050993442535,0,1.98452460765839,2.06882095336914,10.340383887291,0.343916296958923,3.90701326727867,2.44429814815521,0,0,1.46904444694519,0,0,0,0.936438202857971,2.18578839302063,0,1.34891167283058,4.41151745117837e-31,13.499627333726,0,0.644065678119659,77.4493464819489,55.0077249594033,99.8617145457544,89.3175976473315,38.1260851048573,10.5329901576042,9.95232529938221,2.26330924034119,0,1.2470418214798,0,0,1.81425404548645,2.58652800321579,0.5194011926651,2.87908983230591,0,535.00579342824,0.775451317429543,90.341223526746,8.63808061182499,0,0.417602509260178,3.7231827527285,147.539219899124,21.4836658239365,5.3316502571106,4.15339164435863,1.88577568531036,3.95731368359878,3.70261013507843,13.2829677835107,39.3363561355895,10.8830893039703,14.5231163669378,16.9923302531616,2.27912855148315,13.2895396649837,21.7851296365261,0,200.408996012431,7.76680487394333,15.3968694806099
0,0,0,1.25755298137665,0.0895088464021683,0.7420414686203,2.98539304733276,0,2.52841919660568,5.07599544525146,0,9.87672346833809,0,0,3.90130937099457,0,0,0,0,5.88050079370782,0,0,0,12.766050696373,0,0,0,0,0,0,0,0,0,1.22838473320007,38.1584080420524,5.10323450184869e-10,0,0,0,7.957608923316,0,0,45.797553896904,0,17.1246875673532,1.15346097946167,48.4214708390646,0,0,0,0,0,67.5882119698363,0.887260556221008,117.236362296192,1.49651968479156,57.1519011380285,8.17414677143097,116.140339897006,0.775451317429543,633.113637130679,0,25.3209546543675,8.95171701908112,0,0,0,0,137.675491005182,0,0,0,11.2437237501144,0,0,0,23.035053290427,14.1805467270315,0.0788837522268295,0,1.80935668945312,0,12.8406608998775,86.3830522487061,5.2598323225975
0,3.88382977247238,0,0,0,0,0,0,0,0,46.0054600983858,0,143.672759564398,0,0,0,0,0,0,0,0,0.529630549252033,0,0,29.7447136939013,25.1187995970249,12.8627700954676,0,0,0,29.3715245188,0,0,4.75042106211185,0,0,2.10862451791763,0.61620706319809,0,0,0,1.29411840438843,0,23.6225277418771,12.688587859273,3.2020714380806e-30,2.43774909339845,0,9.23370081216808,0,7.68279165029526,0,0,0,0,0,0,0.770136475563049,0,90.341223526746,0,215.585442639441,2.74422127782978e-24,0,0,0,2.47849455475807,0.940604865550995,0,0,0,0,0,90.9843496835946,3.63419565558434,46.9962032447483,0,1.39083969593048,0,23.1475644516759,1.06096601486206,0,17.8703933865764,0,0
0,0,0,0,0,0,0,0,0,0,0,0,0,0,0,0,0,0,0,0,0,0,0,0,0,0,0,0,0,0,0,0,0,0,0,0,0,0,0,0,0,0,82.0177017857736,4.50109928846359,36.6150016784668,12.0023927018046,12.5975457206477,2.06915068626404,0,136.12769023801,1.37378084659576,15.957301735878,5.38115262985614,0,23.3565612733377,319.495999099456,327.419622225876,3.49891364574432,98.7660112652816,8.63808061182499,25.3209546543675,2.74422127782978e-24,668.628119377591,1.13988196849823,0.529024183750153,11.3413580805063,4.27065923810005,2.61690199375153,13.5882203746686,5.47585628926754,0,55.6720081865788,13.6567545756698,2.63499559689288e-25,1.11918926239014,0,46.8027157837108,206.527277536384,124.375438786674,0.476887851953506,5.0921728014946,13.2866569757462,40.3191706240595,0,2.16203433275223
0,0,0,0,0,9.83028031553524e-20,0,0,0,0,0,0,0,0,0,0,0,0,0,0,0,0,0,0,0,0,0,0,0,0,0,0,0,0,0,0,0,0,0,1.44661581516266,0,0,2.47052393446212,0,3.36849808692932,0.497377306222916,40.5520389322246,0,0,0,0,0,3.87318165649447,79.5249075931661,31.956168309087,1.205118060112,1.21587145328522,2.18774497509003,0,0,8.95171701908112,0,1.13988196849823,34.3064891248941,0,0,0,0,1.6168477833271,0,0,0,8.40699479356408,0,0,0,0.925425410270691,1.25026905536652,0,0,0,0,0,0,0
0,1.26453077793121,1.99401721358299,0,0,0,0,0,2.50916230678558,0,0,0,0,0,0,121.560949665302,0,0,0,0,30.0384396612645,31.0354883875334,40.4720045030208,39.4543557241559,0,0,46.003941770643,7.24595136102289,0,9.74908226728439,0,0,0,0,0,19.4901249641553,6.78094160556821,9.09940415620804,0.740834653377533,0,0,1.8560574054718,42.9392436742783,14.9173584729435,11.3991194367409,15.6692592501874,0,0,0,0,32.7381869805137,0.426817953586578,0,0,0,3.59026551246643,0,0.511843204498291,0,0.417602509260178,0,0,0.529024183750153,0,362.868228613906,0,0,0,0,75.7319565117385,119.510861294241,86.3572690365836,62.6397672519098,1.91959971189499,0,137.531413776815,15.2223853617907,3.61164200305939,5.33557985723019,0,0,0,4.54018896445632,0,3.10177099704742
0,3.18646788597107,0.567729592323303,0,0,0,0,0,0,0,0,0,0,0,0,0,1.32641892507672,0,0,0,0,0,8.99120459075392e-14,0,0,2.64605436846614,18.8452412635088,0,0,0,0,0,0,0,0,1.42902266979218,0.529426038265228,0,0,0,0,0,19.8248033405056,16.3212228268385,24.4870787742237,33.0874333530664,0,0,0,2.83057367801666,3.91246366500854,123.301516192456,0,0,0,11.4100119322538,0,0,0,3.7231827527285,0,0,11.3413580805063,0,0,195.981129680849,12.5029598772526,120.787842281163,0,13.002922343574,0,225.533997870559,0,0,131.101798896617,81.9773769415067,2.36263100802898,3.09244939684868,36.6590498685837,0,0,0,115.779931116859,0,0
0,0,0,0,0,0,0,0,0,0,0,0,0,0,0,0,0,0,0,0,0,0,0,0,0,2.25236344337463,4.09021019935608,0,0,0,0,0,0,0,0,0,0,0,0,0,0,0,12.6725681126118,36.2538429316277,81.2098269891903,20.2708572675416,0,0,0,0,0,0,0,0,0,0,0,0,0,147.539219899124,0,2.47849455475807,4.27065923810005,0,0,12.5029598772526,102.43786542807,99.5976013243198,0,1.57587260007858,0,1.56676056981087,0,0.836557179689407,128.660589898844,6.53296428918898,0,5.79595824331045,0,3.0968654290281e-12,4.8496835231781,0,36.5995057690595,0,1.00584802031517
0,1.04102230072021,0,0,0,0,0,0,0,0,0,0,0,0,0,0,3.18934018049826e-27,0,0,0,0,0,0,0,0,3.2419918179512,1.73708030581474,0,0,0,0,0,0,0,0,0,0,0,0,0,0,0,22.5839882493019,33.17824661698,39.0797387175262,20.5386584501828,0,0,0,0,6.65399736211332e-26,11.0407689213753,0,0,0,1.82185542583466,0,0,0,21.4836658239365,0,0.940604865550995,2.61690199375153,0,0,120.787842281163,99.5976013243198,192.87511947751,0,3.39996767044067,0,24.6464314498007,0,0.328427731990814,128.065446573251,61.53750936687,0,1.70180514454842,15.7307450175285,0,1.54437339305878,0,94.8876033703145,0,0.673486948013306
0,0,0,3.54388844966888,0,0,0,0,5.25400705635548,0,0,0,0,0,0,0,0,0,0,0,0,0,0,2.88252973556519,0,0,0,0,0,0,0,0,0,0,0,0,0,0,0,3.2911164611578,0,0,14.0387945026159,0,4.45770156383514,0.814773499965668,9.04412931203842,0.638364493846893,4.23969030380249,0,0,0,134.369558531811,0,6.85984712839127,1.47539174556732,20.2248620800675,8.22879859805107,85.2063588874036,5.3316502571106,137.675491005182,0,13.5882203746686,1.6168477833271,0,0,0,0,72.2723384285346,0,0,0,2.70902568846941,0,0,0,16.2753741433608,4.80436289310455,0,0,0.769589245319366,0,12.6168178319931,0,0.0201226118952036
0,0,0,0,0,0,0,0,0,0,0,0,0,0,0,19.2182231659295,0,0,0,0,10.9739510715008,0.77962189912796,13.4253541529179,10.450059749186,0,0,1.13030219078064,0,0,0.289550244808197,0,0,0,0,0,4.95822484791279,1.42889988422394,0,0,0,0,0,82.3054771205886,25.1998143494129,92.6978253648866,46.6619455945058,2.20019507408142,0,0.709561586380005,2.53875756263733,0,14.1312300788731,0,0,0,34.1975432014474,0.756944179534912,0,0,4.15339164435863,0,0,5.47585628926754,0,75.7319565117385,13.002922343574,1.57587260007858,3.39996767044067,0,861.263165033262,0.3316710293293,333.615073088441,8.41002959385514,0,1.50754153728565,10.083208581596,235.434623607962,10.5668167173862,279.947484675075,0,0.0343566983938217,2.55938106775284,114.126703793549,0.373921275138855,34.0709664821625
0,0,0,0,0,0,0,0,14.7863308191299,0,0,0,0.519515335559845,0,0,12.0822647958994,0.288155913352966,0,0,0,9.55819323658943,104.006934624722,9.29221779108047,19.9458138644976,0,0,31.2841014489532,3.94386923313141,0,0,0,0,0,1.0286431312561,0,5.38782906532288,0.536742627620697,0,2.51175141334534,0,0,0,2.26394438743591,1.79219686985016,1.91871607303768,1.57368433475494,0.428327053785324,0,1.56824004650116,0,58.420281728349,0,0,0,0,0,0,90.4217083528638,0,1.88577568531036,0,0,0,0,119.510861294241,0,0,0,0,0.3316710293293,149.917740039296,0,163.279531712855,6.38428981602192,0,87.1856203880161,0.89541494846344,0,0,0.976294636726379,0,0,1.20077180862427,0,0
0,1.72349810600281,13.4829714662192,0,0,0,0,0,0,0,0,0,0.513801872730255,0,0,102.891628168938,0.706437468528748,0,0,0,10.9604578763247,10.8580403327942,71.0974659297589,1.73880922794342,0,0,93.4572281167136,0,0,0,0,0,0,2.71809647977352,0,5.32620079815388,5.7906649261713,3.48492582677864,5.6077097309377,0,0,0,242.517016269656,126.552824437375,207.596946805911,264.524166927041,0.815152704715729,0,0,10.2902029156685,3.99515819549561,417.692329793459,0,0,0,132.848712365879,4.75948870182037,0,1.01199805736542,3.95731368359878,0,0,55.6720081865788,0,86.3572690365836,225.533997870559,1.56676056981087,24.6464314498007,0,333.615073088441,0,1108.07859680849,23.9006413035095,0,48.123398864167,244.089341610405,147.891552562178,11.1027148265857,119.338989495489,0,3.91707763075829,3.6279439330101,104.876859217194,0.897173941135406,45.9983989586747
0,1.62876927852631,0,7.72820994257927,1.50693511962891,0,21.5081489086151,3.98486584424973,80.0957424342632,19.654841542244,0,0.682774126530293,1.4384868144989,0,0,28.8505074381828,0,0,0,6.56869074702263,9.41441401839256,21.8919180929661,9.90170896053314,307.886940301853,0,0,0,78.750506490469,4.00304663181305,0.412017464637756,0,0,1.72082018852234,0,0,65.4426626842469,4.1381299495697,1.72028863430023,0.564121425151825,14.5135045051575,0,1.71766924858093,61.721028651111,4.9153775125742,19.1204147934914,6.09830026328564,22.0563540021851,0,1.27205169200897,0,20.9919854142603,0.206533789634705,48.5179082266986,0,1.54426237940788,19.816829636693,4.80015642940998,239.34407979356,19.6633087396622,3.70261013507843,11.2437237501144,0,13.6567545756698,8.40699479356408,62.6397672519098,0,0,0,2.70902568846941,8.41002959385514,163.279531712855,23.9006413035095,883.685180660044,0.947818294197361,0,34.4406535420567,240.028897681253,6.98853521049023,15.4695945605636,0,0,2.72398260608315,12.6686292514205,0,6.06260111937137
0,1.70484763383865,0,0,0,0,0,0,0,0,12.9679383039474,0,41.0670362652418,0,0,0,0,0,0,0,0,1.76409989595413,0,0,55.2649245038629,8.12281906604767,16.5080390423536,0,0,0,18.9201602637768,0,0,1.96957050636411,0,0,3.64867877960205,1.50298380851746,0,0,0,1.32738828659058,0,5.97140844911337,6.83169577593336,3.91651350259781,0,0,16.6803754717112,0,23.4695972800255,0,0,0,0,0,0,7.18119670345914,0,13.2829677835107,0,90.9843496835946,2.63499559689288e-25,0,1.91959971189499,0,0.836557179689407,0.328427731990814,0,0,6.38428981602192,0,0.947818294197361,52.4085692465309,1.16525528414256e-21,119.931676755791,0,0,0,11.4309172928333,0,0,7.21188448671296,0,0
0,10.0635909847915,3.77600640058517,0,0,0,0,0,0,0,5.71582114696503,0,6.9100975394249,0,0,0,5.49279016256332,0,1.04250764846802,0,0,6.05928398726974e-05,6.44314223771873e-26,0,10.1829585656524,205.942693582742,314.804969984721,0,0,0,33.1624956130981,0,0,1.64134860038757,0,1.68580052256584,14.9224723428488,7.1665582950227,0.799221217632294,0,0,0,57.6278022055302,129.59058828274,66.3655982792843,42.8185979626142,0,0,3.12393768131733,5.86464321613312,2.54011982679367,211.584524493693,0,0,0,18.3393241807016,0,0,0,39.3363561355895,0,3.63419565558434,1.11918926239014,0,0,131.101798896617,128.660589898844,128.065446573251,0,1.50754153728565,0,48.123398864167,0,1.16525528414256e-21,1337.12133687953,265.716127397518,1.45316228270531,3.63314976729453,18.8497637916367,12.3363944813609,0.992214322090149,0,22.6488681370666,0,1.79263386130333
0,74.0201253793543,77.584890455398,0,0,0,0,0,0,0,3.76136183738708,0,30.2961583584547,0,0,43.595813035965,27.4351977333426,2.81559860706329,3.16543817520142,0,0,34.6543884552116,86.6911143884192,2.51850819587708,18.1604128479958,232.836301358276,1022.89729260528,0,0,0,33.633270509541,0,0,11.0291949771345,0,19.0652585629453,59.8051540255547,31.4961913167501,15.4845603182912,0,0,0,269.550185221015,102.638424532724,145.861551989284,188.672757326809,0.892376065254211,0,2.79554152488708,2.08068132400513,261.01434177775,409.671304241299,0.687278151512146,0,0,11.5676002800465,0,36.4361304772868,0,10.8830893039703,0,46.9962032447483,0,0,137.531413776815,81.9773769415067,6.53296428918898,61.53750936687,0,10.083208581596,87.1856203880161,244.089341610405,34.4406535420567,119.931676755791,265.716127397518,1495.64568729471,21.5402337610722,0,2.06982648372656,13.4115916639567,1.57565343379974,1.00726246833801,50.9365886878223,0,8.05409774184227
0,0,0,0,0,0,2.61228203773499,0,64.459307089448,0,0,0.437668055295944,0.722683608531952,0,0,4.86151196414352,0,0,0,0,1.49718928337097,5.01055598258972,0.573086977005005,209.029840533575,0,0,0,26.8515335321426,0,0,0,0,0,2.26901245117188,0,36.4439567029476,0.710655212402344,0,0,29.4259684085846,0,0,192.684057835405,9.47924952208996,124.09911875759,59.6538762935529,49.5372263774043,4.1820380753248,0.547074198722839,1.39961150288582,0.819569945335388,17.2518915869296,111.396296101874,0,50.9524598103017,502.889217644202,51.8468667355829,76.761536994949,225.821024632018,14.5231163669378,23.035053290427,0,46.8027157837108,0.925425410270691,15.2223853617907,2.36263100802898,0,0,16.2753741433608,235.434623607962,0.89541494846344,147.891552562178,240.028897681253,0,1.45316228270531,21.5402337610722,1212.22986583411,50.2527443464351,317.915834718626,0,0,15.2497697994149,65.4839486590111,0.991463512182236,14.6534066796322
0,0,0,0,0,0,0,0,0.708353579044342,0,0,0,0,0,0,0.733342111110687,0,0,0,0,0,0.905873000621796,0,0,0,0,0,0,0,0,0,0,0,0,0,0,0,0,0,0,0,0.480501711368561,35.2938157077429,1.56543325080485e-23,37.7607972025871,3.12823647074401,3.14899808168411,0.294854789972305,1.31700038909912,80.9318562382832,0,3.3738032579422,3.01118338108063,0,6.03805020451546,65.5978300264955,8.39158158342112,1.54212058335543,15.3457645922899,16.9923302531616,14.1805467270315,1.39083969593048,206.527277536384,1.25026905536652,3.61164200305939,3.09244939684868,5.79595824331045,1.70180514454842,4.80436289310455,10.5668167173862,0,11.1027148265857,6.98853521049023,0,3.63314976729453,0,50.2527443464351,803.44980623083,73.6776226907969,0.668655395507812,6.33601987361908,104.46842499138,57.7124877751789,0.13865339756012,5.20218938589096
0,0,0,0,0,0,0,0,1.73940408229828,0,0,0,0,0,0,4.23961055278778,0,0,0,0,5.33252421443467,3.05958676338196,1.56707942485809,3.41894391179085,0,0,0,4.50712209939957,0,0,0,0,0,0,0,5.59821170568466,0,0,0,0,0,0,81.1476855622856,9.30780440568924,41.6280606162431,10.7160323560694,2.12733507156372,1.72019875049591,0,52.2903479039669,0,4.40582847595215,0,0,0,385.746839886561,7.53070729970932,0,0,2.27912855148315,0.0788837522268295,0,124.375438786674,0,5.33557985723019,36.6590498685837,0,15.7307450175285,0,279.947484675075,0,119.338989495489,15.4695945605636,0,18.8497637916367,2.06982648372656,317.915834718626,73.6776226907969,700.520372327115,0,0.62510871887207,6.49668330475811,82.3627861427158,0,16.9021664857864
0,0,0,0,0,0,0,0,0,0,15.4667961597443,0,45.5588879023647,0,0,0,0,0,0,0,0,0,0,0,7.59287792444229,41.1488418132429,11.5081405043602,0,0,0,36.4350163694471,0,0,0.822208225727081,0,0,4.15084507438616e-25,1.06114856803429e-20,0,0,0,1.09730005264282,0,16.1055502891541,18.8424357059312,6.15298587083817,0,0,0.525412440299988,0,1.14123356342316,0,0,0,0,0,0,0,0,13.2895396649837,0,23.1475644516759,0.476887851953506,0,0,0,3.0968654290281e-12,0,0,0,0.976294636726379,0,0,11.4309172928333,12.3363944813609,13.4115916639567,0,0.668655395507812,0,16.764726139605,0,0,4.28178009390831,0,0
0,0,0,0,0,0,0,0,0,0,0,0,0,0,0,0,0,0,0,0,0,0,0,0,0,0,0,0,0,0,0,0,0,0,0,0,0,1.83367168903351,0,0,0,1.89853262901306,30.4918329637068,3.05417621135712,21.6685876258558,6.09340518712997,8.31428083777428,2.15906500816345,1.57152187824249,0,0,0,0,13.9276021271944,4.81598115339875,0,19.1577235313224,0,0,21.7851296365261,1.80935668945312,1.06096601486206,5.0921728014946,0,0,0,4.8496835231781,1.54437339305878,0.769589245319366,0.0343566983938217,0,3.91707763075829,0,0,0.992214322090149,1.57565343379974,0,6.33601987361908,0.62510871887207,0,46.8047653613195,2.40647220611572,125.144498064436,0,6.66150218575813
0,0,0,0,0,0,0,0,4.27601659297943,0,0,0,0,0,0,1.68129825592041,0,0,0,0,1.8159077167511,0,0,13.3957390785217,0,0,0,0,0,0,0,0,0,0,0,1.56508708000183,0,0,0,0,0,0,0,0.601877093315125,4.55581367015839,2.27916097640991,0,0,0,1.64577102661133,0,0.615593373775482,0,0,0,5.97595168650178,0,0,0,0,0,0,13.2866569757462,0,0,0,0,0,0,2.55938106775284,0,3.6279439330101,2.72398260608315,0,0,1.00726246833801,15.2497697994149,104.46842499138,6.49668330475811,0,2.40647220611572,34.8519288301468,5.88247317075729,1.28129553794861,0
0,0,0,0,0,0,0,0,0,0,0,0,2.69116219878197,2.27189755439758,0,0,0,0,0,0,0,0,0.568917870521545,5.85226559638977,2.22427362203598,0,1.89685344696045,2.26872730255127,0.736271023750305,0,0,0,0,3.47607067227364,0.917259097099304,0,3.03642702102661,1.62630385160446,2.33954149484634,0,0,2.8211829662323,34.759903222324,13.6221330333501,96.0401128442868,21.1390516906977,2.10773462057114,9.13325834274292,10.0816230773926,1.41103422641754,10.0328606665134,5.97784721851349,1.47897601127625,70.4205581174186,21.8847324550152,33.2955447599238,13.1098899021745,8.24598634243011,14.2024190723896,200.408996012431,12.8406608998775,17.8703933865764,40.3191706240595,0,4.54018896445632,115.779931116859,36.5995057690595,94.8876033703145,12.6168178319931,114.126703793549,1.20077180862427,104.876859217194,12.6686292514205,7.21188448671296,22.6488681370666,50.9365886878223,65.4839486590111,57.7124877751789,82.3627861427158,4.28178009390831,125.144498064436,5.88247317075729,315.216421483249,3.51907457411289,20.4864733815193
0,0,0,0,0,12.2522959113121,0,0,0,0,0,42.8297087550163,0,0,2.7770864367485,0,0,0,0,0,0,0,0,0,0,0,0,0,0,0,0,0,0,2.67112317681313,2108.14171638524,9.49012970924377,6.58600755035877,1.09894073009491,47.1073790043592,0,0,0,110.045239045171,20.1224716699921,19.8570830533863,75.9890110567212,4.48367917686507,12.9412402138114,0,0,0,0,0,0,63.070646122098,3.70853862166405,1.02253019809723,0,10.8533703386784,7.76680487394333,86.3830522487061,0,0,0,0,0,0,0,0,0.373921275138855,0,0.897173941135406,0,0,0,0,0.991463512182236,0.13865339756012,0,0,0,1.28129553794861,3.51907457411289,5113.49954605312,857.568158514091
0,0,3.82427069544792,0,0.597445789724588,9.05484622716904,4.7262065410614,3.45053400099277,13.7286894917488,6.49639439582825,1.84690260887146,9.15666139125824,0,0,0.761573791503906,5.0055872797966,3.70181155204773,0,0,0,52.7235050871986,1.89757692813873,60.4331782561749,3.70921683311462,0,6.3245941400528,18.3652773797544,13.0504261851311,11.729361563921,32.56741899997,0,3.56099617481232,0,28.6582057149558,780.09473476279,86.7055677655153,106.443876460866,72.3421972990047,474.380732559265,1.83987981081009,18.5335397720337,0,61.9606975354254,70.0582550084667,60.850122500211,512.655317925139,4.53500092029572,4.95858299752024,0,4.23436459506821e-11,0,1.88736367225647,0.385826230049133,0.474460296332836,1.95463728904724,8.39810375496745,3.0536550283432,3.38059628009796,1.54208850860596,15.3968694806099,5.2598323225975,0,2.16203433275223,0,3.10177099704742,0,1.00584802031517,0.673486948013306,0.0201226118952036,34.0709664821625,0,45.9983989586747,6.06260111937137,0,1.79263386130333,8.05409774184227,14.6534066796322,5.20218938589096,16.9021664857864,0,6.66150218575813,0,20.4864733815193,857.568158514091,81.1180208325386
