530.649403533418,209.788797945046,8.93831207603217,1.47631680210861e-18,606.835598547058,11.2808414894068,6.65156894412539e-19,537.126912868504,16.2304784005927,1.59858629852534,595.955664132149,23.8183316029608,45.989841727517,0,0.487967580556873,48.8331761453301
209.788797945046,440.174998418431,81.1184315547817,17.4465414536984,9.23340620845557,47.2076559215784,0.204396158456804,29.8489596880973,258.916199109037,218.584969348327,4.76685291528702,1.27823901176453,28.3941561356187,0.261354318354279,195.249226922939,17.1388191730221
8.93831207603217,81.1184315547817,498.344643093128,64.7354973202929,549.150816482388,734.745302760735,43.0810503475368,221.346109704695,41.5702326630365,0.339447230100636,0,7.0380631312728,12.2591754049063,0,6.60045152157545,3.09359383583069
1.47631680210861e-18,17.4465414536984,64.7354973202929,17.9024851322175,7.16672623157502,56.1754913544945,20.6675391886122,68.0959686487914,333.718510578418,13.1295218467713,0,65.6037881404628,0,6.55007620941061e-19,162.319411382186,1.71950745582581
606.835598547058,9.23340620845557,549.150816482388,7.16672623157502,861.215578753502,432.942184902645,107.54336462915,4.9067080244422,1.48016655445099,2.18863493204117,2.14871978759766,26.8446800708771,23.8018433031976,0,17.5043961107731,13.5321565568447
11.2808414894068,47.2076559215784,734.745302760735,56.1754913544945,432.942184902645,615.03270606772,46.1617636419834,99.2168702143695,9.48566353321075,0.22382003068924,0,14.0052612647414,142.050620604883,0,245.884672669228,9.87266801297666
6.65156894412539e-19,0.204396158456804,43.0810503475368,20.6675391886122,107.54336462915,46.1617636419834,176.944126382471,12.9107602351097,0,0,0,998.587354116613,3.96642601490021,0,12.2282745316668,0
537.126912868504,29.8489596880973,221.346109704695,68.0959686487914,4.9067080244422,99.2168702143695,12.9107602351097,130.465884072274,1.16368782520294,1.6417459452828e-19,0,566.890649454732,61.7719527174731,6.56301791965961,17.9698660001159,24.0877164676786
16.2304784005927,258.916199109037,41.5702326630365,333.718510578418,1.48016655445099,9.48566353321075,0,1.16368782520294,657.838181265079,14.5802643299103,3.55752881419223e-19,2.65298587635624e-19,0,1144.90258692186,30.8715932723137,134.920566243189
1.59858629852534,218.584969348327,0.339447230100636,13.1295218467713,2.18863493204117,0.22382003068924,0,1.6417459452828e-19,14.5802643299103,208.338642483827,0,0,0,423.009922635089,24.1054929401726,197.629176895579
595.955664132149,4.76685291528702,0,0,2.14871978759766,0,0,0,3.55752881419223e-19,0,333.164642604179,0,1.29683202505112,0,2.28685738417043e-19,418.542964361264
23.8183316029608,1.27823901176453,7.0380631312728,65.6037881404628,26.8446800708771,14.0052612647414,998.587354116613,566.890649454732,2.65298587635624e-19,0,0,596.868585506339,130.673145329792,0,2.76759105920792,1.38626885414124
45.989841727517,28.3941561356187,12.2591754049063,0,23.8018433031976,142.050620604883,3.96642601490021,61.7719527174731,0,0,1.29683202505112,130.673145329792,176.552386763262,1.3560985326767,4.69166135787964,141.633034487255
0,0.261354318354279,0,6.55007620941061e-19,0,0,0,6.56301791965961,1144.90258692186,423.009922635089,0,0,1.3560985326767,461.420445784875,1.7395331176485e-18,209.338894668173
0.487967580556873,195.249226922939,6.60045152157545,162.319411382186,17.5043961107731,245.884672669228,12.2282745316668,17.9698660001159,30.8715932723137,24.1054929401726,2.28685738417043e-19,2.76759105920792,4.69166135787964,1.7395331176485e-18,217.070256777108,1.41249442100525
48.8331761453301,17.1388191730221,3.09359383583069,1.71950745582581,13.5321565568447,9.87266801297666,0,24.0877164676786,134.920566243189,197.629176895579,418.542964361264,1.38626885414124,141.633034487255,209.338894668173,1.41249442100525,126.655793233085
