533.116090107826,273.39912175748,11.9073653746746,0.556275267386809,458.781418457191,13.1499297143309,7.62166543945204,696.804925831559,53.4528838237165,3.13047421479132,561.177062608826,8.13585050730035,53.1184587612515,0,7.96442630386446,34.8442331703845
273.39912175748,359.870722148335,53.6804953893297,5.35262815153692,9.51016316126334,64.8545709545142,1.99778163910378,28.1531937471591,328.545421645686,177.658935579675,0,14.7307865726762,31.2059521578485,2.11699263006449,252.583286438021,24.1482196775032
11.9073653746746,53.6804953893297,471.176306732232,61.5671216866467,533.379759182484,718.831507393101,19.7733687672298,229.632084879442,18.0360432764282,6.68234226258937,0,9.03192636082531,29.9131670986535,0,12.2701342601795,0.00156770617468283
0.556275267386809,5.35262815153692,61.5671216866467,29.3966238202993,0.357462542480789,45.3617069714237,23.6541454453836,69.0813402024796,552.265277138504,34.8268261934863,0,50.7113409424201,2.10669752536342,4.1521740090102,245.692637191329,2.23672060866375
458.781418457191,9.51016316126334,533.379759182484,0.357462542480789,754.375851477031,442.194619321148,88.6328853555024,24.1611396074295,7.80613765120506,3.74048025475349,3.9495679482352,20.7736023174366,69.7741260588518,0,33.9293253469514,4.60165477870032
13.1499297143309,64.8545709545142,718.831507393101,45.3617069714237,442.194619321148,699.04296544136,55.163318525767,83.9923261678196,23.7587108812295,5.56447249464691,0,25.9861982500879,113.282773198123,0,364.932176573202,11.691176065302
7.62166543945204,1.99778163910378,19.7733687672298,23.6541454453836,88.6328853555024,55.163318525767,172.461041284609,54.8243121602573,21.9714302693028,1.54766916274093,0,992.198872166337,9.45924974250374,0.141101226210594,36.3129789519007,1.81252922397107
696.804925831559,28.1531937471591,229.632084879442,69.0813402024796,24.1611396074295,83.9923261678196,54.8243121602573,161.777345563401,31.4972217676695,5.22822416969575,0,522.46413691307,68.7972167924163,1.25491254462395,64.4174684245954,24.202050286287
53.4528838237165,328.545421645686,18.0360432764282,552.265277138504,7.80613765120506,23.7587108812295,21.9714302693028,31.4972217676695,672.640152302338,20.8312292807968,2.17065215110779,4.81525404052809,3.49760550260544,942.523057732673,64.2190444903099,137.839956859127
3.13047421479132,177.658935579675,6.68234226258937,34.8268261934863,3.74048025475349,5.56447249464691,1.54766916274093,5.22822416969575,20.8312292807968,174.140413946297,0,3.55177909135818,0.190376460552216,390.692571523017,64.8550285227248,144.853538200987
561.177062608826,0,0,0,3.9495679482352,0,0,0,2.17065215110779,0,251.433251762763,3.15979242324829,0,0,0.205836713314056,400.48385763343
8.13585050730035,14.7307865726762,9.03192636082531,50.7113409424201,20.7736023174366,25.9861982500879,992.198872166337,522.46413691307,4.81525404052809,3.55177909135818,3.15979242324829,562.491993752425,110.570820299676,0,27.6314427943435,7.42897493671626
53.1184587612515,31.2059521578485,29.9131670986535,2.10669752536342,69.7741260588518,113.282773198123,9.45924974250374,68.7972167924163,3.49760550260544,0.190376460552216,0,110.570820299676,169.553037061589,6.66400115180295,15.639428343391,147.461897334317
0,2.11699263006449,0,4.1521740090102,0,0,0.141101226210594,1.25491254462395,942.523057732673,390.692571523017,0,0,6.66400115180295,457.687009882298,0,150.659937455552
7.96442630386446,252.583286438021,12.2701342601795,245.692637191329,33.9293253469514,364.932176573202,36.3129789519007,64.4174684245954,64.2190444903099,64.8550285227248,0.205836713314056,27.6314427943435,15.639428343391,0,194.777766123065,0.9473046886269
34.8442331703845,24.1482196775032,0.00156770617468283,2.23672060866375,4.60165477870032,11.691176065302,1.81252922397107,24.202050286287,137.839956859127,144.853538200987,400.48385763343,7.42897493671626,147.461897334317,150.659937455552,0.9473046886269,50.4734564021055
