0,263.951899826527,0,0,451.578338444233,0,0,612.202239155769,0,0,493.02926671505,0,0,0,0,0
263.951899826527,0,69.4567456245422,0,0,0,0,0,352.062676310539,0,0,0,0,0,282.222584247589,0
0,69.4567456245422,0,0,361.655480921268,479.706022560596,0,184.446663618088,0,0,0,13.5689487457275,0,0,0,0
0,0,0,0,0,0,0,0,411.412375658751,0,0,59.9513481855392,0,0,220.951240926981,0
451.578338444233,0,361.655480921268,0,0,325.072754323483,84.6281586885452,0,0,0,0,0,84.1666824817657,0,0,0
0,0,479.706022560596,0,325.072754323483,0,0,0,0,0,0,0,210.408990502357,0,341.95472663641,0
0,0,0,0,84.6281586885452,0,0,0,0,0,0,712.949819684029,0,0,72.6181907951832,0
612.202239155769,0,184.446663618088,0,0,0,0,0,0,0,0,515.407632768154,0,0,0,0
0,352.062676310539,0,411.412375658751,0,0,0,0,0,0,0,0,0,732.533791184425,0,0
0,0,0,0,0,0,0,0,0,0,0,0,0,345.356662213802,0,272.201927959919
493.02926671505,0,0,0,0,0,0,0,0,0,0,0,0,0,0,370.649205744267
0,0,13.5689487457275,59.9513481855392,0,0,712.949819684029,515.407632768154,0,0,0,0,0,0,0,0
0,0,0,0,84.1666824817657,210.408990502357,0,0,0,0,0,0,0,0,0,194.586841583252
0,0,0,0,0,0,0,0,732.533791184425,345.356662213802,0,0,0,0,0,126.517512917519
0,282.222584247589,0,220.951240926981,0,341.95472663641,72.6181907951832,0,0,0,0,0,0,0,0,0
0,0,0,0,0,0,0,0,0,272.201927959919,370.649205744267,0,194.586841583252,126.517512917519,0,0
