2.3619605424298,0.0,0.0268509822542,0.0037035837592,0.0,0.0,2.9369419210456003,0.0115736992475,0.027776878194,0.0388876294716,0.0041665317291,0.0,0.0032406357893,3.9345947961801,0.0,0.0027776878194,0.0861083224014,0.0018517918796,0.0148143350368,0.0009258959398,0.0388876294716,0.0074071675184,0.24860305983630002,0.2523066435955,0.0,0.0175920228562,0.0074071675184,0.5722036907964,2.9341642332262,0.930525419499,0.0,0.0,0.0518501726288,0.1768461245018,0.0018517918796,0.1004597094683,0.0189808667659,0.11573699247500001,0.0212956066154,0.0499983807492,0.043980057140500003,0.0009258959398,0.0032406357893,0.0,0.0,0.0,0.0023147398495,0.0,0.0,0.0,0.0004629479699,0.0,0.0004629479699,0.0,0.0,0.0,0.0,0.0124995951873,0.0,0.0,0.0,0.0,0.0,0.0,0.0,0.0,0.0,0.0,0.0,0.0,0.0037035837592,0.0,0.0032406357893,0.0009258959398,0.0,0.0,0.0,0.0,0.0,0.0,0.0,0.0,0.0,0.0,0.0148143350368
0.0,1.7596652335899001,0.0597202881171,0.0013888439097,0.0,0.0004629479699,0.0032406357893,0.0,0.4712810333582,0.0004629479699,0.0296286700736,0.0134254911271,0.2856388974283,0.0013888439097,0.0037035837592,0.171290748863,0.1768461245018,0.0245362424047,0.1671242171339,0.0,0.0106478033077,2.2059470765735,0.0546278604482,1.8059600305799,1.8314221689244001,0.6217391235757,5.5891708406027,0.0194438147358,0.0111107512776,0.0189808667659,0.041665317291,0.0,0.0004629479699,0.0287027741338,0.0023147398495,0.2967496487059,0.2425847362276,0.1972158351774,0.16388358134460002,0.5661853671877,0.0069442195485,0.1499951422476,0.3273042147193,0.2333257768296,0.1569393617961,0.0481465888696,0.0069442195485,0.0004629479699,0.0111107512776,0.0,0.9504321822047,0.1365696511205,0.0,0.0,0.0,0.0004629479699,0.0,0.0064812715786,0.0,0.0773123109733,0.0,0.7356243241711,0.0,0.0004629479699,0.0282398261639,0.2411958923179,0.0421282652609,0.1624947374349,0.0,0.0097219073679,0.0638868198462,0.1351808072108,0.0240732944348,0.6490530537998,1.0235779614489,2.6175078218146,0.0060183236087,0.0032406357893,0.0018517918796,0.1185146802944,0.0004629479699,0.0,0.0560167043579,0.0027776878194,0.07083103939470001
0.0268509822542,0.0597202881171,16.0217033422992,0.0,0.0,0.0,0.8036776757464,0.1671242171339,0.0013888439097,0.0166661269164,0.0106478033077,0.0,0.0009258959398,0.9402473268669,0.0,0.1976787831473,2.1179869622925,0.0356469936823,0.1499951422476,0.0,0.6823853076326,0.046757744959900004,11.518145491112,0.2166596499132,0.0032406357893,9.0173005577122,12.77736396924,1.0620026429506,0.0546278604482,0.2898054291574,0.0018517918796,0.0,0.0023147398495,0.11064456480610001,0.0078701154883,1.513839861573,1.0541325274623,0.8078442074755,0.55553756388,0.0902748541305,0.0115736992475,0.0,0.5999805689904,0.3948946183247,0.4273009762177,0.1212923681138,0.0013888439097,0.0018517918796,0.0,0.0,0.1652724252543,1.7939233833625001,0.0,0.0,0.0,0.0,0.0,0.0009258959398,0.0,0.0004629479699,0.0,0.0009258959398,0.0,0.0,0.1180517323245,0.7759007975524,0.0004629479699,0.0620350279666,0.0,0.0129625431572,0.0560167043579,1.5730972017202,0.0013888439097,0.0064812715786,0.9425620667164,4.8924341459032,0.0018517918796,0.0,0.0,0.0,0.0,0.0,0.0949043338295,0.0055553756388,0.2448994760771
0.0037035837592,0.0013888439097,0.0,21.473378635841602,0.0013888439097,0.0962931777392,0.0212956066154,0.1069409810469,0.481465888696,7.6983617914671,0.0,13.6032631475416,0.0,0.7643270983049,0.111107512776,0.0,0.0,0.0,0.0,16.4818736243798,0.0,0.0129625431572,0.0,2.7767619234602,0.0,0.0,0.0004629479699,7.791414333417,0.1472174544282,0.0,0.0,0.0,0.0004629479699,0.08749716631110001,0.0004629479699,0.1129593046556,0.0013888439097,0.0814788427024,0.0074071675184,2.0119718771854,0.1606429455553,0.0,0.2194373377326,0.0,0.0,0.0,0.2171225978831,0.0,0.0,0.0,0.0,0.0,0.4092460053916,0.0,0.0,0.0013888439097,0.0,0.2902683771273,0.0,0.0,0.3365631741173,0.0,0.0009258959398,0.0,0.0,0.0,0.0,0.0,0.0023147398495,0.0,0.0009258959398,0.0,0.07083103939470001,0.0,0.0,0.0,0.0018517918796,0.0,0.0,0.0,0.0,0.0,0.0,0.0,0.0087960114281
0.0,0.0,0.0,0.0013888439097,0.6171096438767,1.6735569111885,0.1060150851071,2.2633526248411,0.0,0.3217488390805,0.0,0.0055553756388,0.0,0.0282398261639,0.0004629479699,0.0,0.0,0.0,0.0,0.0013888439097,0.0004629479699,0.0,0.0041665317291,0.0023147398495,0.0,0.0,0.0,0.0435171091706,0.0004629479699,0.0004629479699,0.0,1.374955470603,0.0,0.0,0.0,0.0,0.0,0.0,0.0,0.0810158947325,0.3300819025387,0.0,0.0,0.0,0.0,0.0,0.0,0.0,0.0,0.0,0.0,0.0,0.0,0.0,0.0,0.0,0.0,0.0,0.0,0.0,0.0,0.0,0.0,0.0,0.0,0.0,0.0,0.0,0.0,0.0,0.0,0.0,0.0,0.0,0.0,0.0,0.0,0.0,0.0,0.0,0.0,0.0,0.0,0.0,0.0
0.0,0.0004629479699,0.0,0.0962931777392,1.6735569111885,22.17520775821,0.15277283006700001,8.344637157447501,0.0120366472174,16.4110425849851,0.0004629479699,4.8836381344751,0.0,0.4541519584719,0.3421185497561,0.0,0.0,0.0,0.0,0.0680533515753,0.0013888439097,0.0013888439097,0.0004629479699,0.0203697106756,0.0,0.0,0.0,0.1319401714215,0.0037035837592,0.0009258959398,0.0,0.0624979759365,0.0,0.0032406357893,5.5127844255692,0.0222215025552,0.0009258959398,0.0023147398495,0.0009258959398,5.3697335028701,0.226844505251,0.0,0.0064812715786,0.0,0.0,0.0,0.0004629479699,0.0009258959398,0.0,0.0,0.0,0.0,0.0004629479699,0.0,0.0,0.0,0.0,0.0,0.0,0.0,0.0055553756388,0.0,0.0,0.0009258959398,0.0,0.0,0.0,0.0,0.0,0.0,0.0,0.0,0.0,0.0,0.0,0.0,0.0,0.0,0.0,0.0,0.0,0.0,0.0,0.6657191807162,0.2282333491607
2.9369419210456003,0.0032406357893,0.8036776757464,0.0212956066154,0.1060150851071,0.15277283006700001,44.8888240054137,5.3234387058801005,0.1800867602911,5.6007445398502,0.0087960114281,0.0148143350368,0.0189808667659,21.6502247603434,0.0032406357893,0.0254621383445,0.5050762351609001,0.0037035837592,0.0449059530803,0.0050924276689,1.3559746038371001,0.0240732944348,4.5433713765986,1.4555084173656,0.0,0.1444397666088,0.1120334087158,15.220803354372201,2.194373377326,6.3812748171016,0.0,0.0,0.1069409810469,0.7694195259738,0.0203697106756,0.9647835692716,0.0712939873646,0.9606170375425,0.2370293605888,1.8809576017037,0.6587749611677,0.0027776878194,0.0393505774415,0.0,0.0004629479699,0.0,0.0444430051104,0.0,0.0,0.0,0.0,0.0,0.0013888439097,0.0,0.0,0.0013888439097,0.0,0.0680533515753,0.0,0.0,0.0009258959398,0.0018517918796,0.0,0.0004629479699,0.0009258959398,0.0,0.0,0.0,0.0027776878194,0.0004629479699,0.0115736992475,0.0,0.0810158947325,0.0027776878194,0.0,0.0,0.0194438147358,0.0,0.0,0.0,0.0,0.0,0.0009258959398,0.0004629479699,0.0916636980402
0.0115736992475,0.0,0.1671242171339,0.1069409810469,2.2633526248411,8.344637157447501,5.3234387058801005,28.2657512502144,0.0060183236087,10.0580075940474,0.0,0.1236071079633,0.0013888439097,7.9293728284472005,0.0069442195485,0.0023147398495,0.0078701154883,0.0004629479699,0.0,0.0652756637559,0.1703648529232,0.0013888439097,0.7620123584554,0.11573699247500001,0.0,0.0018517918796,0.0009258959398,1.0865388853553,0.2286962971306,0.13564375518070002,0.0,0.5222053100472,0.0027776878194,0.0166661269164,0.0120366472174,0.0328693058629,0.0013888439097,0.0476836408997,0.0120366472174,2.0624332059045,1.1115380757299,0.0,0.0041665317291,0.0,0.0,0.0,0.0064812715786,0.0,0.0,0.0,0.0,0.0,0.0009258959398,0.0,0.0,0.0,0.0,0.0060183236087,0.0,0.0,0.0004629479699,0.0004629479699,0.0,0.0,0.0,0.0,0.0,0.0,0.0,0.0,0.0013888439097,0.0,0.0,0.0009258959398,0.0,0.0,0.0,0.0,0.0,0.0,0.0,0.0,0.0,0.0004629479699,0.0013888439097
0.027776878194,0.4712810333582,0.0013888439097,0.481465888696,0.0,0.0120366472174,0.1800867602911,0.0060183236087,4.1091261808324,0.2523066435955,0.0013888439097,0.1888827717192,0.0300916180435,0.1685130610436,0.0504613287191,0.0037035837592,0.0083330634582,0.0,0.0055553756388,0.0499983807492,0.0018517918796,2.6346368967009,0.0171290748863,14.8110944010107,0.1861050838998,0.0222215025552,0.4782252529067,1.115704607459,0.3615623644919,0.2157337539734,0.0004629479699,0.0,0.0282398261639,0.09351548991980001,0.0097219073679,0.30554566013400003,0.0097219073679,0.1268477437526,0.0226844505251,1.9878985827506,0.2351775687092,0.0106478033077,0.4448929990739,0.0074071675184,0.1449027145787,0.0236103464649,0.0759234670636,0.0199067627057,0.0037035837592,0.0240732944348,0.0027776878194,0.0027776878194,0.6772928799637,0.0013888439097,0.064812715786,0.4291527680973,0.1444397666088,1.499951422476,0.4046165256926,0.0,0.057868496237500004,0.0032406357893,0.2448994760771,0.0120366472174,0.0,0.0013888439097,0.0,0.0,0.157402309766,0.0041665317291,0.0226844505251,0.0078701154883,1.2258862242952,0.0055553756388,0.0009258959398,0.0032406357893,1.0106154182917,0.2564731753246,0.1671242171339,0.0,0.0,0.0287027741338,0.0620350279666,0.0060183236087,0.0861083224014
0.0388876294716,0.0004629479699,0.0166661269164,7.6983617914671,0.3217488390805,16.4110425849851,5.6007445398502,10.0580075940474,0.2523066435955,119.167436931959,0.0027776878194,10.6167857937167,0.0027776878194,11.4787949136705,0.9059891770943,0.0004629479699,0.0032406357893,0.0,0.0018517918796,6.0173977127602,0.0203697106756,0.0078701154883,0.0717569353345,0.9291365755893,0.0,0.0,0.0004629479699,8.7548090587789,1.129593046556,0.023147398495,0.0,0.0,0.004629479699,0.5435009166626,2.921201690069,0.4333192998264,0.0037035837592,0.5402602808733,0.08749716631110001,22.8964806953142,0.5379455410238,0.0,0.21527080600350001,0.0004629479699,0.0,0.0004629479699,0.19212340750850002,0.0004629479699,0.0,0.0,0.0,0.0,0.050924276689,0.0,0.0041665317291,0.0,0.0,0.1958269912677,0.0,0.0,0.0560167043579,0.0,0.0,0.0004629479699,0.0,0.0,0.0,0.0,0.0018517918796,0.0,0.0004629479699,0.0,0.0217585545853,0.0,0.0,0.0,0.0,0.0,0.0,0.0,0.0,0.0,0.0,0.2527695915654,0.1333290153312
0.0041665317291,0.0296286700736,0.0106478033077,0.0,0.0,0.0004629479699,0.0087960114281,0.0,0.0013888439097,0.0027776878194,17.7188705999526,0.0,2.5452879385102,0.1291624836021,0.0,0.0018517918796,0.6694227644754001,4.245232883983,1.0823723536262,0.0,0.0291657221037,0.0037035837592,0.09258959398,0.0041665317291,0.3583217287026,2.0300268480115,0.111107512776,0.0032406357893,2.3142769015301,0.04629479699,0.46479976177960003,0.0166661269164,0.0018517918796,5.5919485284221,0.0203697106756,0.3138787235922,1.0837611975359,3.4313703528988,0.2236038694617,0.11573699247500001,0.3754508035889,3.0637896647982,0.0055553756388,0.0486095368395,0.004629479699,0.0032406357893,0.0018517918796,0.0013888439097,0.0268509822542,0.0,0.0199067627057,0.0,0.0,0.0,0.0,0.0,0.0,0.0,0.0,0.0333322538328,0.0004629479699,0.31063808780290003,0.0,0.0,0.0,0.0,0.0023147398495,0.0004629479699,0.0,0.0009258959398,0.0060183236087,0.0018517918796,0.0004629479699,0.043980057140500003,0.0398135254114,0.050924276689,0.0,0.0018517918796,0.0,0.0490724848094,0.0004629479699,0.0,0.0023147398495,0.0101848553378,0.0374987855619
0.0,0.0134254911271,0.0,13.6032631475416,0.0055553756388,4.8836381344751,0.0148143350368,0.1236071079633,0.1888827717192,10.6167857937167,0.0,31.2827831700527,0.0004629479699,0.4268380282478,2.7100974157946,0.0,0.0,0.0,0.0,7.9011330022833,0.0,0.0259250863144,0.0,1.2522742585795,0.0013888439097,0.0,0.0124995951873,2.5216775920453,0.0134254911271,0.0,0.0,0.0,0.0,0.0074071675184,2.7156527914334,0.0212956066154,0.0,0.009258959398,0.0004629479699,4.72206929298,0.0115736992475,0.0004629479699,0.0583314442074,0.0009258959398,0.0,0.0013888439097,0.0421282652609,0.0018517918796,0.0,0.0,0.0,0.0,0.3532293010337,0.0,0.0083330634582,0.0069442195485,0.0023147398495,0.043980057140500003,0.0032406357893,0.0,0.407394213512,0.0004629479699,0.0037035837592,0.004629479699,0.0,0.0,0.0,0.0,0.0180549708261,0.0,0.0,0.0,0.0537019645084,0.0004629479699,0.0,0.0,0.0259250863144,0.0,0.0,0.0,0.0,0.0,0.0,0.8916377900274,0.1888827717192
0.0032406357893,0.2856388974283,0.0009258959398,0.0,0.0,0.0,0.0189808667659,0.0013888439097,0.0300916180435,0.0027776878194,2.5452879385102,0.0004629479699,11.5894394784766,0.0310175139833,0.0,0.0060183236087,0.0050924276689,0.0032406357893,0.0106478033077,0.0,0.0078701154883,0.0782382069131,0.0050924276689,0.1384214430001,2.4110330272392,0.074071675184,2.6040823306875,0.0777752589432,0.25415843547510003,0.0296286700736,1.3689371469943,0.0055553756388,0.0009258959398,0.8629350158936,0.0305545660134,0.2810094177293,1.5018032143556,1.5342095722486,0.0953672817994,0.14675450645830002,0.3541551969735,2.6809316936909,0.10462624119740001,0.5847032859837,0.09907086555860001,0.0166661269164,0.0967561257091,0.0023147398495,0.157402309766,0.0,0.4041535777227,0.0037035837592,0.0041665317291,0.0,0.0027776878194,0.0064812715786,0.0013888439097,0.0050924276689,0.0050924276689,0.5768331704954001,0.0032406357893,6.4794197867204,0.0050924276689,0.0009258959398,0.0060183236087,0.0032406357893,0.1166628884148,0.0162031789465,0.0124995951873,0.0194438147358,0.1277736396924,0.0143513870669,0.0208326586455,1.1101492318202,0.9263588877699,2.1814108341688,0.0365728896221,0.0314804619532,0.0115736992475,1.1494998092617,0.0023147398495,0.0013888439097,0.0361099416522,0.0115736992475,0.032406357893
3.9345947961801,0.0013888439097,0.9402473268669,0.7643270983049,0.0282398261639,0.4541519584719,21.6502247603434,7.9293728284472005,0.1685130610436,11.4787949136705,0.1291624836021,0.4268380282478,0.0310175139833,14.3365727318632,0.009258959398,0.0157402309766,0.5615558874887,0.11064456480610001,0.0898119061606,0.2347146207393,0.7675677340942,0.0222215025552,5.3252904977597,1.6004111319443,0.0004629479699,0.23239988088980001,0.049535432779300004,5.9206415870511,9.5626532662544,2.1314124534196,0.0314804619532,1.2170902128671,0.0912007500703,0.546278604482,0.0115736992475,0.6939590068801,0.08796011428100001,0.8041406237163,0.2384182044985,1.3226423500043,1.9573440167372,0.0064812715786,0.0800899987927,0.0004629479699,0.0,0.0,0.08796011428100001,0.0,0.0004629479699,0.0,0.0004629479699,0.0,0.0115736992475,0.0,0.0004629479699,0.0,0.0,0.0689792475151,0.0,0.0,0.0037035837592,0.0027776878194,0.0,0.0,0.0,0.0,0.0,0.0,0.0,0.0,0.0111107512776,0.0,0.0032406357893,0.0106478033077,0.0,0.0004629479699,0.0,0.0,0.0,0.0,0.0,0.0,0.0,0.0004629479699,0.0643497678161
0.0,0.0037035837592,0.0,0.111107512776,0.0004629479699,0.3421185497561,0.0032406357893,0.0069442195485,0.0504613287191,0.9059891770943,0.0,2.7100974157946,0.0,0.009258959398,0.1726795927727,0.0,0.0,0.0,0.0,0.0837935825519,0.0,0.0078701154883,0.0004629479699,0.1078668769867,0.0009258959398,0.0,0.0009258959398,0.0430541612007,0.0004629479699,0.0,0.0,0.0,0.0,0.0004629479699,0.0,0.0009258959398,0.0,0.0,0.0,0.2814723656992,0.0004629479699,0.0,0.0004629479699,0.0,0.0,0.0,0.0013888439097,0.0,0.0,0.0,0.0,0.0,0.0032406357893,0.0,0.0,0.0,0.0009258959398,0.0018517918796,0.0,0.0,0.0060183236087,0.0,0.0009258959398,0.0,0.0,0.0,0.0,0.0,0.0018517918796,0.0,0.0,0.0,0.0032406357893,0.0,0.0,0.0,0.0009258959398,0.0,0.0004629479699,0.0,0.0,0.0,0.0,0.0,0.0
0.0027776878194,0.171290748863,0.1976787831473,0.0,0.0,0.0,0.0254621383445,0.0023147398495,0.0037035837592,0.0004629479699,0.0018517918796,0.0,0.0060183236087,0.0157402309766,0.0,9.8251447651877,0.1657353732242,0.0018517918796,0.0240732944348,0.0,5.4910258709839,3.180452553213,5.41649124783,2.7448185135371,0.023147398495,0.1370325990904,4.597073341107,1.3953251812786,0.0333322538328,0.1629576854048,0.0,0.0,0.0069442195485,0.2143449100637,0.0430541612007,3.3897050356078,0.8879342062682,0.8268250742414001,0.6495160017697,0.347210977425,0.0611091320268,0.0013888439097,0.6138690080874,0.29350901291660003,0.2259186093112,0.08194179067230001,0.0425912132308,0.0013888439097,0.0,0.0,0.0949043338295,0.0976820216489,0.0,0.0,0.0,0.0004629479699,0.0,0.0055553756388,0.0,0.0,0.0,0.0,0.0,0.0023147398495,1.6781863908875,0.0120366472174,0.0,0.0,0.0,0.2986014405855,1.1263524107667,2.7624105363933,0.3083233479534,0.0004629479699,0.0064812715786,2.0328045358309,0.1444397666088,0.0074071675184,0.0449059530803,0.0,0.0,0.0055553756388,0.0282398261639,0.0013888439097,0.5726666387663
0.0861083224014,0.1768461245018,2.1179869622925,0.0,0.0,0.0,0.5050762351609001,0.0078701154883,0.0083330634582,0.0032406357893,0.6694227644754001,0.0,0.0050924276689,0.5615558874887,0.0,0.1657353732242,5.7840719359306,0.6254427073349,5.2058499215255,0.0,0.6194243837262,0.055553756388,8.4312084278188,0.1069409810469,0.0018517918796,2.1304865574798,5.8854575413387,0.1935122514182,0.2231409214918,1.0920942609941,0.0245362424047,0.0,0.0074071675184,2.6901906530889,0.0023147398495,0.888860102208,2.0499336107172,1.083298249566,0.3550810929133,0.0569426002977,0.0134254911271,0.0004629479699,0.0319434099231,0.1555505178864,0.1083298249566,0.0208326586455,0.0004629479699,0.0,0.0,0.0,0.1722166448028,0.2708245623915,0.0,0.0,0.0,0.0,0.0,0.0023147398495,0.0,0.0009258959398,0.0,0.0013888439097,0.0,0.0,0.0055553756388,0.1888827717192,0.0009258959398,0.060183236087,0.0,0.0,0.013888439097,0.0481465888696,0.0,0.0120366472174,0.9485803903251,1.7411473147939,0.0,0.0,0.0,0.0,0.0,0.0,0.0087960114281,0.0004629479699,0.1050891891673
0.0018517918796,0.0245362424047,0.0356469936823,0.0,0.0,0.0,0.0037035837592,0.0004629479699,0.0,0.0,4.245232883983,0.0,0.0032406357893,0.11064456480610001,0.0,0.0018517918796,0.6254427073349,3.0073100124704,2.8374081075171,0.0,0.0212956066154,0.0037035837592,0.1208294201439,0.0,0.0023147398495,1.1309818904657,0.3310077984785,0.0,0.7717342658233,0.0212956066154,0.0236103464649,0.0009258959398,0.0013888439097,0.9865421238569,0.0060183236087,0.9666353611512,2.8698144654101,2.5438990946005,0.8013629358969,0.09907086555860001,0.0490724848094,0.0032406357893,0.0018517918796,0.0152772830067,0.0027776878194,0.0013888439097,0.0018517918796,0.0023147398495,0.0,0.0,0.0162031789465,0.0013888439097,0.0,0.0,0.0,0.0,0.0,0.0,0.0,0.0,0.0,0.0120366472174,0.0,0.0,0.0,0.0004629479699,0.0074071675184,0.0023147398495,0.0,0.0,0.0004629479699,0.0,0.0,0.0074071675184,0.0615720799967,0.0782382069131,0.0,0.0,0.0,0.0074071675184,0.0,0.0,0.0018517918796,0.0069442195485,0.1259218478128
0.0148143350368,0.1671242171339,0.1499951422476,0.0,0.0,0.0,0.0449059530803,0.0,0.0055553756388,0.0018517918796,1.0823723536262,0.0,0.0106478033077,0.0898119061606,0.0,0.0240732944348,5.2058499215255,2.8374081075171,12.133866291079,0.0,0.1462915584884,0.0236103464649,0.5860921298934,0.0120366472174,0.0060183236087,2.490660078062,1.8795687577940001,0.0060183236087,0.1930493034483,0.2342516727694,0.0388876294716,0.0,0.0050924276689,2.1207646501119,0.0074071675184,1.3768072624826,2.3415908317542002,2.2730745322090002,0.7953446122882,0.07638641503350001,0.013888439097,0.0,0.0060183236087,0.0884230622509,0.0402764733813,0.0087960114281,0.0004629479699,0.0023147398495,0.0,0.0,0.1439768186389,0.0120366472174,0.0,0.0,0.0,0.0,0.0,0.0,0.0,0.0037035837592,0.0,0.004629479699,0.0,0.0,0.0,0.0217585545853,0.0106478033077,0.0796270508228,0.0,0.0,0.0023147398495,0.0018517918796,0.0,0.0532390165385,0.6041471007195001,0.7050697581577,0.0,0.0,0.0,0.0018517918796,0.0,0.0,0.013888439097,0.0064812715786,0.1861050838998
0.0009258959398,0.0,0.0,16.4818736243798,0.0013888439097,0.0680533515753,0.0050924276689,0.0652756637559,0.0499983807492,6.0173977127602,0.0,7.9011330022833,0.0,0.2347146207393,0.0837935825519,0.0,0.0,0.0,0.0,2.5545468979082,0.0,0.0023147398495,0.0,0.2856388974283,0.0,0.0,0.0,1.6656867957002,0.0222215025552,0.0,0.0,0.0,0.0,0.0162031789465,0.0,0.0180549708261,0.0,0.0194438147358,0.0009258959398,0.7286801046226,0.0240732944348,0.0,0.0162031789465,0.0,0.0,0.0,0.018517918796,0.0,0.0,0.0,0.0,0.0,0.22128912961220001,0.0,0.0,0.0,0.0,0.0379617335318,0.0,0.0,0.1486062983379,0.0,0.0,0.0,0.0,0.0,0.0,0.0,0.0,0.0,0.0,0.0,0.0212956066154,0.0,0.0,0.0,0.0,0.0,0.0,0.0,0.0,0.0,0.0,0.0,0.0009258959398
0.0388876294716,0.0106478033077,0.6823853076326,0.0,0.0004629479699,0.0013888439097,1.3559746038371001,0.1703648529232,0.0018517918796,0.0203697106756,0.0291657221037,0.0,0.0078701154883,0.7675677340942,0.0,5.4910258709839,0.6194243837262,0.0212956066154,0.1462915584884,0.0,30.698079884069,0.2148078580336,21.5155069011025,0.7333095843216,0.0023147398495,0.1601799975854,0.9518210261144,6.1539673638807,0.4518372186224,7.9423353716044005,0.0,0.0,0.0856453744315,6.2035027966600005,0.0745346231539,3.6346045116849,0.3837838670471,3.7535821399492,1.1717213118169,0.7337725322915,0.2115672222443,0.0037035837592,0.1425879747292,0.0143513870669,0.0055553756388,0.0013888439097,0.0226844505251,0.0,0.0009258959398,0.0,0.004629479699,0.0013888439097,0.0,0.0,0.0,0.0,0.0,0.0101848553378,0.0,0.0,0.0,0.0,0.0,0.0,0.1361067031506,0.0004629479699,0.0,0.0,0.0,0.0671274556355,0.2347146207393,0.0768493630034,0.1124963566857,0.0009258959398,0.0004629479699,0.0208326586455,0.0532390165385,0.0032406357893,0.0101848553378,0.0,0.0,0.0027776878194,0.0013888439097,0.0018517918796,0.8138625310842
0.0074071675184,2.2059470765735,0.046757744959900004,0.0129625431572,0.0,0.0013888439097,0.0240732944348,0.0013888439097,2.6346368967009,0.0078701154883,0.0037035837592,0.0259250863144,0.0782382069131,0.0222215025552,0.0078701154883,3.180452553213,0.055553756388,0.0037035837592,0.0236103464649,0.0023147398495,0.2148078580336,6.0896175960646,0.2911942730671,8.171031668735,0.3573958327628,0.0999967614984,4.1336624232371,0.2398070484082,0.1074039290168,0.1782349684115,0.0078701154883,0.0,0.0194438147358,0.0490724848094,0.0101848553378,0.47498461711740003,0.13564375518070002,0.1370325990904,0.0902748541305,1.5295800925496,0.0379617335318,0.0356469936823,0.2624914989333,0.1124963566857,0.106478033077,0.0259250863144,0.0291657221037,0.0023147398495,0.0013888439097,0.0027776878194,0.2444365281072,0.14675450645830002,0.0013888439097,0.0004629479699,0.0,0.0157402309766,0.0023147398495,0.0314804619532,0.0004629479699,0.0129625431572,0.0,0.13564375518070002,0.0078701154883,0.0037035837592,0.3485998213347,0.0629609239064,0.0009258959398,0.004629479699,0.0,0.1078668769867,1.3337531012819,0.5541487199703,0.2513807476557,0.0129625431572,0.0425912132308,1.3559746038371001,0.0995338135285,0.0254621383445,0.0351840457124,0.0083330634582,0.0004629479699,0.0032406357893,0.0236103464649,0.0013888439097,0.1523098820971
0.24860305983630002,0.0546278604482,11.518145491112,0.0,0.0041665317291,0.0004629479699,4.5433713765986,0.7620123584554,0.0171290748863,0.0717569353345,0.09258959398,0.0,0.0050924276689,5.3252904977597,0.0004629479699,5.41649124783,8.4312084278188,0.1208294201439,0.5860921298934,0.0,21.5155069011025,0.2911942730671,38.1001549748001,0.5828514941041,0.0013888439097,1.999935229968,13.6139109508493,2.7401890338381,0.8439541491277001,5.0104858782277,0.0013888439097,0.0004629479699,0.0421282652609,5.2364044875389,0.1166628884148,9.6219106064016,3.4748874620694,6.2118358601182,3.9174657212938,1.3587522916565,0.1421250267593,0.0004629479699,0.7930298724387,0.4657256577194,0.3624882604317,0.1152740445051,0.0412023693211,0.0018517918796,0.0,0.0,0.111107512776,0.6166466959068,0.0,0.0,0.0,0.0,0.0,0.0074071675184,0.0,0.0,0.0,0.0004629479699,0.0,0.0,2.1457638404865,0.1300883795419,0.0,0.0055553756388,0.0,0.1907345635988,0.6865518393617001,5.0678914264953,0.1361067031506,0.0009258959398,0.162031789465,3.9281135246015,0.0527760685686,0.0027776878194,0.013888439097,0.0,0.0,0.0023147398495,0.0365728896221,0.0157402309766,2.3244617568679002
0.2523066435955,1.8059600305799,0.2166596499132,2.7767619234602,0.0023147398495,0.0203697106756,1.4555084173656,0.11573699247500001,14.8110944010107,0.9291365755893,0.0041665317291,1.2522742585795,0.1384214430001,1.6004111319443,0.1078668769867,2.7448185135371,0.1069409810469,0.0,0.0120366472174,0.2856388974283,0.7333095843216,8.171031668735,0.5828514941041,35.633105243203,0.3439703416357,0.1652724252543,4.07394213512,8.5427788885647,2.7883356227077,2.1179869622925,0.0,0.0,0.30554566013400003,0.8249732823618,0.0847194784917,2.9786072383366,0.1286995356322,1.115704607459,0.3254524228397,4.7391983678663,1.5300430405195,0.0374987855619,1.9059567920783,0.0148143350368,0.1499951422476,0.0199067627057,0.7675677340942,0.0018517918796,0.0189808667659,0.0083330634582,0.0393505774415,0.0069442195485,0.4587814381709,0.0004629479699,0.0527760685686,0.976820216489,0.1166628884148,1.6096700913423,0.12175531608370001,0.0,0.0541649124783,0.0194438147358,0.3930428264451,0.0314804619532,0.212956066154,0.0,0.0,0.0,0.1546246219466,0.2648062387828,0.43054161200700003,0.1041632932275,6.1956326811717,0.0347210977425,0.0,0.0851824264616,2.9994398969821,0.1180517323245,0.3097121918631,0.0,0.0,0.0314804619532,0.0412023693211,0.0004629479699,0.2921201690069
0.0,1.8314221689244001,0.0032406357893,0.0,0.0,0.0,0.0,0.0,0.1861050838998,0.0,0.3583217287026,0.0013888439097,2.4110330272392,0.0004629479699,0.0009258959398,0.023147398495,0.0018517918796,0.0023147398495,0.0060183236087,0.0,0.0023147398495,0.3573958327628,0.0013888439097,0.3439703416357,1.66661269164,0.0861083224014,4.5225387179531005,0.0069442195485,0.018517918796,0.0027776878194,0.0527760685686,0.0009258959398,0.0,0.157402309766,0.0,0.0217585545853,0.3036938682544,0.0828676866121,0.0129625431572,0.1888827717192,0.0254621383445,0.791641028529,0.0444430051104,0.3851727109568,0.0768493630034,0.0180549708261,0.0032406357893,0.0,0.1379584950302,0.0,0.1361067031506,0.0259250863144,0.0,0.0,0.0,0.0,0.0,0.0041665317291,0.0,0.3023050243447,0.0,2.5443620425704,0.0,0.0,0.0,0.0208326586455,0.0967561257091,0.0634238718763,0.0,0.0004629479699,0.0453689010502,0.0148143350368,0.0018517918796,1.0518177876128,0.5671112631275,1.2518113106096,0.0,0.0166661269164,0.0,0.3273042147193,0.0027776878194,0.0,0.0421282652609,0.0,0.0018517918796
0.0175920228562,0.6217391235757,9.0173005577122,0.0,0.0,0.0,0.1444397666088,0.0018517918796,0.0222215025552,0.0,2.0300268480115,0.0,0.074071675184,0.23239988088980001,0.0,0.1370325990904,2.1304865574798,1.1309818904657,2.490660078062,0.0,0.1601799975854,0.0999967614984,1.999935229968,0.1652724252543,0.0861083224014,40.7866420441298,16.8087148911292,0.12175531608370001,1.0189484817499,0.2115672222443,0.4004499939635,0.0037035837592,0.0027776878194,0.8184920107832,0.0199067627057,4.0762568749695,10.013564588937,4.6692932244114,1.8693839024562,0.1629576854048,0.1129593046556,0.0472206929298,0.2046230026958,0.9897827596462,0.4666515536592,0.1486062983379,0.004629479699,0.0041665317291,0.0013888439097,0.0,0.7064586020674,0.3587846766725,0.0,0.0,0.0,0.0,0.0,0.0013888439097,0.0,0.0458318490201,0.0,0.42544918433810003,0.0,0.0,0.0023147398495,0.5263718417763,0.3036938682544,0.8018258838668,0.0,0.0,0.0171290748863,0.0624979759365,0.0,0.4189679127595,5.8692543623922,6.6400627322757,0.0,0.0,0.0,0.4268380282478,0.0,0.0,0.1893457196891,0.018517918796,0.4370228835856
0.0074071675184,5.5891708406027,12.77736396924,0.0004629479699,0.0,0.0,0.1120334087158,0.0009258959398,0.4782252529067,0.0004629479699,0.111107512776,0.0124995951873,2.6040823306875,0.049535432779300004,0.0009258959398,4.597073341107,5.8854575413387,0.3310077984785,1.8795687577940001,0.0,0.9518210261144,4.1336624232371,13.6139109508493,4.07394213512,4.5225387179531005,16.8087148911292,65.8788849606797,1.1198711391881,0.10462624119740001,0.2185114417928,1.3448638525595,0.0,0.0018517918796,0.6740522441744,0.0393505774415,9.2469227507826,5.3762147744487,5.2942729837764,3.8091358963372,1.0245038573887,0.043980057140500003,0.0444430051104,1.9716954038041001,2.3411278837843,1.6226326344995001,0.4712810333582,0.0115736992475,0.0087960114281,0.0148143350368,0.0,2.1179869622925,3.532293010337,0.0,0.0,0.0,0.0,0.0,0.0037035837592,0.0,0.0999967614984,0.0004629479699,1.2457929870009,0.0,0.0,0.5629447313984,1.8203114176468,0.5226682580171,0.9147851885224,0.0,0.0546278604482,0.7069215500373001,4.5748518385518,0.0486095368395,1.0143190020509,8.198808546929,23.2376733491305,0.0189808667659,0.0041665317291,0.0018517918796,0.666645076656,0.0,0.0,0.421282652609,0.0101848553378,1.4240279554124
0.5722036907964,0.0194438147358,1.0620026429506,7.791414333417,0.0435171091706,0.1319401714215,15.220803354372201,1.0865388853553,1.115704607459,8.7548090587789,0.0032406357893,2.5216775920453,0.0777752589432,5.9206415870511,0.0430541612007,1.3953251812786,0.1935122514182,0.0,0.0060183236087,1.6656867957002,6.1539673638807,0.2398070484082,2.7401890338381,8.5427788885647,0.0069442195485,0.12175531608370001,1.1198711391881,41.901420755649,5.9923985223856,14.0708405971406,0.0,0.0,0.7995111440173001,2.5753795565537,0.1379584950302,4.2706950223275,0.1458286105185,2.5295477075336,0.7374761160507,5.0956683046893,1.9300300865131,0.0203697106756,0.8490465767966,0.0064812715786,0.0055553756388,0.0004629479699,0.773123109733,0.0,0.0055553756388,0.0,0.0032406357893,0.0,0.1027744493178,0.0,0.0,0.0203697106756,0.0,0.7411796998099001,0.0004629479699,0.0,0.0486095368395,0.0106478033077,0.0037035837592,0.0032406357893,0.0541649124783,0.0,0.0,0.0,0.0032406357893,0.0342581497726,0.157402309766,0.004629479699,0.6384052504921001,0.0226844505251,0.0,0.0064812715786,0.2074006905152,0.0083330634582,0.0134254911271,0.0,0.0,0.0023147398495,0.0050924276689,0.0004629479699,0.569426002977
2.9341642332262,0.0111107512776,0.0546278604482,0.1472174544282,0.0004629479699,0.0037035837592,2.194373377326,0.2286962971306,0.3615623644919,1.129593046556,2.3142769015301,0.0134254911271,0.25415843547510003,9.5626532662544,0.0004629479699,0.0333322538328,0.2231409214918,0.7717342658233,0.1930493034483,0.0222215025552,0.4518372186224,0.1074039290168,0.8439541491277001,2.7883356227077,0.018517918796,1.0189484817499,0.10462624119740001,5.9923985223856,36.8330663811838,5.7410177747299,0.2939719608865,0.4231344444886,4.3091197038292,4.3595810325483,0.0518501726288,1.1842209070042,0.1393473389399,3.2216549225341002,0.4448929990739,2.4883453382125,5.9234192748705,0.1087927729265,0.0361099416522,0.0050924276689,0.0004629479699,0.0,0.0171290748863,0.0013888439097,0.0018517918796,0.0,0.0023147398495,0.0,0.0037035837592,0.0,0.0,0.0,0.0,0.1333290153312,0.0,0.0009258959398,0.0004629479699,0.0236103464649,0.0,0.0,0.0018517918796,0.0,0.0,0.0,0.0,0.0027776878194,0.041665317291,0.0,0.0152772830067,0.0148143350368,0.0,0.0009258959398,0.0037035837592,0.0004629479699,0.0004629479699,0.0009258959398,0.0,0.0,0.0004629479699,0.0037035837592,0.3046197641942
0.930525419499,0.0189808667659,0.2898054291574,0.0,0.0004629479699,0.0009258959398,6.3812748171016,0.13564375518070002,0.2157337539734,0.023147398495,0.04629479699,0.0,0.0296286700736,2.1314124534196,0.0,0.1629576854048,1.0920942609941,0.0212956066154,0.2342516727694,0.0,7.9423353716044005,0.1782349684115,5.0104858782277,2.1179869622925,0.0027776878194,0.2115672222443,0.2185114417928,14.0708405971406,5.7410177747299,22.4127000667687,0.0,0.0004629479699,1.1874615427935,7.8048398245441,0.0657386117258,1.4781928678907,0.1629576854048,1.9763248835031,0.3856356589267,0.4291527680973,0.3467480294551,0.0083330634582,0.1430509226991,0.0027776878194,0.0037035837592,0.0004629479699,0.0236103464649,0.0,0.0055553756388,0.0,0.0018517918796,0.0,0.0,0.0,0.0,0.0013888439097,0.0,0.1430509226991,0.0,0.0,0.0004629479699,0.004629479699,0.0004629479699,0.0,0.0189808667659,0.0,0.0,0.0,0.0009258959398,0.0374987855619,0.111107512776,0.0041665317291,0.2305480890102,0.0055553756388,0.0,0.0,0.11573699247500001,0.0087960114281,0.0064812715786,0.0,0.0,0.0037035837592,0.0013888439097,0.0013888439097,0.5314642694452
0.0,0.041665317291,0.0018517918796,0.0,0.0,0.0,0.0,0.0,0.0004629479699,0.0,0.46479976177960003,0.0,1.3689371469943,0.0314804619532,0.0,0.0,0.0245362424047,0.0236103464649,0.0388876294716,0.0,0.0,0.0078701154883,0.0013888439097,0.0,0.0527760685686,0.4004499939635,1.3448638525595,0.0,0.2939719608865,0.0,0.7985852480775,0.0009258959398,0.0004629479699,0.1606429455553,0.0023147398495,0.2791576258497,1.8730874862154,1.254588998429,0.2277704011908,0.0249991903746,0.0476836408997,0.1259218478128,0.0027776878194,0.1661983211941,0.0314804619532,0.0055553756388,0.0,0.0004629479699,0.004629479699,0.0,0.037035837592,0.0027776878194,0.0,0.0,0.0,0.0,0.0,0.0,0.0,0.0587943921773,0.0,0.9689501010007,0.0,0.0,0.0,0.0009258959398,0.1282365876623,0.0115736992475,0.0,0.0,0.0018517918796,0.0004629479699,0.0,0.18703097983960001,0.6749781401142,1.0356146086663,0.0,0.0,0.0,0.5310013214753,0.0,0.0,0.0083330634582,0.0023147398495,0.0361099416522
0.0,0.0,0.0,0.0,1.374955470603,0.0624979759365,0.0,0.5222053100472,0.0,0.0,0.0166661269164,0.0,0.0055553756388,1.2170902128671,0.0,0.0,0.0,0.0009258959398,0.0,0.0,0.0,0.0,0.0004629479699,0.0,0.0009258959398,0.0037035837592,0.0,0.0,0.4231344444886,0.0004629479699,0.0009258959398,4.2623619588693,0.0,0.0208326586455,0.0004629479699,0.0018517918796,0.0004629479699,0.0157402309766,0.0009258959398,2.2925183469448,4.5142056544949,0.0037035837592,0.0,0.0004629479699,0.0,0.0,0.0,0.0,0.0,0.0,0.0,0.0,0.0,0.0,0.0,0.0,0.0,0.0,0.0,0.0,0.0,0.0,0.0,0.0,0.0,0.0,0.0,0.0,0.0,0.0,0.0,0.0,0.0,0.0,0.0,0.0,0.0,0.0,0.0,0.0,0.0,0.0,0.0,0.0,0.0
0.0518501726288,0.0004629479699,0.0023147398495,0.0004629479699,0.0,0.0,0.1069409810469,0.0027776878194,0.0282398261639,0.004629479699,0.0018517918796,0.0,0.0009258959398,0.0912007500703,0.0,0.0069442195485,0.0074071675184,0.0013888439097,0.0050924276689,0.0,0.0856453744315,0.0194438147358,0.0421282652609,0.30554566013400003,0.0,0.0027776878194,0.0018517918796,0.7995111440173001,4.3091197038292,1.1874615427935,0.0004629479699,0.0,4.3169898193175005,1.3439379566197,0.0009258959398,0.0606461840569,0.0023147398495,0.1050891891673,0.0124995951873,0.0212956066154,0.0217585545853,0.0009258959398,0.0069442195485,0.0,0.0,0.0004629479699,0.0032406357893,0.0,0.0013888439097,0.0,0.0,0.0,0.0,0.0,0.0,0.0,0.0,0.0166661269164,0.0,0.0,0.0,0.0009258959398,0.0,0.0,0.0009258959398,0.0,0.0,0.0,0.0,0.0,0.0143513870669,0.0,0.0078701154883,0.0004629479699,0.0,0.0,0.0032406357893,0.0004629479699,0.0004629479699,0.0,0.0,0.0,0.0004629479699,0.0004629479699,0.0115736992475
0.1768461245018,0.0287027741338,0.11064456480610001,0.08749716631110001,0.0,0.0032406357893,0.7694195259738,0.0166661269164,0.09351548991980001,0.5435009166626,5.5919485284221,0.0074071675184,0.8629350158936,0.546278604482,0.0004629479699,0.2143449100637,2.6901906530889,0.9865421238569,2.1207646501119,0.0162031789465,6.2035027966600005,0.0490724848094,5.2364044875389,0.8249732823618,0.157402309766,0.8184920107832,0.6740522441744,2.5753795565537,4.3595810325483,7.8048398245441,0.1606429455553,0.0208326586455,1.3439379566197,6.6956164886637,0.009258959398,0.6374793545523,0.3458221335153,1.8661432666669,0.1402732348797,0.5143351945589,0.5634076793683,0.4833176805756,0.055090808418100004,0.0388876294716,0.0064812715786,0.0013888439097,0.0180549708261,0.0004629479699,0.0106478033077,0.0,0.0194438147358,0.0120366472174,0.0018517918796,0.0,0.0,0.0,0.0,0.0412023693211,0.0,0.0148143350368,0.0004629479699,0.1166628884148,0.0,0.0004629479699,0.0074071675184,0.0078701154883,0.0004629479699,0.0009258959398,0.0,0.009258959398,0.032406357893,0.0060183236087,0.037035837592,0.0249991903746,0.0513872246589,0.10462624119740001,0.0152772830067,0.0018517918796,0.0032406357893,0.0111107512776,0.0,0.0009258959398,0.0018517918796,0.0037035837592,0.0888860102208
0.0018517918796,0.0023147398495,0.0078701154883,0.0004629479699,0.0,5.5127844255692,0.0203697106756,0.0120366472174,0.0097219073679,2.921201690069,0.0203697106756,2.7156527914334,0.0305545660134,0.0115736992475,0.0,0.0430541612007,0.0023147398495,0.0060183236087,0.0074071675184,0.0,0.0745346231539,0.0101848553378,0.1166628884148,0.0847194784917,0.0,0.0199067627057,0.0393505774415,0.1379584950302,0.0518501726288,0.0657386117258,0.0023147398495,0.0004629479699,0.0009258959398,0.009258959398,252.4834897200018,3.3600763655342,0.2430476841975,0.1786979163814,0.7467350754487,0.36202531246180003,0.3893392426859,0.0115736992475,1.4226391115027,0.527760685686,0.1786979163814,0.4856324204251,0.1472174544282,0.1495321942777,0.0124995951873,0.0,0.0032406357893,0.0106478033077,0.0,0.0,0.2078636384851,0.0004629479699,0.0,0.0074071675184,0.0120366472174,0.0069442195485,0.4435041551642,0.0291657221037,0.0027776878194,0.0847194784917,0.0,0.0249991903746,0.0152772830067,0.0268509822542,0.0,0.0101848553378,0.0240732944348,0.0624979759365,0.0004629479699,0.0009258959398,0.0124995951873,0.0226844505251,0.0009258959398,0.0171290748863,0.0041665317291,0.0009258959398,0.0060183236087,0.0009258959398,0.0282398261639,81.1982962326406,33.3947518087365
0.1004597094683,0.2967496487059,1.513839861573,0.1129593046556,0.0,0.0222215025552,0.9647835692716,0.0328693058629,0.30554566013400003,0.4333192998264,0.3138787235922,0.0212956066154,0.2810094177293,0.6939590068801,0.0009258959398,3.3897050356078,0.888860102208,0.9666353611512,1.3768072624826,0.0180549708261,3.6346045116849,0.47498461711740003,9.6219106064016,2.9786072383366,0.0217585545853,4.0762568749695,9.2469227507826,4.2706950223275,1.1842209070042,1.4781928678907,0.2791576258497,0.0018517918796,0.0606461840569,0.6374793545523,3.3600763655342,4.1494026542137,16.6017771485839,3.2799863667415,5.0928906168699,2.1323383493594,1.3300495175227,0.5268347897462,0.9268218357398,0.24860305983630002,0.1884198237493,0.0893489581907,0.2087895344249,0.0166661269164,0.0162031789465,0.0013888439097,0.2379552565286,0.3236006309601,0.0666645076656,0.0,0.0050924276689,0.0310175139833,0.0023147398495,0.2050859506657,0.0384246815017,0.0018517918796,0.0134254911271,0.0328693058629,0.0074071675184,0.0069442195485,0.439800571405,0.07638641503350001,0.0013888439097,0.0120366472174,0.0310175139833,0.5513710321509,0.3643400523113,0.7944187163484,1.0425588282148,0.1023115013479,0.47498461711740003,1.8624396829077001,0.7402538038701,0.0861083224014,0.18703097983960001,0.0018517918796,0.0023147398495,0.037035837592,0.043980057140500003,0.6958107987597,5.2521447185155
0.0189808667659,0.2425847362276,1.0541325274623,0.0013888439097,0.0,0.0009258959398,0.0712939873646,0.0013888439097,0.0097219073679,0.0037035837592,1.0837611975359,0.0,1.5018032143556,0.08796011428100001,0.0,0.8879342062682,2.0499336107172,2.8698144654101,2.3415908317542002,0.0,0.3837838670471,0.13564375518070002,3.4748874620694,0.1286995356322,0.3036938682544,10.013564588937,5.3762147744487,0.1458286105185,0.1393473389399,0.1629576854048,1.8730874862154,0.0004629479699,0.0023147398495,0.3458221335153,0.2430476841975,16.6017771485839,3.2998931294472,14.0740812329299,10.3251285726797,0.5347049052345,0.597202881171,1.5443944275864,0.2689727705119,0.2708245623915,0.1305513275118,0.1032373972877,0.0310175139833,0.0402764733813,0.009258959398,0.0,0.1305513275118,0.2296221930704,0.0,0.0,0.0,0.0,0.0,0.0050924276689,0.0,0.0365728896221,0.0,0.4745216691475,0.0,0.0004629479699,0.1546246219466,0.1041632932275,0.0865712703713,0.09258959398,0.0004629479699,0.0393505774415,0.1023115013479,0.5027614953114,0.0273139302241,0.1513839861573,0.8138625310842,1.8642914747873,0.0212956066154,0.0032406357893,0.0023147398495,0.2009194189366,0.0,0.0009258959398,0.0365728896221,0.1513839861573,3.2610054999756
0.11573699247500001,0.1972158351774,0.8078442074755,0.0814788427024,0.0,0.0023147398495,0.9606170375425,0.0476836408997,0.1268477437526,0.5402602808733,3.4313703528988,0.009258959398,1.5342095722486,0.8041406237163,0.0,0.8268250742414001,1.083298249566,2.5438990946005,2.2730745322090002,0.0194438147358,3.7535821399492,0.1370325990904,6.2118358601182,1.115704607459,0.0828676866121,4.6692932244114,5.2942729837764,2.5295477075336,3.2216549225341002,1.9763248835031,1.254588998429,0.0157402309766,0.1050891891673,1.8661432666669,0.1786979163814,3.2799863667415,14.0740812329299,3.4892388491363002,2.4392728534031,0.3476739253949,1.2828288245929,1.8568843072689,0.25415843547510003,0.2310110369801,0.1361067031506,0.060183236087,0.0513872246589,0.0162031789465,0.0124995951873,0.0,0.1814756042008,0.26619508269250003,0.0004629479699,0.0,0.0,0.0004629479699,0.0,0.0620350279666,0.0,0.0111107512776,0.0004629479699,0.17592022856200001,0.0,0.0004629479699,0.07638641503350001,0.1499951422476,0.0476836408997,0.0810158947325,0.0,0.04629479699,0.08749716631110001,0.3208229431407,0.1013856054081,0.1361067031506,0.8198808546929001,1.9869726868108,0.0527760685686,0.0037035837592,0.0069442195485,0.0476836408997,0.0,0.0009258959398,0.0273139302241,0.0805529467626,0.9842273840074001
0.0212956066154,0.16388358134460002,0.55553756388,0.0074071675184,0.0,0.0009258959398,0.2370293605888,0.0120366472174,0.0226844505251,0.08749716631110001,0.2236038694617,0.0004629479699,0.0953672817994,0.2384182044985,0.0,0.6495160017697,0.3550810929133,0.8013629358969,0.7953446122882,0.0009258959398,1.1717213118169,0.0902748541305,3.9174657212938,0.3254524228397,0.0129625431572,1.8693839024562,3.8091358963372,0.7374761160507,0.4448929990739,0.3856356589267,0.2277704011908,0.0009258959398,0.0124995951873,0.1402732348797,0.7467350754487,5.0928906168699,10.3251285726797,2.4392728534031,0.9272847837097,1.0670950706195,1.8041082387003,0.0347210977425,0.2689727705119,0.2254556613413,0.1115704607459,0.2018453148764,0.0685162995452,0.0805529467626,0.0013888439097,0.0,0.1166628884148,0.1592541016456,0.0,0.0,0.0013888439097,0.0,0.0,0.009258959398,0.0,0.0018517918796,0.0004629479699,0.0291657221037,0.0004629479699,0.0,0.0712939873646,0.0629609239064,0.0120366472174,0.0305545660134,0.0,0.0212956066154,0.0675904036054,0.28332415757880003,0.0152772830067,0.0458318490201,0.4634109178699,1.20366472174,0.009258959398,0.0097219073679,0.0037035837592,0.0069442195485,0.0018517918796,0.0004629479699,0.0129625431572,0.412023693211,4.9387289428932
0.0499983807492,0.5661853671877,0.0902748541305,2.0119718771854,0.0810158947325,5.3697335028701,1.8809576017037,2.0624332059045,1.9878985827506,22.8964806953142,0.11573699247500001,4.72206929298,0.14675450645830002,1.3226423500043,0.2814723656992,0.347210977425,0.0569426002977,0.09907086555860001,0.07638641503350001,0.7286801046226,0.7337725322915,1.5295800925496,1.3587522916565,4.7391983678663,0.1888827717192,0.1629576854048,1.0245038573887,5.0956683046893,2.4883453382125,0.4291527680973,0.0249991903746,2.2925183469448,0.0212956066154,0.5143351945589,0.36202531246180003,2.1323383493594,0.5347049052345,0.3476739253949,1.0670950706195,1.8041082387003,0.2837871055487,0.0499983807492,0.5573893557596,0.0157402309766,0.013888439097,0.0134254911271,0.5722036907964,0.0050924276689,0.0078701154883,0.0,0.0087960114281,0.0023147398495,0.4763734610271,0.0009258959398,0.027776878194,0.0518501726288,0.0166661269164,0.36711774013070003,0.23147398495000002,0.0004629479699,0.1023115013479,0.0189808667659,0.0384246815017,0.013888439097,0.0175920228562,0.0,0.0004629479699,0.0013888439097,0.189808667659,0.004629479699,0.0652756637559,0.009258959398,0.4249862363682,0.0412023693211,0.0004629479699,0.0203697106756,0.3930428264451,0.0041665317291,0.0060183236087,0.0,0.0,0.0009258959398,0.0018517918796,0.1032373972877,0.3879503987762
0.043980057140500003,0.0069442195485,0.0115736992475,0.1606429455553,0.3300819025387,0.226844505251,0.6587749611677,1.1115380757299,0.2351775687092,0.5379455410238,0.3754508035889,0.0115736992475,0.3541551969735,1.9573440167372,0.0004629479699,0.0611091320268,0.0134254911271,0.0490724848094,0.013888439097,0.0240732944348,0.2115672222443,0.0379617335318,0.1421250267593,1.5300430405195,0.0254621383445,0.1129593046556,0.043980057140500003,1.9300300865131,5.9234192748705,0.3467480294551,0.0476836408997,4.5142056544949,0.0217585545853,0.5634076793683,0.3893392426859,1.3300495175227,0.597202881171,1.2828288245929,1.8041082387003,0.2837871055487,0.2124931181841,0.36202531246180003,0.08194179067230001,0.0143513870669,0.0032406357893,0.0115736992475,0.0643497678161,0.0078701154883,0.0078701154883,0.0,0.0009258959398,0.0004629479699,0.0027776878194,0.0,0.0,0.0,0.0,0.1069409810469,0.0,0.0023147398495,0.0009258959398,0.0222215025552,0.0,0.0,0.004629479699,0.0,0.0,0.0013888439097,0.0004629479699,0.0004629479699,0.0171290748863,0.0013888439097,0.0217585545853,0.0342581497726,0.0,0.0027776878194,0.0032406357893,0.0004629479699,0.0,0.0004629479699,0.0,0.0,0.0037035837592,0.1009226574382,1.2170902128671
0.0009258959398,0.1499951422476,0.0,0.0,0.0,0.0,0.0027776878194,0.0,0.0106478033077,0.0,3.0637896647982,0.0004629479699,2.6809316936909,0.0064812715786,0.0,0.0013888439097,0.0004629479699,0.0032406357893,0.0,0.0,0.0037035837592,0.0356469936823,0.0004629479699,0.0374987855619,0.791641028529,0.0472206929298,0.0444430051104,0.0203697106756,0.1087927729265,0.0083330634582,0.1259218478128,0.0037035837592,0.0009258959398,0.4833176805756,0.0115736992475,0.5268347897462,1.5443944275864,1.8568843072689,0.0347210977425,0.0499983807492,0.36202531246180003,0.9467285984455001,0.0199067627057,0.1754572805921,0.0148143350368,0.0009258959398,0.0120366472174,0.0018517918796,0.0731457792442,0.0,0.0314804619532,0.0,0.0009258959398,0.0,0.0,0.0,0.0009258959398,0.0009258959398,0.0,0.0680533515753,0.0,0.5064650790706,0.0013888439097,0.0,0.0009258959398,0.0,0.0037035837592,0.0,0.0009258959398,0.0023147398495,0.0069442195485,0.0027776878194,0.0032406357893,0.0541649124783,0.0291657221037,0.0458318490201,0.0083330634582,0.0060183236087,0.0018517918796,0.0421282652609,0.0018517918796,0.0,0.0037035837592,0.0064812715786,0.0300916180435
0.0032406357893,0.3273042147193,0.5999805689904,0.2194373377326,0.0,0.0064812715786,0.0393505774415,0.0041665317291,0.4448929990739,0.21527080600350001,0.0055553756388,0.0583314442074,0.10462624119740001,0.0800899987927,0.0004629479699,0.6138690080874,0.0319434099231,0.0018517918796,0.0060183236087,0.0162031789465,0.1425879747292,0.2624914989333,0.7930298724387,1.9059567920783,0.0444430051104,0.2046230026958,1.9716954038041001,0.8490465767966,0.0361099416522,0.1430509226991,0.0027776878194,0.0,0.0069442195485,0.055090808418100004,1.4226391115027,0.9268218357398,0.2689727705119,0.25415843547510003,0.2689727705119,0.5573893557596,0.08194179067230001,0.0199067627057,6.2947035467303,14.7870211065759,6.7886690306136,3.1049920341193,5.4387127503852,0.7846968089805,0.7666418381544,0.2106413263045,0.3948946183247,1.2337563397835,0.7708083698835,0.0328693058629,0.2814723656992,1.4661562206733,0.3995240980237,1.5818932131483001,4.647997617796,0.5624817834285,0.7277542086828,1.046262411974,1.1860726988838,0.0620350279666,1.2295898080544,2.5313994994132,1.421250267593,2.2642785207809,1.1314448384356,6.9557932477475,0.7550681389069,9.9098642436794,3.1596198945675003,0.1486062983379,3.0008287408918,10.6038232505595,5.3590856995624,2.9012949273633,3.0897147511126,0.1754572805921,0.3073974520136,0.2074006905152,1.6309656979577,2.9401825568349,6.0998024514024
0.0,0.2333257768296,0.3948946183247,0.0,0.0,0.0,0.0,0.0,0.0074071675184,0.0004629479699,0.0486095368395,0.0009258959398,0.5847032859837,0.0004629479699,0.0,0.29350901291660003,0.1555505178864,0.0152772830067,0.0884230622509,0.0,0.0143513870669,0.1124963566857,0.4657256577194,0.0148143350368,0.3851727109568,0.9897827596462,2.3411278837843,0.0064812715786,0.0050924276689,0.0027776878194,0.1661983211941,0.0004629479699,0.0,0.0388876294716,0.527760685686,0.24860305983630002,0.2708245623915,0.2310110369801,0.2254556613413,0.0157402309766,0.0143513870669,0.1754572805921,14.7870211065759,3.0776781038952,20.3099903874829,5.897957136526,0.583314442074,0.0791641028529,1.1638511963286,0.0074071675184,0.393505774415,1.0157078459606,0.0032406357893,0.0018517918796,0.0037035837592,0.0981449696188,0.0120366472174,0.1143481485653,0.0194438147358,1.9091974278676,0.0018517918796,1.6346692817169,0.0583314442074,0.0013888439097,0.2416588402878,3.0174948678082,2.9702741748784,3.3878532437282,0.0055553756388,0.8314545539404,0.3374890700571,3.9318171083607,0.2199002857025,0.2634173948731,8.712680793518,6.9844960218813,0.300916180435,0.3342484342678,0.2874906893079,1.7703130368976001,0.0157402309766,0.0064812715786,1.2198679006865,0.5388714369636,3.3267441117014
0.0,0.1569393617961,0.4273009762177,0.0,0.0,0.0,0.0004629479699,0.0,0.1449027145787,0.0,0.004629479699,0.0,0.09907086555860001,0.0,0.0,0.2259186093112,0.1083298249566,0.0027776878194,0.0402764733813,0.0,0.0055553756388,0.106478033077,0.3624882604317,0.1499951422476,0.0768493630034,0.4666515536592,1.6226326344995001,0.0055553756388,0.0004629479699,0.0037035837592,0.0314804619532,0.0,0.0,0.0064812715786,0.1786979163814,0.1884198237493,0.1305513275118,0.1361067031506,0.1115704607459,0.013888439097,0.0032406357893,0.0148143350368,6.7886690306136,20.3099903874829,3.6971024876214003,1.8337369087739,0.7536792949972,0.2296221930704,1.8601249430582,0.12175531608370001,0.2106413263045,0.6749781401142,0.2444365281072,0.0037035837592,0.2018453148764,0.9800608522783,0.2671209786323,0.5249829978666,2.4665867836272,1.9735471956837,0.6550713774085,3.0799928437447,1.0564472673118,0.0268509822542,0.3435073936658,1.4383793424793,2.0008611259078,1.6281880101383,0.5425750207228001,4.5424454806588,0.2805464697594,5.9567515287033,1.0342257647566,0.4018388378732,2.5795460882828,5.5502832111311005,2.0939136678577,5.6627795678168,2.8596296100723,0.5772961184653,0.4472077389234,0.3263783187795,4.9114150126691,0.2569361232945,1.3763443145127001
0.0,0.0481465888696,0.1212923681138,0.0,0.0,0.0,0.0,0.0,0.0236103464649,0.0004629479699,0.0032406357893,0.0013888439097,0.0166661269164,0.0,0.0,0.08194179067230001,0.0208326586455,0.0013888439097,0.0087960114281,0.0,0.0013888439097,0.0259250863144,0.1152740445051,0.0199067627057,0.0180549708261,0.1486062983379,0.4712810333582,0.0004629479699,0.0,0.0004629479699,0.0055553756388,0.0,0.0004629479699,0.0013888439097,0.4856324204251,0.0893489581907,0.1032373972877,0.060183236087,0.2018453148764,0.0134254911271,0.0115736992475,0.0009258959398,3.1049920341193,5.897957136526,1.8337369087739,0.1236071079633,0.1236071079633,0.0374987855619,0.1819385521707,0.0189808667659,0.0546278604482,0.1847162399901,0.0222215025552,0.0004629479699,0.0101848553378,0.1523098820971,0.0328693058629,0.106478033077,0.1120334087158,0.24351063216740002,0.0097219073679,0.1763831765319,0.0717569353345,0.0027776878194,0.1185146802944,0.3365631741173,0.6374793545523,0.5356308011743,0.0115736992475,1.2286639121146,0.0805529467626,1.5504127511951,0.282398261639,0.0199067627057,0.6564602213182,1.8013305508809,0.6175725918466,0.2657321347226,0.6106283722981,0.1129593046556,0.0129625431572,0.0398135254114,0.2879536372778,0.4985949635823,1.9716954038041001
0.0023147398495,0.0069442195485,0.0013888439097,0.2171225978831,0.0,0.0004629479699,0.0444430051104,0.0064812715786,0.0759234670636,0.19212340750850002,0.0018517918796,0.0421282652609,0.0967561257091,0.08796011428100001,0.0013888439097,0.0425912132308,0.0004629479699,0.0018517918796,0.0004629479699,0.018517918796,0.0226844505251,0.0291657221037,0.0412023693211,0.7675677340942,0.0032406357893,0.004629479699,0.0115736992475,0.773123109733,0.0171290748863,0.0236103464649,0.0,0.0,0.0032406357893,0.0180549708261,0.1472174544282,0.2087895344249,0.0310175139833,0.0513872246589,0.0685162995452,0.5722036907964,0.0643497678161,0.0120366472174,5.4387127503852,0.583314442074,0.7536792949972,0.1236071079633,7.2048592555537,1.8670691626067,0.1611058935252,0.0134254911271,0.1087927729265,0.0305545660134,2.2152060359715002,4.5350383131404,3.5174786753002,0.3685065840404,1.504580902175,1.7244811878775,1.4249538513522,0.0444430051104,2.2735374801789,0.4601702820806,1.0027453028034,7.0789374077409,0.0347210977425,0.0837935825519,0.0537019645084,0.0527760685686,1.1888503867032,0.2009194189366,0.4671145016291,0.4666515536592,1.3050503271481,0.1398102869098,0.11573699247500001,0.8064553635658,0.6476642098901,1.907345635988,0.1324031193914,0.0060183236087,2.7661141201525,0.0129625431572,0.2208261816423,0.0912007500703,0.3430444456959
0.0,0.0004629479699,0.0018517918796,0.0,0.0,0.0009258959398,0.0,0.0,0.0199067627057,0.0004629479699,0.0013888439097,0.0018517918796,0.0023147398495,0.0,0.0,0.0013888439097,0.0,0.0023147398495,0.0023147398495,0.0,0.0,0.0023147398495,0.0018517918796,0.0018517918796,0.0,0.0041665317291,0.0087960114281,0.0,0.0013888439097,0.0,0.0004629479699,0.0,0.0,0.0004629479699,0.1495321942777,0.0166661269164,0.0402764733813,0.0162031789465,0.0805529467626,0.0050924276689,0.0078701154883,0.0018517918796,0.7846968089805,0.0791641028529,0.2296221930704,0.0374987855619,1.8670691626067,0.4430412071943,0.0402764733813,0.0027776878194,0.0023147398495,0.0060183236087,0.0351840457124,1.4064359325562,0.1884198237493,0.0606461840569,0.0652756637559,0.0861083224014,0.3388779139668,0.0074071675184,0.1097186688663,0.5999805689904,0.129625431572,0.1800867602911,0.0074071675184,0.0074071675184,0.0037035837592,0.0023147398495,0.0976820216489,0.0657386117258,0.0115736992475,0.0671274556355,0.0745346231539,0.009258959398,0.0041665317291,0.0499983807492,0.1055521371372,0.962931777392,0.0458318490201,0.0,4.3114344436787,0.0060183236087,0.4842435765154,0.1476804023981,0.421282652609
0.0,0.0111107512776,0.0,0.0,0.0,0.0,0.0,0.0,0.0037035837592,0.0,0.0268509822542,0.0,0.157402309766,0.0004629479699,0.0,0.0,0.0,0.0,0.0,0.0,0.0009258959398,0.0013888439097,0.0,0.0189808667659,0.1379584950302,0.0013888439097,0.0148143350368,0.0055553756388,0.0018517918796,0.0055553756388,0.004629479699,0.0,0.0013888439097,0.0106478033077,0.0124995951873,0.0162031789465,0.009258959398,0.0124995951873,0.0013888439097,0.0078701154883,0.0078701154883,0.0731457792442,0.7666418381544,1.1638511963286,1.8601249430582,0.1819385521707,0.1611058935252,0.0402764733813,0.8559907963451,0.0,0.4601702820806,0.0004629479699,0.0018517918796,0.0004629479699,0.0064812715786,0.0111107512776,0.0083330634582,0.0527760685686,0.0037035837592,0.6583120131978,0.0032406357893,3.847097629869,0.046757744959900004,0.0018517918796,0.0217585545853,0.0037035837592,0.0254621383445,0.0037035837592,0.0074071675184,0.041665317291,0.1411991308195,0.0384246815017,0.0736087272141,1.3860662218806,0.1421250267593,0.1328660673613,0.0398135254114,0.7573828787564,0.0180549708261,0.1453656625486,0.1268477437526,0.0018517918796,0.4036906297528,0.0268509822542,0.0407394213512
0.0,0.0,0.0,0.0,0.0,0.0,0.0,0.0,0.0240732944348,0.0,0.0,0.0,0.0,0.0,0.0,0.0,0.0,0.0,0.0,0.0,0.0,0.0027776878194,0.0,0.0083330634582,0.0,0.0,0.0,0.0,0.0,0.0,0.0,0.0,0.0,0.0,0.0,0.0013888439097,0.0,0.0,0.0,0.0,0.0,0.0,0.2106413263045,0.0074071675184,0.12175531608370001,0.0189808667659,0.0134254911271,0.0027776878194,0.0,5.8785133217902,0.0013888439097,0.1013856054081,0.0379617335318,0.0,0.0249991903746,4.5799442662207,0.6657191807162,0.1291624836021,0.2138819620938,0.0,0.0027776878194,0.0023147398495,8.8543428723074,0.0032406357893,0.0018517918796,0.18517918796,0.0,0.0037035837592,0.0189808667659,0.1074039290168,0.013888439097,0.2925831169768,0.2027712108162,0.0,0.1490692463078,0.013888439097,0.4435041551642,5.3512155840741,3.6415487312334,0.0,0.0009258959398,0.0333322538328,0.055090808418100004,0.0004629479699,0.0111107512776
0.0004629479699,0.9504321822047,0.1652724252543,0.0,0.0,0.0,0.0,0.0,0.0027776878194,0.0,0.0199067627057,0.0,0.4041535777227,0.0004629479699,0.0,0.0949043338295,0.1722166448028,0.0162031789465,0.1439768186389,0.0,0.004629479699,0.2444365281072,0.111107512776,0.0393505774415,0.1361067031506,0.7064586020674,2.1179869622925,0.0032406357893,0.0023147398495,0.0018517918796,0.037035837592,0.0,0.0,0.0194438147358,0.0032406357893,0.2379552565286,0.1305513275118,0.1814756042008,0.1166628884148,0.0087960114281,0.0009258959398,0.0314804619532,0.3948946183247,0.393505774415,0.2106413263045,0.0546278604482,0.1087927729265,0.0023147398495,0.4601702820806,0.0013888439097,1.5226358730011,0.0490724848094,0.0027776878194,0.0013888439097,0.0,0.0074071675184,0.0004629479699,0.444430051104,0.0004629479699,0.083330634582,0.0018517918796,0.4735957732077,0.0037035837592,0.046757744959900004,0.643497678161,0.157402309766,0.0263880342843,0.18101265623090002,0.0,0.0851824264616,2.0578037262055,0.0828676866121,3.2512835926077,0.9175628763418,0.9096927608535,9.8010714707529,0.1138852005954,0.0870342183412,0.0115736992475,0.0282398261639,0.0106478033077,0.0018517918796,0.1152740445051,0.0018517918796,0.060183236087
0.0,0.1365696511205,1.7939233833625001,0.0,0.0,0.0,0.0,0.0,0.0027776878194,0.0,0.0,0.0,0.0037035837592,0.0,0.0,0.0976820216489,0.2708245623915,0.0013888439097,0.0120366472174,0.0,0.0013888439097,0.14675450645830002,0.6166466959068,0.0069442195485,0.0259250863144,0.3587846766725,3.532293010337,0.0,0.0,0.0,0.0027776878194,0.0,0.0,0.0120366472174,0.0106478033077,0.3236006309601,0.2296221930704,0.26619508269250003,0.1592541016456,0.0023147398495,0.0004629479699,0.0,1.2337563397835,1.0157078459606,0.6749781401142,0.1847162399901,0.0305545660134,0.0060183236087,0.0004629479699,0.1013856054081,0.0490724848094,16.8675092833065,0.0,0.0,0.004629479699,3.0309203589353,0.1185146802944,0.027776878194,0.0060183236087,0.0074071675184,0.0,0.0018517918796,0.2578620192343,0.0,0.0212956066154,1.9156786994462,0.0291657221037,0.2768428860002,0.0,1.8638285268174,0.0532390165385,12.501446979179601,0.0782382069131,0.0032406357893,10.6797467176231,10.0755996169036,0.5749813786158,0.0504613287191,1.6578166802119,0.0023147398495,0.0,0.0032406357893,0.2759169900604,0.0074071675184,0.1268477437526
0.0004629479699,0.0,0.0,0.4092460053916,0.0,0.0004629479699,0.0013888439097,0.0009258959398,0.6772928799637,0.050924276689,0.0,0.3532293010337,0.0041665317291,0.0115736992475,0.0032406357893,0.0,0.0,0.0,0.0,0.22128912961220001,0.0,0.0013888439097,0.0,0.4587814381709,0.0,0.0,0.0,0.1027744493178,0.0037035837592,0.0,0.0,0.0,0.0,0.0018517918796,0.0,0.0666645076656,0.0,0.0004629479699,0.0,0.4763734610271,0.0027776878194,0.0009258959398,0.7708083698835,0.0032406357893,0.2444365281072,0.0222215025552,2.2152060359715002,0.0351840457124,0.0018517918796,0.0379617335318,0.0027776878194,0.0,21.318754013895,0.0347210977425,0.3314707464484,0.2624914989333,0.3708213238899,3.0860111673534,12.3690438597882,0.0,6.6076563743827,0.0097219073679,0.2773058339701,0.5453527085422,0.0,0.0,0.0,0.0,19.9493539189308,0.0,0.0388876294716,0.0,2.8906471240556,0.0069442195485,0.0,0.0037035837592,8.2330666967016,0.19814173111720002,0.0226844505251,0.0,0.0004629479699,0.0023147398495,0.0680533515753,0.0027776878194,0.0268509822542
0.0,0.0,0.0,0.0,0.0,0.0,0.0,0.0,0.0013888439097,0.0,0.0,0.0,0.0,0.0,0.0,0.0,0.0,0.0,0.0,0.0,0.0,0.0004629479699,0.0,0.0004629479699,0.0,0.0,0.0,0.0,0.0,0.0,0.0,0.0,0.0,0.0,0.0,0.0,0.0,0.0,0.0,0.0009258959398,0.0,0.0,0.0328693058629,0.0018517918796,0.0037035837592,0.0004629479699,4.5350383131404,1.4064359325562,0.0004629479699,0.0,0.0013888439097,0.0,0.0347210977425,1.7055003211116,0.8370099295792001,0.0129625431572,0.0240732944348,0.0810158947325,0.023147398495,0.0,0.0837935825519,0.0055553756388,0.0023147398495,2.0883582922189,0.0,0.0,0.0,0.0,0.0314804619532,0.0,0.013888439097,0.0,0.049535432779300004,0.0,0.0,0.0,0.0087960114281,0.0087960114281,0.0004629479699,0.0,0.1009226574382,0.0009258959398,0.004629479699,0.0,0.0023147398495
0.0,0.0,0.0,0.0,0.0,0.0,0.0,0.0,0.064812715786,0.0041665317291,0.0,0.0083330634582,0.0027776878194,0.0004629479699,0.0,0.0,0.0,0.0,0.0,0.0,0.0,0.0,0.0,0.0527760685686,0.0,0.0,0.0,0.0,0.0,0.0,0.0,0.0,0.0,0.0,0.2078636384851,0.0050924276689,0.0,0.0,0.0013888439097,0.027776878194,0.0,0.0,0.2814723656992,0.0037035837592,0.2018453148764,0.0101848553378,3.5174786753002,0.1884198237493,0.0064812715786,0.0249991903746,0.0,0.004629479699,0.3314707464484,0.8370099295792001,51.6913814751243,3.2707274073435,12.0232217262729,0.2379552565286,19.3026156049805,0.0009258959398,4.9220628159768,0.0212956066154,1.1485739133219,4.2443069880432,0.0,0.0,0.0009258959398,0.0004629479699,0.3823950231374,0.0083330634582,0.0143513870669,0.0083330634582,0.2050859506657,0.0027776878194,0.0004629479699,0.0,0.8893230501779,0.5999805689904,0.0356469936823,0.0,1.4406940823288,0.0004629479699,0.0583314442074,4.194308607294,0.1611058935252
0.0,0.0004629479699,0.0,0.0013888439097,0.0,0.0,0.0013888439097,0.0,0.4291527680973,0.0,0.0,0.0069442195485,0.0064812715786,0.0,0.0,0.0004629479699,0.0,0.0,0.0,0.0,0.0,0.0157402309766,0.0,0.976820216489,0.0,0.0,0.0,0.0203697106756,0.0,0.0013888439097,0.0,0.0,0.0,0.0,0.0004629479699,0.0310175139833,0.0,0.0004629479699,0.0,0.0518501726288,0.0,0.0,1.4661562206733,0.0981449696188,0.9800608522783,0.1523098820971,0.3685065840404,0.0606461840569,0.0111107512776,4.5799442662207,0.0074071675184,3.0309203589353,0.2624914989333,0.0129625431572,3.2707274073435,38.0793223161546,7.3724464206575,1.5059697460847,10.710764231606401,0.0023147398495,0.0712939873646,0.0361099416522,10.3454982833553,0.0962931777392,0.0157402309766,0.1236071079633,0.0,0.0041665317291,0.0541649124783,1.9277153466636001,0.0791641028529,2.1068762110149,5.5118585296294,0.0032406357893,0.9708018928803,0.5171128823783,25.3764929700685,2.6642655667745,7.8553011532632,0.0,0.0592573401472,0.0749975711238,0.374987855619,0.013888439097,0.14166207878940001
0.0,0.0,0.0,0.0,0.0,0.0,0.0,0.0,0.1444397666088,0.0,0.0,0.0023147398495,0.0013888439097,0.0,0.0009258959398,0.0,0.0,0.0,0.0,0.0,0.0,0.0023147398495,0.0,0.1166628884148,0.0,0.0,0.0,0.0,0.0,0.0,0.0,0.0,0.0,0.0,0.0,0.0023147398495,0.0,0.0,0.0,0.0166661269164,0.0,0.0009258959398,0.3995240980237,0.0120366472174,0.2671209786323,0.0328693058629,1.504580902175,0.0652756637559,0.0083330634582,0.6657191807162,0.0004629479699,0.1185146802944,0.3708213238899,0.0240732944348,12.0232217262729,7.3724464206575,29.5990414035264,0.347210977425,7.7372494209387,0.0060183236087,2.4318656858847,0.0333322538328,11.5491630050953,0.2925831169768,0.0009258959398,0.0666645076656,0.0009258959398,0.0004629479699,1.083298249566,0.1962899392376,0.0106478033077,0.3310077984785,0.5592411476392,0.0013888439097,0.0574055482676,0.0013888439097,1.2481077268504,1.4508789376666,1.8504030356903,0.0023147398495,1.3207905581247,0.0263880342843,0.1060150851071,0.0050924276689,0.0435171091706
0.0124995951873,0.0064812715786,0.0009258959398,0.2902683771273,0.0,0.0,0.0680533515753,0.0060183236087,1.499951422476,0.1958269912677,0.0,0.043980057140500003,0.0050924276689,0.0689792475151,0.0018517918796,0.0055553756388,0.0023147398495,0.0,0.0,0.0379617335318,0.0101848553378,0.0314804619532,0.0074071675184,1.6096700913423,0.0041665317291,0.0013888439097,0.0037035837592,0.7411796998099001,0.1333290153312,0.1430509226991,0.0,0.0,0.0166661269164,0.0412023693211,0.0074071675184,0.2050859506657,0.0050924276689,0.0620350279666,0.009258959398,0.36711774013070003,0.1069409810469,0.0009258959398,1.5818932131483001,0.1143481485653,0.5249829978666,0.106478033077,1.7244811878775,0.0861083224014,0.0527760685686,0.1291624836021,0.444430051104,0.027776878194,3.0860111673534,0.0810158947325,0.2379552565286,1.5059697460847,0.347210977425,6.1993362649309,0.7194211452246,0.0050924276689,0.398135254114,0.2111042742744,0.722198833044,0.810158947325,0.0023147398495,0.046757744959900004,0.0097219073679,0.0157402309766,0.42359739245850003,0.0365728896221,2.203632336724,0.069442195485,12.9940236191532,0.2027712108162,0.0939784378897,1.8096636143391,2.7693547559418,1.1698695199373,1.0652432787399,0.004629479699,0.0388876294716,0.0939784378897,0.2286962971306,0.0078701154883,0.1782349684115
0.0,0.0,0.0,0.0,0.0,0.0,0.0,0.0,0.4046165256926,0.0,0.0,0.0032406357893,0.0050924276689,0.0,0.0,0.0,0.0,0.0,0.0,0.0,0.0,0.0004629479699,0.0,0.12175531608370001,0.0,0.0,0.0,0.0004629479699,0.0,0.0,0.0,0.0,0.0,0.0,0.0120366472174,0.0384246815017,0.0,0.0,0.0,0.23147398495000002,0.0,0.0,4.647997617796,0.0194438147358,2.4665867836272,0.1120334087158,1.4249538513522,0.3388779139668,0.0037035837592,0.2138819620938,0.0004629479699,0.0060183236087,12.3690438597882,0.023147398495,19.3026156049805,10.710764231606401,7.7372494209387,0.7194211452246,128.6087978300996,0.0004629479699,12.4167275006879,0.0472206929298,5.6516688165392,0.2800835217895,0.0,0.0004629479699,0.0,0.0,9.7353328590271,0.0013888439097,0.0009258959398,0.0050924276689,0.3402667578765,0.0018517918796,0.0004629479699,0.0,8.4557446702235,2.9202757941292,0.1027744493178,0.0,0.1263847957827,0.0157402309766,0.7726601617631,0.5643335753081,0.2907313250972
0.0,0.0773123109733,0.0004629479699,0.0,0.0,0.0,0.0,0.0,0.0,0.0,0.0333322538328,0.0,0.5768331704954001,0.0,0.0,0.0,0.0009258959398,0.0,0.0037035837592,0.0,0.0,0.0129625431572,0.0,0.0,0.3023050243447,0.0458318490201,0.0999967614984,0.0,0.0009258959398,0.0,0.0587943921773,0.0,0.0,0.0148143350368,0.0069442195485,0.0018517918796,0.0365728896221,0.0111107512776,0.0018517918796,0.0004629479699,0.0023147398495,0.0680533515753,0.5624817834285,1.9091974278676,1.9735471956837,0.24351063216740002,0.0444430051104,0.0074071675184,0.6583120131978,0.0,0.083330634582,0.0074071675184,0.0,0.0,0.0009258959398,0.0023147398495,0.0060183236087,0.0050924276689,0.0004629479699,34.3437951470315,0.0032406357893,5.069280270405,0.1023115013479,0.0004629479699,0.0009258959398,0.3601735205822,10.278370827719801,2.0221567325232,0.0004629479699,0.0208326586455,0.027776878194,0.0782382069131,0.0027776878194,0.2921201690069,3.2494318007281002,0.3578587807327,0.0009258959398,2.087895344249,0.0129625431572,0.4411894153147,0.17592022856200001,0.0013888439097,5.5313023443652005,0.0120366472174,0.0754605190937
0.0,0.0,0.0,0.3365631741173,0.0,0.0055553756388,0.0009258959398,0.0004629479699,0.057868496237500004,0.0560167043579,0.0004629479699,0.407394213512,0.0032406357893,0.0037035837592,0.0060183236087,0.0,0.0,0.0,0.0,0.1486062983379,0.0,0.0,0.0,0.0541649124783,0.0,0.0,0.0004629479699,0.0486095368395,0.0004629479699,0.0004629479699,0.0,0.0,0.0,0.0004629479699,0.4435041551642,0.0134254911271,0.0,0.0004629479699,0.0004629479699,0.1023115013479,0.0009258959398,0.0,0.7277542086828,0.0018517918796,0.6550713774085,0.0097219073679,2.2735374801789,0.1097186688663,0.0032406357893,0.0027776878194,0.0018517918796,0.0,6.6076563743827,0.0837935825519,4.9220628159768,0.0712939873646,2.4318656858847,0.398135254114,12.4167275006879,0.0032406357893,47.96140968164,0.0472206929298,1.2388487674524,1.8142930940381001,0.0,0.0,0.0009258959398,0.0004629479699,10.8774255007704,0.0,0.009258959398,0.0,0.4865583163649,0.0032406357893,0.0,0.0064812715786,0.9948751873151,0.7897892366494,0.0013888439097,0.0,0.1680501130737,0.0,0.1536987260068,4.379487795254,0.1523098820971
0.0,0.7356243241711,0.0009258959398,0.0,0.0,0.0,0.0018517918796,0.0004629479699,0.0032406357893,0.0,0.31063808780290003,0.0004629479699,6.4794197867204,0.0027776878194,0.0,0.0,0.0013888439097,0.0120366472174,0.004629479699,0.0,0.0,0.13564375518070002,0.0004629479699,0.0194438147358,2.5443620425704,0.42544918433810003,1.2457929870009,0.0106478033077,0.0236103464649,0.004629479699,0.9689501010007,0.0,0.0009258959398,0.1166628884148,0.0291657221037,0.0328693058629,0.4745216691475,0.17592022856200001,0.0291657221037,0.0189808667659,0.0222215025552,0.5064650790706,1.046262411974,1.6346692817169,3.0799928437447,0.1763831765319,0.4601702820806,0.5999805689904,3.847097629869,0.0023147398495,0.4735957732077,0.0018517918796,0.0097219073679,0.0055553756388,0.0212956066154,0.0361099416522,0.0333322538328,0.2111042742744,0.0472206929298,5.069280270405,0.0472206929298,16.1184594680083,0.162031789465,0.0078701154883,0.0287027741338,0.0078701154883,0.11619994044490001,0.018517918796,0.032406357893,0.0893489581907,0.3314707464484,0.0851824264616,0.2930460649467,3.8345980346817,0.3152675675019,4.4243937483343,0.1055521371372,2.2341869027374,0.04629479699,2.0939136678577,0.4620220739602,0.0064812715786,2.8350933676676,0.04629479699,0.13564375518070002
0.0,0.0,0.0,0.0009258959398,0.0,0.0,0.0,0.0,0.2448994760771,0.0,0.0,0.0037035837592,0.0050924276689,0.0,0.0009258959398,0.0,0.0,0.0,0.0,0.0,0.0,0.0078701154883,0.0,0.3930428264451,0.0,0.0,0.0,0.0037035837592,0.0,0.0004629479699,0.0,0.0,0.0,0.0,0.0027776878194,0.0074071675184,0.0,0.0,0.0004629479699,0.0384246815017,0.0,0.0013888439097,1.1860726988838,0.0583314442074,1.0564472673118,0.0717569353345,1.0027453028034,0.129625431572,0.046757744959900004,8.8543428723074,0.0037035837592,0.2578620192343,0.2773058339701,0.0023147398495,1.1485739133219,10.3454982833553,11.5491630050953,0.722198833044,5.6516688165392,0.1023115013479,1.2388487674524,0.162031789465,24.8038263313022,0.08796011428100001,0.0009258959398,0.2236038694617,0.0782382069131,0.0421282652609,0.8536760564956,0.3097121918631,0.0453689010502,0.7064586020674,0.9837644360375,0.0189808667659,0.2865647933681,0.018517918796,1.9078085839579,14.2486126175822,5.6507429205994,0.0157402309766,0.4823917846358,0.0759234670636,0.37035837592,0.0148143350368,0.1212923681138
0.0,0.0004629479699,0.0,0.0,0.0,0.0009258959398,0.0004629479699,0.0,0.0120366472174,0.0004629479699,0.0,0.004629479699,0.0009258959398,0.0,0.0,0.0023147398495,0.0,0.0,0.0,0.0,0.0,0.0037035837592,0.0,0.0314804619532,0.0,0.0,0.0,0.0032406357893,0.0,0.0,0.0,0.0,0.0,0.0004629479699,0.0847194784917,0.0069442195485,0.0004629479699,0.0004629479699,0.0,0.013888439097,0.0,0.0,0.0620350279666,0.0013888439097,0.0268509822542,0.0027776878194,7.0789374077409,0.1800867602911,0.0018517918796,0.0032406357893,0.046757744959900004,0.0,0.5453527085422,2.0883582922189,4.2443069880432,0.0962931777392,0.2925831169768,0.810158947325,0.2800835217895,0.0004629479699,1.8142930940381001,0.0078701154883,0.08796011428100001,4.7345688881673,0.0,0.0,0.0,0.0,0.3411926538163,0.0004629479699,0.1861050838998,0.0,0.7846968089805,0.0087960114281,0.0,0.0810158947325,0.1453656625486,0.1194405762342,0.018517918796,0.0004629479699,0.3393408619367,0.0018517918796,0.0106478033077,0.2087895344249,0.0124995951873
0.0,0.0282398261639,0.1180517323245,0.0,0.0,0.0,0.0009258959398,0.0,0.0,0.0,0.0,0.0,0.0060183236087,0.0,0.0,1.6781863908875,0.0055553756388,0.0,0.0,0.0,0.1361067031506,0.3485998213347,2.1457638404865,0.212956066154,0.0,0.0023147398495,0.5629447313984,0.0541649124783,0.0018517918796,0.0189808667659,0.0,0.0,0.0009258959398,0.0074071675184,0.0,0.439800571405,0.1546246219466,0.07638641503350001,0.0712939873646,0.0175920228562,0.004629479699,0.0009258959398,1.2295898080544,0.2416588402878,0.3435073936658,0.1185146802944,0.0347210977425,0.0074071675184,0.0217585545853,0.0018517918796,0.643497678161,0.0212956066154,0.0,0.0,0.0,0.0157402309766,0.0009258959398,0.0023147398495,0.0,0.0009258959398,0.0,0.0287027741338,0.0009258959398,0.0,11.3982419669079,0.0953672817994,0.0013888439097,0.0124995951873,0.0,5.3734370866293,3.745249076491,6.629414928968,1.7522580660715,0.0449059530803,0.0421282652609,6.1558191557603,0.6884036312413,0.0111107512776,0.0800899987927,0.0,0.0004629479699,0.0023147398495,0.0722198833044,0.0023147398495,0.1171258363847
0.0,0.2411958923179,0.7759007975524,0.0,0.0,0.0,0.0,0.0,0.0013888439097,0.0,0.0,0.0,0.0032406357893,0.0,0.0,0.0120366472174,0.1888827717192,0.0004629479699,0.0217585545853,0.0,0.0004629479699,0.0629609239064,0.1300883795419,0.0,0.0208326586455,0.5263718417763,1.8203114176468,0.0,0.0,0.0,0.0009258959398,0.0,0.0,0.0078701154883,0.0249991903746,0.07638641503350001,0.1041632932275,0.1499951422476,0.0629609239064,0.0,0.0,0.0,2.5313994994132,3.0174948678082,1.4383793424793,0.3365631741173,0.0837935825519,0.0074071675184,0.0037035837592,0.18517918796,0.157402309766,1.9156786994462,0.0,0.0,0.0,0.1236071079633,0.0666645076656,0.046757744959900004,0.0004629479699,0.3601735205822,0.0,0.0078701154883,0.2236038694617,0.0,0.0953672817994,6.0664701975696005,0.28841658524770003,3.9850561248992,0.0,1.0059859385927,0.0851824264616,8.6136099279594,0.0939784378897,0.0032406357893,2.203632336724,6.360905106426,0.1634206333747,0.6222020715456,2.59250863144,0.004629479699,0.0023147398495,0.0365728896221,3.8415422542302,0.0152772830067,0.2101783783346
0.0,0.0421282652609,0.0004629479699,0.0,0.0,0.0,0.0,0.0,0.0,0.0,0.0023147398495,0.0,0.1166628884148,0.0,0.0,0.0,0.0009258959398,0.0074071675184,0.0106478033077,0.0,0.0,0.0009258959398,0.0,0.0,0.0967561257091,0.3036938682544,0.5226682580171,0.0,0.0,0.0,0.1282365876623,0.0,0.0,0.0004629479699,0.0152772830067,0.0013888439097,0.0865712703713,0.0476836408997,0.0120366472174,0.0004629479699,0.0,0.0037035837592,1.421250267593,2.9702741748784,2.0008611259078,0.6374793545523,0.0537019645084,0.0037035837592,0.0254621383445,0.0,0.0263880342843,0.0291657221037,0.0,0.0,0.0009258959398,0.0,0.0009258959398,0.0097219073679,0.0,10.278370827719801,0.0009258959398,0.11619994044490001,0.0782382069131,0.0,0.0013888439097,0.28841658524770003,3.7628410993472,2.1184499102624,0.0,0.0083330634582,0.0097219073679,0.0449059530803,0.0,0.032406357893,2.8758327890188,1.0425588282148,0.0,0.7328466363517,0.0013888439097,0.3212858911106,0.0245362424047,0.0004629479699,1.9161416474161,0.0222215025552,0.1379584950302
0.0,0.1624947374349,0.0620350279666,0.0,0.0,0.0,0.0,0.0,0.0,0.0,0.0004629479699,0.0,0.0162031789465,0.0,0.0,0.0,0.060183236087,0.0023147398495,0.0796270508228,0.0,0.0,0.004629479699,0.0055553756388,0.0,0.0634238718763,0.8018258838668,0.9147851885224,0.0,0.0,0.0,0.0115736992475,0.0,0.0,0.0009258959398,0.0268509822542,0.0120366472174,0.09258959398,0.0810158947325,0.0305545660134,0.0013888439097,0.0013888439097,0.0,2.2642785207809,3.3878532437282,1.6281880101383,0.5356308011743,0.0527760685686,0.0023147398495,0.0037035837592,0.0037035837592,0.18101265623090002,0.2768428860002,0.0,0.0,0.0004629479699,0.0041665317291,0.0004629479699,0.0157402309766,0.0,2.0221567325232,0.0004629479699,0.018517918796,0.0421282652609,0.0,0.0124995951873,3.9850561248992,2.1184499102624,9.4283983549834,0.0,0.1259218478128,0.0175920228562,0.7106251337965,0.0032406357893,0.018517918796,3.1323059643434,2.2615008329615,0.0078701154883,0.31063808780290003,0.1652724252543,0.037035837592,0.0083330634582,0.0037035837592,4.7415131077158,0.0199067627057,0.1847162399901
0.0,0.0,0.0,0.0023147398495,0.0,0.0,0.0027776878194,0.0,0.157402309766,0.0018517918796,0.0,0.0180549708261,0.0124995951873,0.0,0.0018517918796,0.0,0.0,0.0,0.0,0.0,0.0,0.0,0.0,0.1546246219466,0.0,0.0,0.0,0.0032406357893,0.0,0.0009258959398,0.0,0.0,0.0,0.0,0.0,0.0310175139833,0.0004629479699,0.0,0.0,0.189808667659,0.0004629479699,0.0009258959398,1.1314448384356,0.0055553756388,0.5425750207228001,0.0115736992475,1.1888503867032,0.0976820216489,0.0074071675184,0.0189808667659,0.0,0.0,19.9493539189308,0.0314804619532,0.3823950231374,0.0541649124783,1.083298249566,0.42359739245850003,9.7353328590271,0.0004629479699,10.8774255007704,0.032406357893,0.8536760564956,0.3411926538163,0.0,0.0,0.0,0.0,5.0479846637896,0.0,0.0018517918796,0.0,0.2115672222443,0.0037035837592,0.0,0.0004629479699,1.4772669719509,0.5374825930539,0.0083330634582,0.0,0.0217585545853,0.0004629479699,0.1208294201439,0.0060183236087,0.0541649124783
0.0,0.0097219073679,0.0129625431572,0.0,0.0,0.0,0.0004629479699,0.0,0.0041665317291,0.0,0.0009258959398,0.0,0.0194438147358,0.0,0.0,0.2986014405855,0.0,0.0,0.0,0.0,0.0671274556355,0.1078668769867,0.1907345635988,0.2648062387828,0.0004629479699,0.0,0.0546278604482,0.0342581497726,0.0027776878194,0.0374987855619,0.0,0.0,0.0,0.009258959398,0.0101848553378,0.5513710321509,0.0393505774415,0.04629479699,0.0212956066154,0.004629479699,0.0004629479699,0.0023147398495,6.9557932477475,0.8314545539404,4.5424454806588,1.2286639121146,0.2009194189366,0.0657386117258,0.041665317291,0.1074039290168,0.0851824264616,1.8638285268174,0.0,0.0,0.0083330634582,1.9277153466636001,0.1962899392376,0.0365728896221,0.0013888439097,0.0208326586455,0.0,0.0893489581907,0.3097121918631,0.0004629479699,5.3734370866293,1.0059859385927,0.0083330634582,0.1259218478128,0.0,47.672993096392304,0.3722101677996,29.4870079948106,0.6819223596627,0.0490724848094,0.6777558279336,1.9462332654596,7.4599435869686,0.6472012619202,17.0878725169789,0.0004629479699,0.0050924276689,0.1291624836021,4.393376234351,0.0226844505251,0.8189549587531
0.0037035837592,0.0638868198462,0.0560167043579,0.0009258959398,0.0,0.0,0.0115736992475,0.0013888439097,0.0226844505251,0.0004629479699,0.0060183236087,0.0,0.1277736396924,0.0111107512776,0.0,1.1263524107667,0.013888439097,0.0004629479699,0.0023147398495,0.0,0.2347146207393,1.3337531012819,0.6865518393617001,0.43054161200700003,0.0453689010502,0.0171290748863,0.7069215500373001,0.157402309766,0.041665317291,0.111107512776,0.0018517918796,0.0,0.0143513870669,0.032406357893,0.0240732944348,0.3643400523113,0.1023115013479,0.08749716631110001,0.0675904036054,0.0652756637559,0.0171290748863,0.0069442195485,0.7550681389069,0.3374890700571,0.2805464697594,0.0805529467626,0.4671145016291,0.0115736992475,0.1411991308195,0.013888439097,2.0578037262055,0.0532390165385,0.0388876294716,0.013888439097,0.0143513870669,0.0791641028529,0.0106478033077,2.203632336724,0.0009258959398,0.027776878194,0.009258959398,0.3314707464484,0.0453689010502,0.1861050838998,3.745249076491,0.0851824264616,0.0097219073679,0.0175920228562,0.0018517918796,0.3722101677996,6.0803586366666,0.949043338295,11.4195375735233,0.2689727705119,0.0745346231539,4.3632846163075,0.476836408997,0.11064456480610001,0.1148110965352,0.013888439097,0.0018517918796,0.0101848553378,0.0847194784917,0.0069442195485,0.2291592451005
0.0,0.1351808072108,1.5730972017202,0.0,0.0,0.0,0.0,0.0,0.0078701154883,0.0,0.0018517918796,0.0,0.0143513870669,0.0,0.0,2.7624105363933,0.0481465888696,0.0,0.0018517918796,0.0,0.0768493630034,0.5541487199703,5.0678914264953,0.1041632932275,0.0148143350368,0.0624979759365,4.5748518385518,0.004629479699,0.0,0.0041665317291,0.0004629479699,0.0,0.0,0.0060183236087,0.0624979759365,0.7944187163484,0.5027614953114,0.3208229431407,0.28332415757880003,0.009258959398,0.0013888439097,0.0027776878194,9.9098642436794,3.9318171083607,5.9567515287033,1.5504127511951,0.4666515536592,0.0671274556355,0.0384246815017,0.2925831169768,0.0828676866121,12.501446979179601,0.0,0.0,0.0083330634582,2.1068762110149,0.3310077984785,0.069442195485,0.0050924276689,0.0782382069131,0.0,0.0851824264616,0.7064586020674,0.0,6.629414928968,8.6136099279594,0.0449059530803,0.7106251337965,0.0,29.4870079948106,0.949043338295,39.5163128147242,0.726828312743,0.0472206929298,5.0396516003314,18.7595776362878,3.1531386229889002,0.9657094652114,7.1307875803697005,0.0,0.0050924276689,0.0893489581907,4.8521576725219004,0.083330634582,1.6823529226166
0.0032406357893,0.0240732944348,0.0013888439097,0.07083103939470001,0.0,0.0,0.0810158947325,0.0,1.2258862242952,0.0217585545853,0.0004629479699,0.0537019645084,0.0208326586455,0.0032406357893,0.0032406357893,0.3083233479534,0.0,0.0,0.0,0.0212956066154,0.1124963566857,0.2513807476557,0.1361067031506,6.1956326811717,0.0018517918796,0.0,0.0486095368395,0.6384052504921001,0.0152772830067,0.2305480890102,0.0,0.0,0.0078701154883,0.037035837592,0.0004629479699,1.0425588282148,0.0273139302241,0.1013856054081,0.0152772830067,0.4249862363682,0.0217585545853,0.0032406357893,3.1596198945675003,0.2199002857025,1.0342257647566,0.282398261639,1.3050503271481,0.0745346231539,0.0736087272141,0.2027712108162,3.2512835926077,0.0782382069131,2.8906471240556,0.049535432779300004,0.2050859506657,5.5118585296294,0.5592411476392,12.9940236191532,0.3402667578765,0.0027776878194,0.4865583163649,0.2930460649467,0.9837644360375,0.7846968089805,1.7522580660715,0.0939784378897,0.0,0.0032406357893,0.2115672222443,0.6819223596627,11.4195375735233,0.726828312743,29.5397840633792,0.731457792442,0.1087927729265,6.073877365088,8.606202760441,1.8328110128341,2.236038694617,0.0,0.0101848553378,0.2249927133714,0.4360969876458,0.0101848553378,0.2536954875052
0.0009258959398,0.6490530537998,0.0064812715786,0.0,0.0,0.0,0.0027776878194,0.0009258959398,0.0055553756388,0.0,0.043980057140500003,0.0004629479699,1.1101492318202,0.0106478033077,0.0,0.0004629479699,0.0120366472174,0.0074071675184,0.0532390165385,0.0,0.0009258959398,0.0129625431572,0.0009258959398,0.0347210977425,1.0518177876128,0.4189679127595,1.0143190020509,0.0226844505251,0.0148143350368,0.0055553756388,0.18703097983960001,0.0,0.0004629479699,0.0249991903746,0.0009258959398,0.1023115013479,0.1513839861573,0.1361067031506,0.0458318490201,0.0412023693211,0.0342581497726,0.0541649124783,0.1486062983379,0.2634173948731,0.4018388378732,0.0199067627057,0.1398102869098,0.009258959398,1.3860662218806,0.0,0.9175628763418,0.0032406357893,0.0069442195485,0.0,0.0027776878194,0.0032406357893,0.0013888439097,0.2027712108162,0.0018517918796,0.2921201690069,0.0032406357893,3.8345980346817,0.0189808667659,0.0087960114281,0.0449059530803,0.0032406357893,0.032406357893,0.018517918796,0.0037035837592,0.0490724848094,0.2689727705119,0.0472206929298,0.731457792442,3.2920230139589,0.11573699247500001,4.5979992370468,0.0435171091706,0.3902651386257,0.0101848553378,0.0773123109733,0.0615720799967,0.0032406357893,0.2273074532209,0.0013888439097,0.0120366472174
0.0,1.0235779614489,0.9425620667164,0.0,0.0,0.0,0.0,0.0,0.0009258959398,0.0,0.0398135254114,0.0,0.9263588877699,0.0,0.0,0.0064812715786,0.9485803903251,0.0615720799967,0.6041471007195001,0.0,0.0004629479699,0.0425912132308,0.162031789465,0.0,0.5671112631275,5.8692543623922,8.198808546929,0.0,0.0,0.0,0.6749781401142,0.0,0.0,0.0513872246589,0.0124995951873,0.47498461711740003,0.8138625310842,0.8198808546929001,0.4634109178699,0.0004629479699,0.0,0.0291657221037,3.0008287408918,8.712680793518,2.5795460882828,0.6564602213182,0.11573699247500001,0.0041665317291,0.1421250267593,0.1490692463078,0.9096927608535,10.6797467176231,0.0,0.0,0.0004629479699,0.9708018928803,0.0574055482676,0.0939784378897,0.0004629479699,3.2494318007281002,0.0,0.3152675675019,0.2865647933681,0.0,0.0421282652609,2.203632336724,2.8758327890188,3.1323059643434,0.0,0.6777558279336,0.0745346231539,5.0396516003314,0.1087927729265,0.11573699247500001,55.039884141411,30.5031787887411,0.124995951873,0.8096959993551001,1.9541033809479,0.7786784853718,0.0374987855619,0.0027776878194,1.3856032739107,0.0254621383445,0.2078636384851
0.0,2.6175078218146,4.8924341459032,0.0,0.0,0.0,0.0,0.0,0.0032406357893,0.0,0.050924276689,0.0,2.1814108341688,0.0004629479699,0.0,2.0328045358309,1.7411473147939,0.0782382069131,0.7050697581577,0.0,0.0208326586455,1.3559746038371001,3.9281135246015,0.0851824264616,1.2518113106096,6.6400627322757,23.2376733491305,0.0064812715786,0.0009258959398,0.0,1.0356146086663,0.0,0.0,0.10462624119740001,0.0226844505251,1.8624396829077001,1.8642914747873,1.9869726868108,1.20366472174,0.0203697106756,0.0027776878194,0.0458318490201,10.6038232505595,6.9844960218813,5.5502832111311005,1.8013305508809,0.8064553635658,0.0499983807492,0.1328660673613,0.013888439097,9.8010714707529,10.0755996169036,0.0037035837592,0.0,0.0,0.5171128823783,0.0013888439097,1.8096636143391,0.0,0.3578587807327,0.0064812715786,4.4243937483343,0.018517918796,0.0810158947325,6.1558191557603,6.360905106426,1.0425588282148,2.2615008329615,0.0004629479699,1.9462332654596,4.3632846163075,18.7595776362878,6.073877365088,4.5979992370468,30.5031787887411,69.32738438846481,1.8781799138843,0.2120301702142,0.6022953088399,1.5133769136031001,0.0078701154883,0.0027776878194,2.2378904864966,0.07638641503350001,1.1411667458035
0.0,0.0060183236087,0.0018517918796,0.0018517918796,0.0,0.0,0.0194438147358,0.0,1.0106154182917,0.0,0.0,0.0259250863144,0.0365728896221,0.0,0.0009258959398,0.1444397666088,0.0,0.0,0.0,0.0,0.0532390165385,0.0995338135285,0.0527760685686,2.9994398969821,0.0,0.0,0.0189808667659,0.2074006905152,0.0037035837592,0.11573699247500001,0.0,0.0,0.0032406357893,0.0152772830067,0.0009258959398,0.7402538038701,0.0212956066154,0.0527760685686,0.009258959398,0.3930428264451,0.0032406357893,0.0083330634582,5.3590856995624,0.300916180435,2.0939136678577,0.6175725918466,0.6476642098901,0.1055521371372,0.0398135254114,0.4435041551642,0.1138852005954,0.5749813786158,8.2330666967016,0.0087960114281,0.8893230501779,25.3764929700685,1.2481077268504,2.7693547559418,8.4557446702235,0.0009258959398,0.9948751873151,0.1055521371372,1.9078085839579,0.1453656625486,0.6884036312413,0.1634206333747,0.0,0.0078701154883,1.4772669719509,7.4599435869686,0.476836408997,3.1531386229889002,8.606202760441,0.0435171091706,0.124995951873,1.8781799138843,50.3798498763976,2.2462235499548,18.0137684567789,0.0,0.0064812715786,0.1814756042008,0.8184920107832,0.0273139302241,0.4712810333582
0.0,0.0032406357893,0.0,0.0,0.0,0.0,0.0,0.0,0.2564731753246,0.0,0.0018517918796,0.0,0.0314804619532,0.0,0.0,0.0074071675184,0.0,0.0,0.0,0.0,0.0032406357893,0.0254621383445,0.0027776878194,0.1180517323245,0.0166661269164,0.0,0.0041665317291,0.0083330634582,0.0004629479699,0.0087960114281,0.0,0.0,0.0004629479699,0.0018517918796,0.0171290748863,0.0861083224014,0.0032406357893,0.0037035837592,0.0097219073679,0.0041665317291,0.0004629479699,0.0060183236087,2.9012949273633,0.3342484342678,5.6627795678168,0.2657321347226,1.907345635988,0.962931777392,0.7573828787564,5.3512155840741,0.0870342183412,0.0504613287191,0.19814173111720002,0.0087960114281,0.5999805689904,2.6642655667745,1.4508789376666,1.1698695199373,2.9202757941292,2.087895344249,0.7897892366494,2.2341869027374,14.2486126175822,0.1194405762342,0.0111107512776,0.6222020715456,0.7328466363517,0.31063808780290003,0.5374825930539,0.6472012619202,0.11064456480610001,0.9657094652114,1.8328110128341,0.3902651386257,0.8096959993551001,0.2120301702142,2.2462235499548,41.3264393770332,12.7782898651798,0.212956066154,1.7953122272722,8.620091199538,4.7952150722242,0.0513872246589,0.5745184306459
0.0,0.0018517918796,0.0,0.0,0.0,0.0,0.0,0.0,0.1671242171339,0.0,0.0,0.0,0.0115736992475,0.0,0.0004629479699,0.0449059530803,0.0,0.0,0.0,0.0,0.0101848553378,0.0351840457124,0.013888439097,0.3097121918631,0.0,0.0,0.0018517918796,0.0134254911271,0.0004629479699,0.0064812715786,0.0,0.0,0.0004629479699,0.0032406357893,0.0041665317291,0.18703097983960001,0.0023147398495,0.0069442195485,0.0037035837592,0.0060183236087,0.0,0.0018517918796,3.0897147511126,0.2874906893079,2.8596296100723,0.6106283722981,0.1324031193914,0.0458318490201,0.0180549708261,3.6415487312334,0.0115736992475,1.6578166802119,0.0226844505251,0.0004629479699,0.0356469936823,7.8553011532632,1.8504030356903,1.0652432787399,0.1027744493178,0.0129625431572,0.0013888439097,0.04629479699,5.6507429205994,0.018517918796,0.0800899987927,2.59250863144,0.0013888439097,0.1652724252543,0.0083330634582,17.0878725169789,0.1148110965352,7.1307875803697005,2.236038694617,0.0101848553378,1.9541033809479,0.6022953088399,18.0137684567789,12.7782898651798,33.1155941828868,0.0,0.0083330634582,1.4559713653355,4.0179254307621,0.0157402309766,0.3948946183247
0.0,0.1185146802944,0.0,0.0,0.0,0.0,0.0,0.0,0.0,0.0,0.0490724848094,0.0,1.1494998092617,0.0,0.0,0.0,0.0,0.0074071675184,0.0018517918796,0.0,0.0,0.0083330634582,0.0,0.0,0.3273042147193,0.4268380282478,0.666645076656,0.0,0.0009258959398,0.0,0.5310013214753,0.0,0.0,0.0111107512776,0.0009258959398,0.0018517918796,0.2009194189366,0.0476836408997,0.0069442195485,0.0,0.0004629479699,0.0421282652609,0.1754572805921,1.7703130368976001,0.5772961184653,0.1129593046556,0.0060183236087,0.0,0.1453656625486,0.0,0.0282398261639,0.0023147398495,0.0,0.0,0.0,0.0,0.0023147398495,0.004629479699,0.0,0.4411894153147,0.0,2.0939136678577,0.0157402309766,0.0004629479699,0.0,0.004629479699,0.3212858911106,0.037035837592,0.0,0.0004629479699,0.013888439097,0.0,0.0,0.0773123109733,0.7786784853718,1.5133769136031001,0.0,0.212956066154,0.0,2.4818640666339,0.0115736992475,0.0,0.2509177996858,0.0023147398495,0.0259250863144
0.0,0.0004629479699,0.0,0.0,0.0,0.0,0.0,0.0,0.0,0.0,0.0004629479699,0.0,0.0023147398495,0.0,0.0,0.0,0.0,0.0,0.0,0.0,0.0,0.0004629479699,0.0,0.0,0.0027776878194,0.0,0.0,0.0,0.0,0.0,0.0,0.0,0.0,0.0,0.0060183236087,0.0023147398495,0.0,0.0,0.0018517918796,0.0,0.0,0.0018517918796,0.3073974520136,0.0157402309766,0.4472077389234,0.0129625431572,2.7661141201525,4.3114344436787,0.1268477437526,0.0009258959398,0.0106478033077,0.0,0.0004629479699,0.1009226574382,1.4406940823288,0.0592573401472,1.3207905581247,0.0388876294716,0.1263847957827,0.17592022856200001,0.1680501130737,0.4620220739602,0.4823917846358,0.3393408619367,0.0004629479699,0.0023147398495,0.0245362424047,0.0083330634582,0.0217585545853,0.0050924276689,0.0018517918796,0.0050924276689,0.0101848553378,0.0615720799967,0.0374987855619,0.0078701154883,0.0064812715786,1.7953122272722,0.0083330634582,0.0115736992475,2.2008546489046,0.0,0.9694130489706,0.0217585545853,0.1490692463078
0.0,0.0,0.0,0.0,0.0,0.0,0.0,0.0,0.0287027741338,0.0,0.0,0.0,0.0013888439097,0.0,0.0,0.0055553756388,0.0,0.0,0.0,0.0,0.0027776878194,0.0032406357893,0.0023147398495,0.0314804619532,0.0,0.0,0.0,0.0023147398495,0.0,0.0037035837592,0.0,0.0,0.0,0.0009258959398,0.0009258959398,0.037035837592,0.0009258959398,0.0009258959398,0.0004629479699,0.0009258959398,0.0,0.0,0.2074006905152,0.0064812715786,0.3263783187795,0.0398135254114,0.0129625431572,0.0060183236087,0.0018517918796,0.0333322538328,0.0018517918796,0.0032406357893,0.0023147398495,0.0009258959398,0.0004629479699,0.0749975711238,0.0263880342843,0.0939784378897,0.0157402309766,0.0013888439097,0.0,0.0064812715786,0.0759234670636,0.0018517918796,0.0023147398495,0.0365728896221,0.0004629479699,0.0037035837592,0.0004629479699,0.1291624836021,0.0101848553378,0.0893489581907,0.2249927133714,0.0032406357893,0.0027776878194,0.0027776878194,0.1814756042008,8.620091199538,1.4559713653355,0.0,0.0,5.5243581248167,1.0120042622014,0.0027776878194,0.0365728896221
0.0,0.0560167043579,0.0949043338295,0.0,0.0,0.0,0.0009258959398,0.0,0.0620350279666,0.0,0.0023147398495,0.0,0.0361099416522,0.0,0.0,0.0282398261639,0.0087960114281,0.0018517918796,0.013888439097,0.0,0.0013888439097,0.0236103464649,0.0365728896221,0.0412023693211,0.0421282652609,0.1893457196891,0.421282652609,0.0050924276689,0.0004629479699,0.0013888439097,0.0083330634582,0.0,0.0004629479699,0.0018517918796,0.0282398261639,0.043980057140500003,0.0365728896221,0.0273139302241,0.0129625431572,0.0018517918796,0.0037035837592,0.0037035837592,1.6309656979577,1.2198679006865,4.9114150126691,0.2879536372778,0.2208261816423,0.4842435765154,0.4036906297528,0.055090808418100004,0.1152740445051,0.2759169900604,0.0680533515753,0.004629479699,0.0583314442074,0.374987855619,0.1060150851071,0.2286962971306,0.7726601617631,5.5313023443652005,0.1536987260068,2.8350933676676,0.37035837592,0.0106478033077,0.0722198833044,3.8415422542302,1.9161416474161,4.7415131077158,0.1208294201439,4.393376234351,0.0847194784917,4.8521576725219004,0.4360969876458,0.2273074532209,1.3856032739107,2.2378904864966,0.8184920107832,4.7952150722242,4.0179254307621,0.2509177996858,0.9694130489706,1.0120042622014,11.5102753756237,0.027776878194,0.2796205738196
0.0,0.0027776878194,0.0055553756388,0.0,0.0,0.6657191807162,0.0004629479699,0.0004629479699,0.0060183236087,0.2527695915654,0.0101848553378,0.8916377900274,0.0115736992475,0.0004629479699,0.0,0.0013888439097,0.0004629479699,0.0069442195485,0.0064812715786,0.0,0.0018517918796,0.0013888439097,0.0157402309766,0.0004629479699,0.0,0.018517918796,0.0101848553378,0.0004629479699,0.0037035837592,0.0013888439097,0.0023147398495,0.0,0.0004629479699,0.0037035837592,81.1982962326406,0.6958107987597,0.1513839861573,0.0805529467626,0.412023693211,0.1032373972877,0.1009226574382,0.0064812715786,2.9401825568349,0.5388714369636,0.2569361232945,0.4985949635823,0.0912007500703,0.1476804023981,0.0268509822542,0.0004629479699,0.0018517918796,0.0074071675184,0.0027776878194,0.0,4.194308607294,0.013888439097,0.0050924276689,0.0078701154883,0.5643335753081,0.0120366472174,4.379487795254,0.04629479699,0.0148143350368,0.2087895344249,0.0023147398495,0.0152772830067,0.0222215025552,0.0199067627057,0.0060183236087,0.0226844505251,0.0069442195485,0.083330634582,0.0101848553378,0.0013888439097,0.0254621383445,0.07638641503350001,0.0273139302241,0.0513872246589,0.0157402309766,0.0023147398495,0.0217585545853,0.0027776878194,0.027776878194,281.9385543048893,33.1419822171711
0.0148143350368,0.07083103939470001,0.2448994760771,0.0087960114281,0.0,0.2282333491607,0.0916636980402,0.0013888439097,0.0861083224014,0.1333290153312,0.0374987855619,0.1888827717192,0.032406357893,0.0643497678161,0.0,0.5726666387663,0.1050891891673,0.1259218478128,0.1861050838998,0.0009258959398,0.8138625310842,0.1523098820971,2.3244617568679002,0.2921201690069,0.0018517918796,0.4370228835856,1.4240279554124,0.569426002977,0.3046197641942,0.5314642694452,0.0361099416522,0.0,0.0115736992475,0.0888860102208,33.3947518087365,5.2521447185155,3.2610054999756,0.9842273840074001,4.9387289428932,0.3879503987762,1.2170902128671,0.0300916180435,6.0998024514024,3.3267441117014,1.3763443145127001,1.9716954038041001,0.3430444456959,0.421282652609,0.0407394213512,0.0111107512776,0.060183236087,0.1268477437526,0.0268509822542,0.0023147398495,0.1611058935252,0.14166207878940001,0.0435171091706,0.1782349684115,0.2907313250972,0.0754605190937,0.1523098820971,0.13564375518070002,0.1212923681138,0.0124995951873,0.1171258363847,0.2101783783346,0.1379584950302,0.1847162399901,0.0541649124783,0.8189549587531,0.2291592451005,1.6823529226166,0.2536954875052,0.0120366472174,0.2078636384851,1.1411667458035,0.4712810333582,0.5745184306459,0.3948946183247,0.0259250863144,0.1490692463078,0.0365728896221,0.2796205738196,33.1419822171711,2.3767748774666
