2.703636687276,0.000453934971,0.45847432071,0.021334943637,0.017703463869,0.014979854043,4.980120566841,0.424883132856,0.114845547663,0.162508719618,0.009986569362,0.024966423405,0.010440504333,4.173932058345,0.003177544797,0.002269674855,0.245578819311,0.000907869942,0.036768732651,0.024058553463,0.22242813579,0.006809024565,0.485256483999,0.584214307677,0.0,0.261012608325,0.120746702286,0.652758488298,1.699532531424,1.680921197613,0.0,0.009532634391,0.034952992767,0.225151745616,0.003631479768,0.118930962402,0.027690033231,0.10349717338799999,0.042215952303,0.010440504333,0.005447219652,0.006355089594,0.024966423405,0.0,0.000453934971,0.000453934971,0.003177544797,0.0,0.002723609826,0.002723609826,0.0,0.0,0.006809024565,0.0,0.001361804913,0.010440504333,0.024512488433999998,0.03631479768,0.004085414739,0.0,0.002269674855,0.000453934971,0.004085414739,0.000453934971,0.0,0.0,0.0,0.0,0.004993284681,0.0,0.000907869942,0.000453934971,0.124378182054,0.0,0.0,0.000453934971,0.024512488433999998,0.002723609826,0.008170829478,0.0,0.0,0.000907869942,0.004993284681,0.0,0.040400212419
0.000453934971,1.601936512659,0.026328228318,0.000907869942,0.001361804913,0.000453934971,0.001815739884,0.000453934971,0.897429437667,0.0,0.073083530331,0.001361804913,0.37222667622,0.001815739884,0.001815739884,0.171133484067,0.041308082361,0.001815739884,0.059011546229999996,0.000453934971,0.012256244216999999,1.468933566156,0.039038407505999996,0.773051255613,1.810292664348,0.348622057728,10.239865075817999,0.012710179188,0.000453934971,0.007262959536,0.002723609826,0.000453934971,0.0,0.033137252883,0.000907869942,0.094872408939,0.088517319345,0.059465481201,0.03631479768,0.005901154623,0.002723609826,0.150252475401,0.189744817878,0.16795593927,0.124832117025,0.044031692186999996,0.002723609826,0.000907869942,0.024966423405,0.000453934971,0.551984924736,0.124378182054,0.0,0.0,0.0,0.000907869942,0.000453934971,0.01815739884,0.0,0.091694864142,0.000453934971,0.275538527397,0.000453934971,0.0,0.065820570795,0.167048069328,0.015433789013999999,0.173403158922,0.0,0.014525919072,0.102589303446,0.065820570795,0.081254359809,0.08806338437399999,0.8279773871039999,2.924249083182,0.014525919072,0.002269674855,0.004085414739,0.03631479768,0.000453934971,0.000453934971,0.119838832344,0.000453934971,0.038584472535
0.45847432071,0.026328228318,14.353877717990999,0.000453934971,0.002269674855,0.000453934971,2.36500119891,0.23468438000699998,0.02723609826,0.025874293346999998,0.034045122824999996,0.000453934971,0.009532634391,1.2256244217,0.000453934971,0.187475143023,3.7299836567069997,0.009532634391,0.335457943569,0.000453934971,0.579674957967,0.083977969635,8.3070099693,0.35225353749599997,0.000907869942,11.206746564048,7.16763319209,0.493427313477,0.064004830911,0.881087778711,0.0,0.00453934971,0.006355089594,0.596470551894,0.017249528898,1.624633261209,0.848404460799,0.931020625521,0.527926371273,0.05447219652,0.034045122824999996,0.000453934971,0.141627710952,0.094418473968,0.068544180621,0.031321512999,0.001361804913,0.0,0.0,0.0,0.012256244216999999,0.625976325009,0.000453934971,0.0,0.0,0.002269674855,0.0,0.011802309246,0.0,0.005447219652,0.0,0.0,0.0,0.0,0.166594134357,0.21334943637,0.0,0.034952992767,0.0,0.02723609826,0.054926131491,0.718579059093,0.055380066462,0.000907869942,0.062189091027,1.297346147118,0.020427073695,0.005901154623,0.016341658956,0.0,0.0,0.002723609826,0.07035992050499999,0.007262959536,0.346352382873
0.021334943637,0.000907869942,0.000453934971,36.406946479112996,0.296419536063,0.515670127056,0.039946277448,0.368595196452,0.7167633192089999,12.42420015627,0.000453934971,3.486674512251,0.02723609826,0.21471124128299998,0.147528865575,0.000453934971,0.0,0.0,0.0,23.206971457404,0.000907869942,0.0,0.000907869942,4.188911912388,0.0,0.0,0.000453934971,13.381095075138,0.250572103992,0.001815739884,0.0,0.075807140157,0.003177544797,0.124378182054,0.001361804913,0.134818686387,0.000907869942,0.011802309246,0.012256244216999999,0.164778394473,0.016795593927,0.004085414739,0.003631479768,0.000907869942,0.0,0.0,0.053110391607,0.0,0.001815739884,0.0,0.0,0.0,1.540201356603,0.001815739884,0.062189091027,0.039038407505999996,0.011802309246,0.6858957411809999,0.059919416172,0.0,0.477993524463,0.000453934971,0.002269674855,0.049478911839,0.0,0.0,0.0,0.0,0.197461712385,0.0,0.000907869942,0.0,0.936921780144,0.0,0.0,0.0,0.12710179188,0.0,0.0,0.0,0.0,0.0,0.001361804913,0.0,0.014525919072
0.017703463869,0.001361804913,0.002269674855,0.296419536063,0.752624181918,4.5538756290719995,0.33137252883,3.2869431250109997,0.351345667554,1.89290882907,0.033591187854,1.7285843695679999,0.107128653156,0.451665296145,1.788957720711,0.000907869942,0.001361804913,0.003177544797,0.003631479768,0.4085414739,0.005901154623,0.002723609826,0.00453934971,0.7471769622659999,0.0,0.008624764449,0.005447219652,0.619167300444,0.174764963835,0.00907869942,0.00453934971,0.471184499898,0.003177544797,0.181120053429,0.068544180621,0.684533936268,0.011802309246,0.057195806346,0.012256244216999999,0.963703943433,0.029051838144,0.031321512999,0.013164114159,0.000907869942,0.002723609826,0.000453934971,0.033137252883,0.000453934971,0.010894439304,0.001361804913,0.0,0.0,0.037222667622,0.000453934971,0.025420358376,0.016795593927,0.016341658956,0.10440504333,0.005901154623,0.000453934971,0.074445335244,0.002269674855,0.001361804913,0.01361804913,0.0,0.0,0.0,0.0,0.034499057796,0.0,0.002269674855,0.0,0.312761195019,0.0,0.0,0.0,0.034952992767,0.000453934971,0.000907869942,0.0,0.0,0.0,0.012256244216999999,0.012256244216999999,0.071267790447
0.014979854043,0.000453934971,0.000453934971,0.515670127056,4.5538756290719995,31.703272309611,0.20427073695,9.383743720512,0.381759310611,6.321044471175,0.002269674855,7.301090073564,0.021788878608,0.509315037462,7.3991400273,0.0,0.0,0.0,0.0,0.42215952303,0.0,0.0,0.0,0.187929077994,0.0,0.0,0.001361804913,0.598286291778,0.207448281747,0.001361804913,0.0,0.113937677721,0.000453934971,0.075807140157,1.498439339271,0.063096960969,0.001361804913,0.011802309246,0.008170829478,0.262828348209,0.010894439304,0.006355089594,0.002269674855,0.000453934971,0.0,0.000453934971,0.028597903173,0.0,0.002723609826,0.0,0.0,0.0,0.103043238417,0.001361804913,0.02723609826,0.014071984101,0.009986569362,0.084885839577,0.007262959536,0.0,0.11348374274999999,0.000453934971,0.000453934971,0.016795593927,0.0,0.0,0.0,0.0,0.049024976867999996,0.0,0.000907869942,0.0,0.14071984100999999,0.0,0.0,0.0,0.02269674855,0.0,0.000453934971,0.0,0.0,0.0,0.003177544797,0.152068215285,0.044939562129
4.980120566841,0.001815739884,2.36500119891,0.039946277448,0.33137252883,0.20427073695,38.38020179805,2.740405419927,0.46891482504299997,5.688713056571999,0.023150683521,0.047209236984,0.15297608522699999,8.685137800143,0.083070099693,0.064912700853,0.37222667622,0.000453934971,0.024058553463,0.023150683521,4.1308082361,0.021788878608,5.47899509997,3.223846164042,0.000453934971,0.44485627158,0.666376537428,28.208426967881998,2.687748963291,5.164872100038,0.0,0.084431904606,0.142989515865,1.143462191949,0.016795593927,1.387679206347,0.106220783214,0.635055024429,0.433961832276,0.182027923371,0.118930962402,0.011802309246,0.069905985534,0.003177544797,0.005447219652,0.000907869942,0.00907869942,0.0,0.001361804913,0.005447219652,0.000453934971,0.0,0.039492342477,0.0,0.003177544797,0.044031692186999996,0.058557611259,0.151614280314,0.005901154623,0.0,0.008170829478,0.0,0.00907869942,0.000453934971,0.002269674855,0.0,0.0,0.0,0.008624764449,0.000453934971,0.009532634391,0.001815739884,0.425337067827,0.0,0.0,0.000453934971,0.112575872808,0.008170829478,0.013164114159,0.0,0.0,0.001815739884,0.010440504333,0.0,0.280531812078
0.424883132856,0.000453934971,0.23468438000699998,0.368595196452,3.2869431250109997,9.383743720512,2.740405419927,13.869529103934,0.379035700785,6.494901565068,0.003177544797,1.400843320506,0.066274505766,3.134874909726,1.4090141499839999,0.001361804913,0.014979854043,0.000453934971,0.0,0.455296775913,0.184297598226,0.003631479768,0.184297598226,1.723137149916,0.0,0.040400212419,0.030413643057,2.376803508156,0.5261106313889999,0.064912700853,0.0,0.138450166155,0.010894439304,0.161146914705,0.001815739884,0.18066611845799999,0.014071984101,0.062643025998,0.039492342477,0.205632541863,0.015887723985,0.025420358376,0.019519203752999998,0.0,0.001361804913,0.0,0.01815739884,0.0,0.0077168945069999995,0.000453934971,0.0,0.0,0.31230726004799997,0.0,0.016795593927,0.132549011532,0.075353205186,0.142081645923,0.046301367042,0.0,0.105312913272,0.000907869942,0.014071984101,0.008624764449,0.0,0.0,0.0,0.0,0.130279336677,0.0,0.0,0.0,0.734466783078,0.0,0.0,0.0,0.214257306312,0.001815739884,0.000907869942,0.0,0.0,0.000907869942,0.011348374275,0.0,0.020427073695
0.114845547663,0.897429437667,0.02723609826,0.7167633192089999,0.351345667554,0.381759310611,0.46891482504299997,0.379035700785,5.572959638967,0.35225353749599997,0.012256244216999999,2.057233288572,0.107128653156,0.24694062422399998,0.798471613989,0.122108507199,0.026328228318,0.0,0.017249528898,0.248756364108,0.065820570795,1.786234110885,0.069452050563,8.319266213517,0.122108507199,0.14071984100999999,2.615119367931,1.005012025794,0.602825641488,0.478901394405,0.0,0.054018261548999996,0.073991400273,0.320024154555,0.014525919072,0.653212423269,0.054926131491,0.10803652309799999,0.109398328011,0.718579059093,0.04993284681,0.016795593927,0.375858155988,0.0077168945069999995,0.124378182054,0.052656456636,0.082162229751,0.00907869942,0.005447219652,0.04085414739,0.002723609826,0.010440504333,0.669100147254,0.001361804913,0.068544180621,0.288248706585,0.44031692187,1.788049850769,0.26328228318,0.000453934971,0.198369582327,0.002723609826,0.17158741903799998,0.020427073695,0.006355089594,0.002269674855,0.0,0.0,0.084431904606,0.009986569362,0.014525919072,0.011348374275,1.361350978029,0.001361804913,0.000453934971,0.032683317912,0.665468667486,0.168863809212,0.218342721051,0.0,0.004993284681,0.030867578027999998,0.088517319345,0.00453934971,0.241947339543
0.162508719618,0.0,0.025874293346999998,12.42420015627,1.89290882907,6.321044471175,5.688713056571999,6.494901565068,0.35225353749599997,74.557457181837,0.016341658956,10.517219343099,0.169771679154,3.111270291234,1.174329769977,0.000453934971,0.0,0.0,0.0,9.578935758042,0.032229382941,0.000907869942,0.024058553463,1.345009319073,0.0,0.001815739884,0.003177544797,13.959408228192,2.08356151689,0.017703463869,0.0,0.415804433436,0.021788878608,0.899699112522,0.24058553463,0.718579059093,0.007262959536,0.10440504333,0.10440504333,0.502506012897,0.12120063725699999,0.0077168945069999995,0.003177544797,0.0,0.0,0.0,0.023150683521,0.0,0.0,0.0,0.0,0.0,0.480717134289,0.0,0.008624764449,0.065366635824,0.011802309246,0.366779456568,0.014071984101,0.0,0.274176722484,0.0,0.00453934971,0.020881008666,0.0,0.0,0.0,0.0,0.13164114159,0.0,0.000453934971,0.0,0.773051255613,0.0,0.0,0.0,0.10894439304,0.0,0.0,0.0,0.0,0.0,0.001815739884,0.02269674855,0.081254359809
0.009986569362,0.073083530331,0.034045122824999996,0.000453934971,0.033591187854,0.002269674855,0.023150683521,0.003177544797,0.012256244216999999,0.016341658956,26.211567030453,0.005447219652,4.23521327943,0.011802309246,0.000453934971,0.008170829478,0.279170007165,5.015527494579,2.140757323236,0.005447219652,0.044485627158,0.012710179188,0.123016377141,0.033137252883,0.123016377141,3.959674752033,0.383575050495,0.028597903173,0.049024976867999996,0.057195806346,1.115318223747,0.220158460935,0.001815739884,7.58979271512,0.014979854043,0.814359337974,2.294641278405,4.048192071378,0.720848733948,0.03631479768,0.322747764381,1.834351217811,0.004993284681,0.127555726851,0.02269674855,0.003177544797,0.000907869942,0.001815739884,0.059465481201,0.0,0.038584472535,0.005901154623,0.0,0.000453934971,0.0,0.0,0.0,0.000907869942,0.0,0.345444512931,0.000453934971,0.903784527261,0.000453934971,0.0,0.0,0.004993284681,0.019065268782,0.014525919072,0.0,0.0,0.032229382941,0.0,0.0,0.123016377141,0.279170007165,0.082616164722,0.0,0.00453934971,0.0,0.151160345343,0.000907869942,0.0,0.028597903173,0.006355089594,0.155699695053
0.024966423405,0.001361804913,0.000453934971,3.486674512251,1.7285843695679999,7.301090073564,0.047209236984,1.400843320506,2.057233288572,10.517219343099,0.005447219652,46.801603380041996,0.053564326578,1.204743413034,2.185696885365,0.0,0.0,0.000453934971,0.0,9.381474045656999,0.0,0.000907869942,0.0,0.33137252883,0.0,0.0,0.025874293346999998,0.520663411737,0.873370884204,0.000453934971,0.0,0.377673895872,0.002269674855,0.354523212351,0.452573166087,0.207448281747,0.00453934971,0.019065268782,0.010894439304,0.496150923303,0.029505773114999998,0.025874293346999998,0.015433789013999999,0.003631479768,0.006809024565,0.002269674855,0.147982800546,0.000907869942,0.00907869942,0.0,0.000907869942,0.0,0.37676602592999997,0.004993284681,0.19973138724,0.026782163289,0.076261075128,0.332280398772,0.184751533197,0.0,1.095345085023,0.000907869942,0.010894439304,0.079892554896,0.0,0.0,0.0,0.0,0.21925059099299998,0.0,0.010894439304,0.0,0.21925059099299998,0.0,0.0,0.0,0.087155514432,0.001361804913,0.000453934971,0.0,0.000907869942,0.000453934971,0.010440504333,0.024058553463,0.039038407505999996
0.010440504333,0.37222667622,0.009532634391,0.02723609826,0.107128653156,0.021788878608,0.15297608522699999,0.066274505766,0.107128653156,0.169771679154,4.23521327943,0.053564326578,10.518581148012,0.033137252883,0.026782163289,0.023150683521,0.009986569362,0.042669887274,0.024058553463,0.038130537564,0.108490458069,0.083070099693,0.064912700853,0.41762017332,1.920598862301,0.38130537564,4.041836981784,0.31230726004799997,0.093964538997,0.07262959536,2.535226813035,0.066274505766,0.0077168945069999995,0.9818613422729999,0.137542296213,1.063115702082,1.521136087821,1.13937677721,0.290064446469,0.19609990747199998,0.073991400273,3.947872442787,0.15615363002399998,0.577405283112,0.216980916138,0.035860862709,0.144351320778,0.008624764449,0.227875355442,0.002269674855,0.133910816445,0.005901154623,0.023150683521,0.000907869942,0.012256244216999999,0.035406927738,0.034499057796,0.032683317912,0.008624764449,1.01681433504,0.021334943637,5.085887415084,0.00453934971,0.002269674855,0.001361804913,0.009532634391,0.16387052453099998,0.073537465302,0.006809024565,0.001361804913,0.123016377141,0.007262959536,0.082616164722,0.822076232481,1.847061396999,0.791662589424,0.046301367042,0.034952992767,0.029051838144,1.118495768544,0.009532634391,0.00453934971,0.123016377141,0.103951108359,0.24694062422399998
4.173932058345,0.001815739884,1.2256244217,0.21471124128299998,0.451665296145,0.509315037462,8.685137800143,3.134874909726,0.24694062422399998,3.111270291234,0.011802309246,1.204743413034,0.033137252883,9.961602938595,0.125739986967,0.006355089594,0.193830232617,0.000453934971,0.014979854043,0.459382190652,0.843865111089,0.002269674855,1.251044780076,1.444875012693,0.0,0.259650803412,0.175218898806,2.011839791472,1.242873950598,0.915586836507,0.0,0.193376297646,0.03631479768,0.317300544729,0.001815739884,0.249210299079,0.055380066462,0.218796656022,0.084431904606,0.09986569362,0.019973138724,0.008170829478,0.011348374275,0.000453934971,0.000453934971,0.0,0.006809024565,0.0,0.004085414739,0.000907869942,0.0,0.0,0.044485627158,0.0,0.002723609826,0.029051838144,0.025420358376,0.073991400273,0.005901154623,0.0,0.036768732651,0.000907869942,0.004085414739,0.001815739884,0.0,0.0,0.0,0.0,0.017249528898,0.0,0.000453934971,0.0,0.205178606892,0.000453934971,0.0,0.0,0.056741871374999996,0.001361804913,0.0,0.0,0.0,0.000453934971,0.004993284681,0.0,0.043577757216
0.003177544797,0.001815739884,0.000453934971,0.147528865575,1.788957720711,7.3991400273,0.083070099693,1.4090141499839999,0.798471613989,1.174329769977,0.000453934971,2.185696885365,0.026782163289,0.125739986967,3.981917565612,0.000453934971,0.0,0.0,0.0,0.157515434937,0.0,0.001815739884,0.0,0.17612676874799998,0.0,0.000453934971,0.022242813579,0.20881008666,0.043577757216,0.0,0.0,0.033591187854,0.000907869942,0.024966423405,0.157515434937,0.052656456636,0.001361804913,0.002723609826,0.003631479768,0.653212423269,0.001815739884,0.016341658956,0.005447219652,0.000453934971,0.003177544797,0.0,0.026328228318,0.0,0.005901154623,0.001361804913,0.0,0.0,0.041762017332,0.000453934971,0.046755302013,0.010440504333,0.024966423405,0.051294651723,0.028143968202,0.0,0.087155514432,0.001361804913,0.004993284681,0.012710179188,0.0,0.0,0.0,0.0,0.023604618492,0.0,0.001815739884,0.0,0.083524034664,0.0,0.0,0.0,0.021788878608,0.000907869942,0.0,0.0,0.0,0.0,0.006355089594,0.054018261548999996,0.007262959536
0.002269674855,0.171133484067,0.187475143023,0.000453934971,0.000907869942,0.0,0.064912700853,0.001361804913,0.122108507199,0.000453934971,0.008170829478,0.0,0.023150683521,0.006355089594,0.000453934971,15.789220096293,0.171133484067,0.0,0.028597903173,0.0,6.045052008807,4.444477301061,6.134477198094,2.76446397339,0.003177544797,0.16387052453099998,4.853926644903,1.419908589288,0.017249528898,0.180212183487,0.000453934971,0.003177544797,0.003177544797,0.403094254248,0.020427073695,2.212932983625,0.641410114023,0.552892794678,0.7535320518599999,0.197007777414,0.031321512999,0.001361804913,0.601463836575,0.267367697919,0.179758248516,0.094418473968,0.008624764449,0.000453934971,0.0,0.002723609826,0.012256244216999999,0.08806338437399999,0.000453934971,0.0,0.0,0.016795593927,0.0,0.031321512999,0.0,0.000907869942,0.0,0.0,0.000907869942,0.0,3.797619967386,0.039946277448,0.0,0.002269674855,0.0,0.666376537428,0.503413882839,2.77808202252,0.763064686251,0.000907869942,0.005447219652,0.983223147186,0.247848494166,0.040400212419,0.270999177687,0.0,0.0,0.025420358376,0.073083530331,0.004085414739,0.691342960833
0.245578819311,0.041308082361,3.7299836567069997,0.0,0.001361804913,0.0,0.37222667622,0.014979854043,0.026328228318,0.0,0.279170007165,0.0,0.009986569362,0.193830232617,0.0,0.171133484067,4.51665296145,0.057195806346,3.4594384139909997,0.0,0.512038647288,0.130279336677,7.255696576464,0.14979854043,0.000453934971,2.383612532721,5.336005584105,0.124832117025,0.251933908905,2.332317880998,0.0,0.002723609826,0.028143968202,3.355941240603,0.001815739884,0.865653989697,0.614174015763,0.424883132856,0.26600589300599997,0.038584472535,0.016795593927,0.000453934971,0.07035992050499999,0.076715010099,0.051748586693999996,0.029505773114999998,0.001361804913,0.0,0.0,0.0,0.022242813579,0.616897625589,0.0,0.0,0.0,0.0,0.0,0.003631479768,0.0,0.005447219652,0.0,0.000907869942,0.0,0.0,0.014071984101,0.366779456568,0.0,0.08034648986699999,0.0,0.000453934971,0.025874293346999998,0.05447219652,0.002269674855,0.0,0.225151745616,1.123942988196,0.0,0.0,0.0,0.0,0.0,0.0,0.065366635824,0.002269674855,0.141627710952
0.000907869942,0.001815739884,0.009532634391,0.0,0.003177544797,0.0,0.000453934971,0.000453934971,0.0,0.0,5.015527494579,0.000453934971,0.042669887274,0.000453934971,0.0,0.0,0.057195806346,6.880292355447,1.651869359469,0.0,0.001361804913,0.002723609826,0.012256244216999999,0.0,0.002269674855,4.499403432552,0.255111453702,0.0,0.004085414739,0.004993284681,0.214257306312,0.016795593927,0.0,0.882449583624,0.007262959536,0.7721433856709999,1.278280878336,0.886988933334,0.412626888639,0.004085414739,0.028597903173,0.002269674855,0.003631479768,0.02269674855,0.010894439304,0.001361804913,0.000453934971,0.0,0.0,0.0,0.000907869942,0.002723609826,0.0,0.0,0.0,0.0,0.0,0.0,0.0,0.008170829478,0.0,0.03177544797,0.0,0.0,0.0,0.003177544797,0.012710179188,0.022242813579,0.0,0.0,0.0,0.001815739884,0.0,0.016795593927,0.16387052453099998,0.06355089594,0.0,0.0,0.0,0.025874293346999998,0.0,0.0,0.001815739884,0.002269674855,0.10440504333
0.036768732651,0.059011546229999996,0.335457943569,0.0,0.003631479768,0.0,0.024058553463,0.0,0.017249528898,0.0,2.140757323236,0.0,0.024058553463,0.014979854043,0.0,0.028597903173,3.4594384139909997,1.651869359469,9.126362591954999,0.000907869942,0.106220783214,0.046301367042,0.5202094767659999,0.01361804913,0.00453934971,6.460856442243,2.368178743707,0.012710179188,0.049478911839,0.22242813579,0.011802309246,0.008624764449,0.003631479768,3.003687703107,0.005447219652,1.343193579189,1.031794189083,1.341831774276,0.5755895432279999,0.014071984101,0.030867578027999998,0.000453934971,0.027690033231,0.050840716752,0.032229382941,0.013164114159,0.0,0.000453934971,0.0,0.0,0.014979854043,0.116661287547,0.0,0.0,0.0,0.0,0.0,0.000453934971,0.0,0.006355089594,0.0,0.001815739884,0.0,0.0,0.002269674855,0.118930962402,0.003177544797,0.088517319345,0.0,0.0,0.006355089594,0.008624764449,0.0,0.0077168945069999995,0.445764141522,0.459382190652,0.0,0.0,0.000453934971,0.000453934971,0.0,0.0,0.030867578027999998,0.006809024565,0.16341658956
0.024058553463,0.000453934971,0.000453934971,23.206971457404,0.4085414739,0.42215952303,0.023150683521,0.455296775913,0.248756364108,9.578935758042,0.005447219652,9.381474045656999,0.038130537564,0.459382190652,0.157515434937,0.0,0.0,0.0,0.000907869942,6.191219069469,0.000453934971,0.0,0.000453934971,0.629153869806,0.0,0.0,0.000453934971,1.220177202048,0.373134546162,0.0,0.0,0.107128653156,0.002269674855,0.19927745226899998,0.0,0.154791825111,0.000453934971,0.019973138724,0.014979854043,0.16341658956,0.02269674855,0.005447219652,0.001815739884,0.0,0.000453934971,0.0,0.016795593927,0.0,0.002269674855,0.0,0.0,0.0,0.628699934835,0.0,0.022242813579,0.009986569362,0.014071984101,0.138904101126,0.024512488433999998,0.0,0.347260252815,0.0,0.002723609826,0.018611333811,0.0,0.0,0.0,0.0,0.078530749983,0.0,0.000453934971,0.0,0.187021208052,0.0,0.0,0.0,0.046301367042,0.000453934971,0.000453934971,0.0,0.000453934971,0.0,0.001815739884,0.0,0.007262959536
0.22242813579,0.012256244216999999,0.579674957967,0.000907869942,0.005901154623,0.0,4.1308082361,0.184297598226,0.065820570795,0.032229382941,0.044485627158,0.0,0.108490458069,0.843865111089,0.0,6.045052008807,0.512038647288,0.001361804913,0.106220783214,0.000453934971,27.689125361058,0.45983612562299997,18.355314487356,1.526583307473,0.0,0.175672833777,0.945546544593,3.746779250634,0.42624493776899997,8.510372836308,0.000453934971,0.012710179188,0.088971254316,5.053658032143,0.035406927738,3.006865247904,0.597378421836,1.5928578132389999,1.268294308974,0.556524274446,0.088517319345,0.005447219652,0.316392674787,0.066728440737,0.03177544797,0.01815739884,0.000907869942,0.0,0.000453934971,0.000453934971,0.001361804913,0.003631479768,0.0,0.0,0.0,0.009532634391,0.0,0.053564326578,0.0,0.0,0.0,0.0,0.0,0.0,0.393561619857,0.0,0.0,0.0,0.0,0.311399390106,0.227421420471,0.170225614125,0.654574228182,0.0,0.000907869942,0.044485627158,0.201547127124,0.057195806346,0.268729502832,0.0,0.0,0.033591187854,0.043577757216,0.003631479768,1.160257785876
0.006809024565,1.468933566156,0.083977969635,0.0,0.002723609826,0.0,0.021788878608,0.003631479768,1.786234110885,0.000907869942,0.012710179188,0.000907869942,0.083070099693,0.002269674855,0.001815739884,4.444477301061,0.130279336677,0.002723609826,0.046301367042,0.0,0.45983612562299997,5.129919107271,0.442132661754,5.100413334156,0.22832929041299999,0.260558673354,5.160786685299,0.28597903173,0.042669887274,0.1815739884,0.0,0.000907869942,0.007262959536,0.10894439304,0.009986569362,0.38584472535,0.157969369908,0.0907869942,0.08624764449,0.023150683521,0.008624764449,0.022242813579,0.150706410372,0.058103676288,0.043123822245,0.024512488433999998,0.001815739884,0.0,0.000907869942,0.008624764449,0.084885839577,0.12256244217,0.000453934971,0.0,0.0,0.029505773114999998,0.004993284681,0.280531812078,0.0,0.005447219652,0.0,0.018611333811,0.011802309246,0.0,0.93510604026,0.059919416172,0.0,0.005901154623,0.0,0.213803371341,0.792116524395,0.257381128557,0.5138543871719999,0.004993284681,0.025874293346999998,0.971874772911,0.146167060662,0.047209236984,0.130733271648,0.0,0.0,0.018611333811,0.044031692186999996,0.002723609826,0.125739986967
0.485256483999,0.039038407505999996,8.3070099693,0.000907869942,0.00453934971,0.0,5.47899509997,0.184297598226,0.069452050563,0.024058553463,0.123016377141,0.0,0.064912700853,1.251044780076,0.0,6.134477198094,7.255696576464,0.012256244216999999,0.5202094767659999,0.000453934971,18.355314487356,0.442132661754,43.127907659739,0.98957823678,0.000453934971,1.905619008258,14.859107340713999,3.660077671173,0.310491520164,6.016000170663,0.0,0.008624764449,0.044031692186999996,5.078624455548,0.073083530331,6.631082056368,3.4081437622679998,3.940609483251,3.807606536748,0.682718196384,0.128009661822,0.006355089594,0.660475382805,0.345898447902,0.253295713818,0.12120063725699999,0.006355089594,0.0,0.0,0.000453934971,0.002723609826,0.327287114091,0.0,0.0,0.000453934971,0.0077168945069999995,0.0,0.027690033231,0.0,0.002269674855,0.0,0.0,0.0,0.0,2.943768286935,0.083977969635,0.0,0.005901154623,0.0,0.392653749915,0.310945455135,4.715022543777,0.405363929103,0.0,0.020427073695,2.0808379070639997,0.15615363002399998,0.019065268782,0.121654572228,0.0,0.0,0.008624764449,0.097142083794,0.032229382941,2.4253745500529997
0.584214307677,0.773051255613,0.35225353749599997,4.188911912388,0.7471769622659999,0.187929077994,3.223846164042,1.723137149916,8.319266213517,1.345009319073,0.033137252883,0.33137252883,0.41762017332,1.444875012693,0.17612676874799998,2.76446397339,0.14979854043,0.0,0.01361804913,0.629153869806,1.526583307473,5.100413334156,0.98957823678,56.004680982096,0.081254359809,0.204724671921,3.279680165475,21.37579778439,3.14122999932,2.979175214673,0.0,0.221974200819,0.38312111552399997,2.118968444628,0.057649741317,4.353690306861,0.38902227014699997,0.787123239714,0.779406345207,0.855667420335,0.242855209485,0.059919416172,1.281458423133,0.097596018765,0.207902216718,0.100773563562,0.207902216718,0.00453934971,0.028143968202,0.08034648986699999,0.005901154623,0.014525919072,1.738117003959,0.003177544797,0.290064446469,0.921941926101,1.18930962402,1.7158741903799999,0.795294069192,0.00453934971,0.677724911703,0.004085414739,0.253295713818,0.056741871374999996,0.374042416104,0.000907869942,0.0,0.0,0.377673895872,0.257835063528,0.306860040396,0.150252475401,5.207541987312,0.000453934971,0.0,0.10349717338799999,2.4739455919499997,0.338635488366,0.773505190584,0.0,0.000907869942,0.129825401706,0.174311028864,0.001361804913,1.117587898602
0.0,1.810292664348,0.000907869942,0.0,0.0,0.0,0.000453934971,0.0,0.122108507199,0.0,0.123016377141,0.0,1.920598862301,0.0,0.0,0.003177544797,0.000453934971,0.002269674855,0.00453934971,0.0,0.0,0.22832929041299999,0.000453934971,0.081254359809,1.842522047289,0.060827286114,3.341415321531,0.000907869942,0.000907869942,0.0,0.008170829478,0.000907869942,0.0,0.030867578027999998,0.000907869942,0.018611333811,0.045847432071,0.027690033231,0.007262959536,0.000453934971,0.0,0.21788878608,0.02723609826,0.144805255749,0.059919416172,0.010440504333,0.0,0.000907869942,0.089879124258,0.0,0.026782163289,0.000453934971,0.0,0.0,0.000453934971,0.0,0.0,0.000453934971,0.0,0.142535580894,0.0,0.541090485432,0.000453934971,0.0,0.0,0.002723609826,0.021788878608,0.032229382941,0.0,0.0,0.018611333811,0.001361804913,0.0,0.252841778847,0.275992462368,0.414896563494,0.0,0.003177544797,0.0,0.085339774548,0.000453934971,0.000453934971,0.031321512999,0.000453934971,0.008624764449
0.261012608325,0.348622057728,11.206746564048,0.0,0.008624764449,0.0,0.44485627158,0.040400212419,0.14071984100999999,0.001815739884,3.959674752033,0.0,0.38130537564,0.259650803412,0.000453934971,0.16387052453099998,2.383612532721,4.499403432552,6.460856442243,0.0,0.175672833777,0.260558673354,1.905619008258,0.204724671921,0.060827286114,44.643142592937,13.944428374149,0.071721725418,0.085339774548,0.586030047561,0.537005070693,0.028597903173,0.002723609826,1.79758248516,0.016795593927,4.10357213784,4.484423578509,2.904275944458,1.551095795907,0.044485627158,0.092148799113,0.00907869942,0.378127830843,0.66274505766,0.440770856841,0.129825401706,0.001815739884,0.001361804913,0.002269674855,0.0,0.119838832344,0.638686504197,0.0,0.0,0.0,0.0,0.0,0.003631479768,0.0,0.147528865575,0.0,0.271453112658,0.0,0.0,0.021334943637,0.854759550393,0.152522150256,1.247413300308,0.0,0.000453934971,0.055380066462,0.108490458069,0.003177544797,0.247848494166,5.827163222727,4.054093226001,0.0,0.000907869942,0.001815739884,0.166140199386,0.0,0.0,0.323655634323,0.013164114159,0.49660485827399997
0.120746702286,10.239865075817999,7.16763319209,0.000453934971,0.005447219652,0.001361804913,0.666376537428,0.030413643057,2.615119367931,0.003177544797,0.383575050495,0.025874293346999998,4.041836981784,0.175218898806,0.022242813579,4.853926644903,5.336005584105,0.255111453702,2.368178743707,0.000453934971,0.945546544593,5.160786685299,14.859107340713999,3.279680165475,3.341415321531,13.944428374149,53.922027335148,1.097614759878,0.060373351143,0.709046424702,0.170225614125,0.014525919072,0.012710179188,2.316884091984,0.059919416172,8.050536710685,3.44536642989,4.372301640672,2.755839208941,0.149344605459,0.15433789014,0.036768732651,1.467571761243,2.061318703311,1.3100563263059999,0.412626888639,0.014071984101,0.00453934971,0.024058553463,0.0,0.630061739748,4.23975262914,0.0,0.0,0.0,0.009986569362,0.000453934971,0.020427073695,0.0,0.339543358308,0.0,2.344574125215,0.000453934971,0.0,1.398573645651,2.517523349166,0.42215952303,1.644152464962,0.0,0.119384897373,0.739460067759,3.921090279498,0.233322575094,0.709954294644,9.487694828871,21.392593378317,0.093964538997,0.005901154623,0.017249528898,0.924211600956,0.0,0.000907869942,0.899699112522,0.023604618492,1.402205125419
0.652758488298,0.012710179188,0.493427313477,13.381095075138,0.619167300444,0.598286291778,28.208426967881998,2.376803508156,1.005012025794,13.959408228192,0.028597903173,0.520663411737,0.31230726004799997,2.011839791472,0.20881008666,1.419908589288,0.124832117025,0.0,0.012710179188,1.220177202048,3.746779250634,0.28597903173,3.660077671173,21.37579778439,0.000907869942,0.071721725418,1.097614759878,68.213715962112,3.504831911091,11.864952271998,0.0,0.175672833777,0.360878301945,2.545213382397,0.041762017332,3.442642820064,0.221520265848,0.9564409838969999,0.830247061959,0.5383668756059999,0.244217014398,0.029959708086,0.266913762948,0.026782163289,0.02269674855,0.009986569362,0.04085414739,0.0,0.006809024565,0.012256244216999999,0.000907869942,0.000453934971,0.742637612556,0.0,0.015433789013999999,0.182027923371,0.112121937837,0.619167300444,0.034499057796,0.0,0.150252475401,0.000907869942,0.020881008666,0.01361804913,0.087609449403,0.0,0.0,0.0,0.112121937837,0.055834001433,0.072175660389,0.020881008666,1.6682110184249999,0.0,0.0,0.014071984101,0.442586596725,0.057195806346,0.170679549096,0.0,0.0,0.030867578027999998,0.039492342477,0.000453934971,0.91694864142
1.699532531424,0.000453934971,0.064004830911,0.250572103992,0.174764963835,0.207448281747,2.687748963291,0.5261106313889999,0.602825641488,2.08356151689,0.049024976867999996,0.873370884204,0.093964538997,1.242873950598,0.043577757216,0.017249528898,0.251933908905,0.004085414739,0.049478911839,0.373134546162,0.42624493776899997,0.042669887274,0.310491520164,3.14122999932,0.000907869942,0.085339774548,0.060373351143,3.504831911091,27.384988930488,4.654195257663,0.000907869942,0.150252475401,5.065460341389,1.995952067487,0.008624764449,0.641410114023,0.034499057796,0.31230726004799997,0.154791825111,0.156607564995,0.065366635824,0.012710179188,0.066274505766,0.002723609826,0.00453934971,0.001361804913,0.011802309246,0.0,0.001361804913,0.003631479768,0.0,0.0,0.006355089594,0.0,0.000907869942,0.017703463869,0.010894439304,0.216980916138,0.0,0.0,0.017703463869,0.000453934971,0.000907869942,0.001361804913,0.000453934971,0.0,0.0,0.0,0.001361804913,0.001815739884,0.004993284681,0.0,0.39492342477,0.0,0.0,0.0,0.04993284681,0.012710179188,0.035860862709,0.0,0.0,0.004993284681,0.010440504333,0.001815739884,0.141173775981
1.680921197613,0.007262959536,0.881087778711,0.001815739884,0.00907869942,0.001361804913,5.164872100038,0.064912700853,0.478901394405,0.017703463869,0.057195806346,0.000453934971,0.07262959536,0.915586836507,0.0,0.180212183487,2.332317880998,0.004993284681,0.22242813579,0.0,8.510372836308,0.1815739884,6.016000170663,2.979175214673,0.0,0.586030047561,0.709046424702,11.864952271998,4.654195257663,24.428510464365,0.0,0.012710179188,0.941461129854,4.424958097308,0.024058553463,1.003650220881,0.152068215285,0.811635728148,0.388568335176,0.129825401706,0.073991400273,0.006355089594,0.315938739816,0.023150683521,0.034952992767,0.015433789013999999,0.01815739884,0.0,0.000453934971,0.008170829478,0.0,0.000907869942,0.001815739884,0.0,0.0,0.049024976867999996,0.011348374275,0.174764963835,0.000453934971,0.000907869942,0.001361804913,0.000453934971,0.004993284681,0.0,0.021334943637,0.0,0.0,0.0,0.000453934971,0.066274505766,0.039946277448,0.011802309246,0.750808442034,0.0,0.000453934971,0.004085414739,0.212441566428,0.079438619925,0.202454997066,0.0,0.0,0.030867578027999998,0.030413643057,0.003631479768,0.480717134289
0.0,0.002723609826,0.0,0.0,0.00453934971,0.0,0.0,0.0,0.0,0.0,1.115318223747,0.0,2.535226813035,0.0,0.0,0.000453934971,0.0,0.214257306312,0.011802309246,0.0,0.000453934971,0.0,0.0,0.0,0.008170829478,0.537005070693,0.170225614125,0.0,0.000907869942,0.0,0.1815739884,0.013164114159,0.000453934971,0.221974200819,0.000453934971,0.152068215285,0.779860280178,0.351345667554,0.12256244217,0.002723609826,0.017249528898,0.029959708086,0.002269674855,0.070813855476,0.016341658956,0.002269674855,0.0,0.0,0.005447219652,0.0,0.011802309246,0.000453934971,0.0,0.000453934971,0.0,0.0,0.0,0.0,0.0,0.124378182054,0.0,0.413534758581,0.0,0.0,0.0,0.000907869942,0.036768732651,0.019065268782,0.0,0.0,0.003177544797,0.000453934971,0.0,0.070813855476,0.400370644422,0.132095076561,0.0,0.0,0.0,0.170225614125,0.0,0.0,0.006809024565,0.0,0.032683317912
0.009532634391,0.000453934971,0.00453934971,0.075807140157,0.471184499898,0.113937677721,0.084431904606,0.138450166155,0.054018261548999996,0.415804433436,0.220158460935,0.377673895872,0.066274505766,0.193376297646,0.033591187854,0.003177544797,0.002723609826,0.016795593927,0.008624764449,0.107128653156,0.012710179188,0.000907869942,0.008624764449,0.221974200819,0.000907869942,0.028597903173,0.014525919072,0.175672833777,0.150252475401,0.012710179188,0.013164114159,0.170679549096,0.002723609826,0.78076815012,0.019065268782,0.193376297646,0.016795593927,0.17158741903799998,0.014071984101,0.103951108359,0.028143968202,0.01815739884,0.000453934971,0.0,0.0,0.0,0.003177544797,0.0,0.001815739884,0.0,0.0,0.000453934971,0.001815739884,0.0,0.001361804913,0.0,0.0,0.019519203752999998,0.0,0.000453934971,0.013164114159,0.00453934971,0.0,0.000453934971,0.000453934971,0.0,0.0,0.0,0.001815739884,0.0,0.000453934971,0.0,0.020427073695,0.000453934971,0.000453934971,0.000453934971,0.000453934971,0.000453934971,0.000453934971,0.0,0.0,0.0,0.0,0.002723609826,0.048117106926
0.034952992767,0.0,0.006355089594,0.003177544797,0.003177544797,0.000453934971,0.142989515865,0.010894439304,0.073991400273,0.021788878608,0.001815739884,0.002269674855,0.0077168945069999995,0.03631479768,0.000907869942,0.003177544797,0.028143968202,0.0,0.003631479768,0.002269674855,0.088971254316,0.007262959536,0.044031692186999996,0.38312111552399997,0.0,0.002723609826,0.012710179188,0.360878301945,5.065460341389,0.941461129854,0.000453934971,0.002723609826,1.276465138452,0.757617466599,0.001361804913,0.039038407505999996,0.003177544797,0.035860862709,0.017249528898,0.003177544797,0.005447219652,0.0,0.027690033231,0.000907869942,0.003631479768,0.001361804913,0.002723609826,0.0,0.0,0.002269674855,0.0,0.0,0.0,0.0,0.0,0.006809024565,0.001361804913,0.025874293346999998,0.0,0.0,0.0,0.0,0.000453934971,0.0,0.000453934971,0.0,0.0,0.0,0.0,0.003631479768,0.003177544797,0.0,0.075353205186,0.0,0.0,0.0,0.017703463869,0.006355089594,0.01361804913,0.0,0.0,0.001815739884,0.002723609826,0.0,0.015433789013999999
0.225151745616,0.033137252883,0.596470551894,0.124378182054,0.181120053429,0.075807140157,1.143462191949,0.161146914705,0.320024154555,0.899699112522,7.58979271512,0.354523212351,0.9818613422729999,0.317300544729,0.024966423405,0.403094254248,3.355941240603,0.882449583624,3.003687703107,0.19927745226899998,5.053658032143,0.10894439304,5.078624455548,2.118968444628,0.030867578027999998,1.79758248516,2.316884091984,2.545213382397,1.995952067487,4.424958097308,0.221974200819,0.78076815012,0.757617466599,8.58844965132,0.048571041897,1.341831774276,0.653212423269,2.688202898262,0.527018501331,0.277808202252,0.164778394473,0.292788056295,0.100773563562,0.039038407505999996,0.029505773114999998,0.006809024565,0.00907869942,0.000453934971,0.01361804913,0.004993284681,0.006355089594,0.091240929171,0.003177544797,0.0,0.000453934971,0.019065268782,0.009986569362,0.12347031211199999,0.0,0.035406927738,0.007262959536,0.079892554896,0.002723609826,0.000907869942,0.066274505766,0.052656456636,0.000453934971,0.013164114159,0.004085414739,0.02723609826,0.033137252883,0.054926131491,0.338635488366,0.015433789013999999,0.078984684954,0.227421420471,0.075807140157,0.024058553463,0.055834001433,0.001815739884,0.0,0.011348374275,0.03177544797,0.033591187854,0.335004008598
0.003631479768,0.000907869942,0.017249528898,0.001361804913,0.068544180621,1.498439339271,0.016795593927,0.001815739884,0.014525919072,0.24058553463,0.014979854043,0.452573166087,0.137542296213,0.001815739884,0.157515434937,0.020427073695,0.001815739884,0.007262959536,0.005447219652,0.0,0.035406927738,0.009986569362,0.073083530331,0.057649741317,0.000907869942,0.016795593927,0.059919416172,0.041762017332,0.008624764449,0.024058553463,0.000453934971,0.019065268782,0.001361804913,0.048571041897,344.081346213087,2.716346866464,0.391291945002,0.21153369648599998,0.8579370951899999,0.20881008666,0.12347031211199999,0.009532634391,0.43214609239199997,0.112121937837,0.083524034664,0.162054784647,0.005447219652,0.077622880041,0.004993284681,0.0,0.0,0.005447219652,0.000453934971,0.000453934971,0.974598382737,0.001361804913,0.002269674855,0.005447219652,0.014979854043,0.002269674855,0.15887723985,0.0,0.000907869942,0.055380066462,0.003177544797,0.002723609826,0.001361804913,0.002723609826,0.0,0.011348374275,0.002269674855,0.025420358376,0.002723609826,0.0,0.000907869942,0.022242813579,0.00453934971,0.0077168945069999995,0.005901154623,0.0,0.004085414739,0.000453934971,0.12347031211199999,79.702356143151,25.444870864433998
0.118930962402,0.094872408939,1.624633261209,0.134818686387,0.684533936268,0.063096960969,1.387679206347,0.18066611845799999,0.653212423269,0.718579059093,0.814359337974,0.207448281747,1.063115702082,0.249210299079,0.052656456636,2.212932983625,0.865653989697,0.7721433856709999,1.343193579189,0.154791825111,3.006865247904,0.38584472535,6.631082056368,4.353690306861,0.018611333811,4.10357213784,8.050536710685,3.442642820064,0.641410114023,1.003650220881,0.152068215285,0.193376297646,0.039038407505999996,1.341831774276,2.716346866464,4.073158494783,10.834973822799,2.261050090551,2.51026038963,0.707230684818,0.275084592426,0.47526991463699997,1.394942165883,0.167502004299,0.159785109792,0.075353205186,0.07035992050499999,0.006809024565,0.034952992767,0.029959708086,0.014071984101,0.305498235483,0.017249528898,0.0,0.019973138724,0.126193921938,0.112121937837,0.29369592623699997,0.013164114159,0.00907869942,0.04085414739,0.011802309246,0.019973138724,0.004993284681,0.67636310679,0.120746702286,0.000453934971,0.028597903173,0.011802309246,0.347714187786,0.144805255749,0.814359337974,1.363166717913,0.004993284681,0.188836947936,0.8461347859439999,0.462559735449,0.194284167588,0.536551135722,0.0,0.001815739884,0.087155514432,0.14843673551699998,0.740367937701,4.243384108908
0.027690033231,0.088517319345,0.848404460799,0.000907869942,0.011802309246,0.001361804913,0.106220783214,0.014071984101,0.054926131491,0.007262959536,2.294641278405,0.00453934971,1.521136087821,0.055380066462,0.001361804913,0.641410114023,0.614174015763,1.278280878336,1.031794189083,0.000453934971,0.597378421836,0.157969369908,3.4081437622679998,0.38902227014699997,0.045847432071,4.484423578509,3.44536642989,0.221520265848,0.034499057796,0.152068215285,0.779860280178,0.016795593927,0.003177544797,0.653212423269,0.391291945002,10.834973822799,1.589680268442,7.1594623626119995,6.9383960317349995,0.310037585193,0.431692157421,0.192922362675,0.15615363002399998,0.142989515865,0.073991400273,0.03177544797,0.002723609826,0.005901154623,0.019519203752999998,0.000453934971,0.023150683521,0.068544180621,0.000453934971,0.0,0.002269674855,0.0077168945069999995,0.001815739884,0.01361804913,0.0,0.13618049129999998,0.0,0.356338952235,0.001361804913,0.0,0.266913762948,0.041308082361,0.026782163289,0.060373351143,0.000453934971,0.124832117025,0.076715010099,0.380851440669,0.125739986967,0.092148799113,0.493427313477,0.50840716752,0.066274505766,0.014071984101,0.07716894507,0.071267790447,0.002269674855,0.007262959536,0.056287936404,0.376312090959,3.504831911091
0.10349717338799999,0.059465481201,0.931020625521,0.011802309246,0.057195806346,0.011802309246,0.635055024429,0.062643025998,0.10803652309799999,0.10440504333,4.048192071378,0.019065268782,1.13937677721,0.218796656022,0.002723609826,0.552892794678,0.424883132856,0.886988933334,1.341831774276,0.019973138724,1.5928578132389999,0.0907869942,3.940609483251,0.787123239714,0.027690033231,2.904275944458,4.372301640672,0.9564409838969999,0.31230726004799997,0.811635728148,0.351345667554,0.17158741903799998,0.035860862709,2.688202898262,0.21153369648599998,2.261050090551,7.1594623626119995,4.237029019314,3.9728388661919998,0.125286051996,1.455769451997,1.657770514092,0.093510604026,0.064458765882,0.04993284681,0.019065268782,0.006355089594,0.002723609826,0.010440504333,0.000907869942,0.014071984101,0.147528865575,0.000453934971,0.0,0.001361804913,0.004085414739,0.001361804913,0.038130537564,0.0,0.033591187854,0.000453934971,0.07262959536,0.0,0.0,0.134364751416,0.11575341760499999,0.001361804913,0.035860862709,0.000453934971,0.036768732651,0.034045122824999996,0.248756364108,0.108490458069,0.017249528898,0.175218898806,0.47209236983999997,0.034499057796,0.010894439304,0.036768732651,0.006355089594,0.000453934971,0.005447219652,0.040400212419,0.184751533197,0.93056669055
0.042215952303,0.03631479768,0.527926371273,0.012256244216999999,0.012256244216999999,0.008170829478,0.433961832276,0.039492342477,0.109398328011,0.10440504333,0.720848733948,0.010894439304,0.290064446469,0.084431904606,0.003631479768,0.7535320518599999,0.26600589300599997,0.412626888639,0.5755895432279999,0.014979854043,1.268294308974,0.08624764449,3.807606536748,0.779406345207,0.007262959536,1.551095795907,2.755839208941,0.830247061959,0.154791825111,0.388568335176,0.12256244217,0.014071984101,0.017249528898,0.527018501331,0.8579370951899999,2.51026038963,6.9383960317349995,3.9728388661919998,0.988216431867,0.545175900171,1.102154109588,0.09532634391,0.133910816445,0.073537465302,0.046755302013,0.061735156055999996,0.005901154623,0.006809024565,0.001815739884,0.0,0.008170829478,0.097596018765,0.0,0.0,0.00907869942,0.002269674855,0.001361804913,0.042215952303,0.0,0.005901154623,0.0,0.006355089594,0.0,0.0,0.25420358376,0.069452050563,0.000453934971,0.019973138724,0.0,0.054926131491,0.035406927738,0.351799602525,0.132549011532,0.002723609826,0.082616164722,0.336365813511,0.033137252883,0.005447219652,0.033591187854,0.000907869942,0.001361804913,0.002723609826,0.032229382941,1.417638914433,3.345046801299
0.010440504333,0.005901154623,0.05447219652,0.164778394473,0.963703943433,0.262828348209,0.182027923371,0.205632541863,0.718579059093,0.502506012897,0.03631479768,0.496150923303,0.19609990747199998,0.09986569362,0.653212423269,0.197007777414,0.038584472535,0.004085414739,0.014071984101,0.16341658956,0.556524274446,0.023150683521,0.682718196384,0.855667420335,0.000453934971,0.044485627158,0.149344605459,0.5383668756059999,0.156607564995,0.129825401706,0.002723609826,0.103951108359,0.003177544797,0.277808202252,0.20881008666,0.707230684818,0.310037585193,0.125286051996,0.545175900171,0.421705588059,0.032683317912,0.040400212419,0.073083530331,0.017249528898,0.012710179188,0.00907869942,0.039492342477,0.001815739884,0.009986569362,0.003177544797,0.000907869942,0.001815739884,0.064912700853,0.000907869942,0.047663171955,0.055380066462,0.131187206619,0.097142083794,0.039946277448,0.002269674855,0.09578027888099999,0.003177544797,0.019065268782,0.015887723985,0.05447219652,0.000907869942,0.0,0.0,0.039492342477,0.015887723985,0.012710179188,0.038584472535,0.333188268714,0.000453934971,0.001361804913,0.009532634391,0.100773563562,0.0077168945069999995,0.022242813579,0.0,0.000453934971,0.002723609826,0.029959708086,0.346806317844,0.198369582327
0.005447219652,0.002723609826,0.034045122824999996,0.016795593927,0.029051838144,0.010894439304,0.118930962402,0.015887723985,0.04993284681,0.12120063725699999,0.322747764381,0.029505773114999998,0.073991400273,0.019973138724,0.001815739884,0.031321512999,0.016795593927,0.028597903173,0.030867578027999998,0.02269674855,0.088517319345,0.008624764449,0.128009661822,0.242855209485,0.0,0.092148799113,0.15433789014,0.244217014398,0.065366635824,0.073991400273,0.017249528898,0.028143968202,0.005447219652,0.164778394473,0.12347031211199999,0.275084592426,0.431692157421,1.455769451997,1.102154109588,0.032683317912,0.065366635824,0.032683317912,0.012710179188,0.006809024565,0.004085414739,0.004993284681,0.000907869942,0.0,0.0,0.0,0.000453934971,0.005447219652,0.000453934971,0.0,0.001361804913,0.0,0.000453934971,0.016341658956,0.0,0.002269674855,0.001361804913,0.003177544797,0.0,0.000453934971,0.003177544797,0.003631479768,0.0,0.000907869942,0.0,0.000907869942,0.002723609826,0.008624764449,0.024512488433999998,0.0,0.001815739884,0.012710179188,0.000907869942,0.000907869942,0.002723609826,0.000453934971,0.000907869942,0.0,0.001361804913,0.114845547663,0.207902216718
0.006355089594,0.150252475401,0.000453934971,0.004085414739,0.031321512999,0.006355089594,0.011802309246,0.025420358376,0.016795593927,0.0077168945069999995,1.834351217811,0.025874293346999998,3.947872442787,0.008170829478,0.016341658956,0.001361804913,0.000453934971,0.002269674855,0.000453934971,0.005447219652,0.005447219652,0.022242813579,0.006355089594,0.059919416172,0.21788878608,0.00907869942,0.036768732651,0.029959708086,0.012710179188,0.006355089594,0.029959708086,0.01815739884,0.0,0.292788056295,0.009532634391,0.47526991463699997,0.192922362675,1.657770514092,0.09532634391,0.040400212419,0.032683317912,0.591023332242,0.034952992767,0.03631479768,0.014525919072,0.002269674855,0.053564326578,0.000907869942,0.047663171955,0.000453934971,0.008624764449,0.0,0.007262959536,0.0,0.007262959536,0.009532634391,0.00907869942,0.008624764449,0.002269674855,0.093510604026,0.004993284681,0.131187206619,0.002723609826,0.000907869942,0.0,0.0,0.000453934971,0.0,0.003631479768,0.000453934971,0.009532634391,0.0,0.039492342477,0.023604618492,0.010894439304,0.000907869942,0.016795593927,0.012256244216999999,0.010440504333,0.007262959536,0.001361804913,0.002723609826,0.02269674855,0.003177544797,0.065366635824
0.024966423405,0.189744817878,0.141627710952,0.003631479768,0.013164114159,0.002269674855,0.069905985534,0.019519203752999998,0.375858155988,0.003177544797,0.004993284681,0.015433789013999999,0.15615363002399998,0.011348374275,0.005447219652,0.601463836575,0.07035992050499999,0.003631479768,0.027690033231,0.001815739884,0.316392674787,0.150706410372,0.660475382805,1.281458423133,0.02723609826,0.378127830843,1.467571761243,0.266913762948,0.066274505766,0.315938739816,0.002269674855,0.000453934971,0.027690033231,0.100773563562,0.43214609239199997,1.394942165883,0.15615363002399998,0.093510604026,0.133910816445,0.073083530331,0.012710179188,0.034952992767,5.302414396251,10.629341280936,4.731818137704,1.853416486593,2.467590502356,0.589661527329,1.1879478191069999,0.12710179188,0.073537465302,1.197480453498,0.346352382873,0.070813855476,0.649580943501,2.784891047085,0.7725973206419999,0.955079178984,3.352763695806,0.728111693484,0.675909171819,0.153883955169,1.133021687616,0.043577757216,0.948270154419,1.023623359605,0.734012848107,1.4589469967939999,0.41081114875499997,4.500765237465,0.235592249949,8.178092437536,3.586994140842,0.187929077994,1.862041251042,5.7109558701509995,4.475344879089,1.6673031484829999,2.3518370847509997,0.089425189287,0.576951348141,0.18611333811,3.488036317164,1.357719498261,4.95243053361
0.0,0.16795593927,0.094418473968,0.000907869942,0.000907869942,0.000453934971,0.003177544797,0.0,0.0077168945069999995,0.0,0.127555726851,0.003631479768,0.577405283112,0.000453934971,0.000453934971,0.267367697919,0.076715010099,0.02269674855,0.050840716752,0.0,0.066728440737,0.058103676288,0.345898447902,0.097596018765,0.144805255749,0.66274505766,2.061318703311,0.026782163289,0.002723609826,0.023150683521,0.070813855476,0.0,0.000907869942,0.039038407505999996,0.112121937837,0.167502004299,0.142989515865,0.064458765882,0.073537465302,0.017249528898,0.006809024565,0.03631479768,10.629341280936,2.047700654181,11.606663273499,5.336913454047,0.248756364108,0.070813855476,0.317300544729,0.031321512999,0.13618049129999998,1.211098502628,0.004993284681,0.025420358376,0.02269674855,0.193376297646,0.084431904606,0.077622880041,0.015887723985,4.230219994749,0.009532634391,1.65686264415,0.128009661822,0.002723609826,0.370410936336,1.2859977728429999,2.019556685979,1.632804090687,0.005447219652,1.188855689049,0.361786171887,4.299218110341,0.34907599269899997,0.965065748346,4.164853358925,3.149854763769,0.357246822177,0.378127830843,0.388568335176,0.816175077858,0.105312913272,0.058103676288,1.943295610851,0.268275567861,3.468517113411
0.000453934971,0.124832117025,0.068544180621,0.0,0.002723609826,0.0,0.005447219652,0.001361804913,0.124378182054,0.0,0.02269674855,0.006809024565,0.216980916138,0.000453934971,0.003177544797,0.179758248516,0.051748586693999996,0.010894439304,0.032229382941,0.000453934971,0.03177544797,0.043123822245,0.253295713818,0.207902216718,0.059919416172,0.440770856841,1.3100563263059999,0.02269674855,0.00453934971,0.034952992767,0.016341658956,0.0,0.003631479768,0.029505773114999998,0.083524034664,0.159785109792,0.073991400273,0.04993284681,0.046755302013,0.012710179188,0.004085414739,0.014525919072,4.731818137704,11.606663273499,3.897939595977,5.0236983240569995,0.420797718117,0.47663171955,1.4090141499839999,0.105312913272,0.053110391607,0.674547366906,0.101681433504,0.24694062422399998,0.405363929103,1.744472093553,0.712223969499,0.29959708086,1.9868733680669999,5.892529858551,0.487980093825,0.452119231116,1.509333778575,0.029051838144,0.31230726004799997,1.104877719414,1.739024873901,2.084923321803,0.134364751416,2.7930618765629998,0.10803652309799999,6.497625174894,1.047681913068,0.182935793313,1.995044197545,3.346862541183,2.026365710544,3.819862780965,1.76126768748,0.301866755715,1.063569637053,0.371318806278,11.968903380357,0.231052900239,2.022280295805
0.000453934971,0.044031692186999996,0.031321512999,0.0,0.000453934971,0.000453934971,0.000907869942,0.0,0.052656456636,0.0,0.003177544797,0.002269674855,0.035860862709,0.0,0.0,0.094418473968,0.029505773114999998,0.001361804913,0.013164114159,0.0,0.01815739884,0.024512488433999998,0.12120063725699999,0.100773563562,0.010440504333,0.129825401706,0.412626888639,0.009986569362,0.001361804913,0.015433789013999999,0.002269674855,0.0,0.001361804913,0.006809024565,0.162054784647,0.075353205186,0.03177544797,0.019065268782,0.061735156055999996,0.00907869942,0.004993284681,0.002269674855,1.853416486593,5.336913454047,5.0236983240569995,0.601917771546,0.087155514432,0.19519203753,0.290972316411,0.043123822245,0.020427073695,0.41308082361,0.030413643057,0.030413643057,0.074899270215,0.733558913136,0.177942508632,0.132095076561,0.391745879973,0.334550073627,0.049024976867999996,0.029051838144,0.263736218151,0.003631479768,0.225151745616,0.408995408871,0.226513550529,0.42215952303,0.026328228318,1.775339671581,0.039038407505999996,3.734976941388,0.637778634255,0.029959708086,0.412626888639,1.735393394133,1.226532291642,0.454842840942,0.788485044627,0.02723609826,0.202908932037,0.070813855476,1.268748243945,0.42624493776899997,2.512076129514
0.003177544797,0.002723609826,0.001361804913,0.053110391607,0.033137252883,0.028597903173,0.00907869942,0.01815739884,0.082162229751,0.023150683521,0.000907869942,0.147982800546,0.144351320778,0.006809024565,0.026328228318,0.008624764449,0.001361804913,0.000453934971,0.0,0.016795593927,0.000907869942,0.001815739884,0.006355089594,0.207902216718,0.0,0.001815739884,0.014071984101,0.04085414739,0.011802309246,0.01815739884,0.0,0.003177544797,0.002723609826,0.00907869942,0.005447219652,0.07035992050499999,0.002723609826,0.006355089594,0.005901154623,0.039492342477,0.000907869942,0.053564326578,2.467590502356,0.248756364108,0.420797718117,0.087155514432,4.444931236032,0.592385137155,0.37994357072699997,0.00907869942,0.013164114159,0.029051838144,0.074445335244,3.270147531084,2.427644224908,0.192922362675,0.929658820608,1.3726993523039999,1.018630074924,0.061281221085,0.8397796963499999,0.093964538997,0.507953232549,9.222142870836,0.022242813579,0.01815739884,0.001815739884,0.005901154623,0.087609449403,0.137088361242,0.012710179188,0.301866755715,0.323655634323,0.025874293346999998,0.009986569362,0.153430020198,0.202908932037,0.7476308972369999,0.046755302013,0.000907869942,0.995479391403,0.006355089594,1.233795251178,0.020427073695,0.191106622791
0.0,0.000907869942,0.0,0.0,0.000453934971,0.0,0.0,0.0,0.00907869942,0.0,0.001815739884,0.000907869942,0.008624764449,0.0,0.0,0.000453934971,0.0,0.0,0.000453934971,0.0,0.0,0.0,0.0,0.00453934971,0.000907869942,0.001361804913,0.00453934971,0.0,0.0,0.0,0.0,0.0,0.0,0.000453934971,0.077622880041,0.006809024565,0.005901154623,0.002723609826,0.006809024565,0.001815739884,0.0,0.000907869942,0.589661527329,0.070813855476,0.47663171955,0.19519203753,0.592385137155,0.582398567793,0.068544180621,0.000907869942,0.000907869942,0.006355089594,0.010440504333,1.361804913,0.24830242913699999,0.064004830911,0.162054784647,0.044939562129,0.25874293347,0.046301367042,0.113937677721,0.010894439304,0.189744817878,0.036768732651,0.002723609826,0.002723609826,0.002269674855,0.002269674855,0.024966423405,0.006809024565,0.000453934971,0.022242813579,0.046755302013,0.001815739884,0.005447219652,0.030413643057,0.042215952303,1.01227498533,0.00907869942,0.0,2.97781340976,0.001815739884,3.034555281135,0.162508719618,0.453027101058
0.002723609826,0.024966423405,0.0,0.001815739884,0.010894439304,0.002723609826,0.001361804913,0.0077168945069999995,0.005447219652,0.0,0.059465481201,0.00907869942,0.227875355442,0.004085414739,0.005901154623,0.0,0.0,0.0,0.0,0.002269674855,0.000453934971,0.000907869942,0.0,0.028143968202,0.089879124258,0.002269674855,0.024058553463,0.006809024565,0.001361804913,0.000453934971,0.005447219652,0.001815739884,0.0,0.01361804913,0.004993284681,0.034952992767,0.019519203752999998,0.010440504333,0.001815739884,0.009986569362,0.0,0.047663171955,1.1879478191069999,0.317300544729,1.4090141499839999,0.290972316411,0.37994357072699997,0.068544180621,0.6123582758789999,0.001361804913,0.306860040396,0.001361804913,0.018611333811,0.022242813579,0.027690033231,0.020881008666,0.036768732651,0.083070099693,0.006355089594,1.812108404232,0.019065268782,0.906054202116,0.029505773114999998,0.007262959536,0.000907869942,0.0,0.009532634391,0.002723609826,0.007262959536,0.001815739884,0.442586596725,0.003631479768,0.096234213852,0.394469489799,0.024966423405,0.017703463869,0.033591187854,0.17612676874799998,0.02269674855,0.012256244216999999,0.101227498533,0.003631479768,2.083107581919,0.029505773114999998,0.15433789014
0.002723609826,0.000453934971,0.0,0.0,0.001361804913,0.0,0.005447219652,0.000453934971,0.04085414739,0.0,0.0,0.0,0.002269674855,0.000907869942,0.001361804913,0.002723609826,0.0,0.0,0.0,0.0,0.000453934971,0.008624764449,0.000453934971,0.08034648986699999,0.0,0.0,0.0,0.012256244216999999,0.003631479768,0.008170829478,0.0,0.0,0.002269674855,0.004993284681,0.0,0.029959708086,0.000453934971,0.000907869942,0.0,0.003177544797,0.0,0.000453934971,0.12710179188,0.031321512999,0.105312913272,0.043123822245,0.00907869942,0.000907869942,0.001361804913,5.060467056708,0.000907869942,0.244217014398,0.008624764449,0.000453934971,0.010894439304,3.37727618424,0.187021208052,0.162508719618,0.057649741317,0.002269674855,0.002269674855,0.000453934971,5.064552471447,0.000453934971,0.001815739884,0.270091307745,0.0,0.022242813579,0.001361804913,0.150252475401,0.0077168945069999995,0.592385137155,0.341813033163,0.0,0.018611333811,0.041762017332,0.463921540362,4.052731421088,5.005994860188,0.0,0.008170829478,0.15887723985,0.123016377141,0.000453934971,0.021788878608
0.0,0.551984924736,0.012256244216999999,0.0,0.0,0.0,0.000453934971,0.0,0.002723609826,0.0,0.038584472535,0.000907869942,0.133910816445,0.0,0.0,0.012256244216999999,0.022242813579,0.000907869942,0.014979854043,0.0,0.001361804913,0.084885839577,0.002723609826,0.005901154623,0.026782163289,0.119838832344,0.630061739748,0.000907869942,0.0,0.0,0.011802309246,0.0,0.0,0.006355089594,0.0,0.014071984101,0.023150683521,0.014071984101,0.008170829478,0.000907869942,0.000453934971,0.008624764449,0.073537465302,0.13618049129999998,0.053110391607,0.020427073695,0.013164114159,0.000907869942,0.306860040396,0.000907869942,1.0272548393729999,0.02723609826,0.000453934971,0.0,0.000453934971,0.002723609826,0.0,0.465283345275,0.0,0.04085414739,0.001815739884,0.627792064893,0.002269674855,0.0,0.060827286114,0.053110391607,0.003177544797,0.07716894507,0.0,0.0077168945069999995,1.830265803072,0.019065268782,0.961888203549,1.917421317504,0.350891732583,6.291992633031,0.02269674855,0.005447219652,0.007262959536,0.021788878608,0.0,0.000453934971,0.168863809212,0.0,0.011348374275
0.0,0.124378182054,0.625976325009,0.0,0.0,0.0,0.0,0.0,0.010440504333,0.0,0.005901154623,0.0,0.005901154623,0.0,0.0,0.08806338437399999,0.616897625589,0.002723609826,0.116661287547,0.0,0.003631479768,0.12256244217,0.327287114091,0.014525919072,0.000453934971,0.638686504197,4.23975262914,0.000453934971,0.0,0.000907869942,0.000453934971,0.000453934971,0.0,0.091240929171,0.005447219652,0.305498235483,0.068544180621,0.147528865575,0.097596018765,0.001815739884,0.005447219652,0.0,1.197480453498,1.211098502628,0.674547366906,0.41308082361,0.029051838144,0.006355089594,0.001361804913,0.244217014398,0.02723609826,10.525390172577,0.000907869942,0.000453934971,0.009986569362,2.357738239374,0.601463836575,0.006355089594,0.061735156055999996,0.071267790447,0.000453934971,0.001815739884,1.128028402935,0.0,0.049024976867999996,8.442282590658,0.028143968202,0.983677082157,0.001815739884,1.75672833777,0.021334943637,9.229859765342999,0.141173775981,0.005447219652,9.676077841836,9.753246786906,0.7971098090759999,0.08579370951899999,1.1625274607309999,0.000907869942,0.0,0.00453934971,0.670008017196,0.014071984101,0.39855490453799997
0.006809024565,0.0,0.000453934971,1.540201356603,0.037222667622,0.103043238417,0.039492342477,0.31230726004799997,0.669100147254,0.480717134289,0.0,0.37676602592999997,0.023150683521,0.044485627158,0.041762017332,0.000453934971,0.0,0.0,0.0,0.628699934835,0.0,0.000453934971,0.0,1.738117003959,0.0,0.0,0.0,0.742637612556,0.006355089594,0.001815739884,0.0,0.001815739884,0.0,0.003177544797,0.000453934971,0.017249528898,0.000453934971,0.000453934971,0.0,0.064912700853,0.000453934971,0.007262959536,0.346352382873,0.004993284681,0.101681433504,0.030413643057,0.074445335244,0.010440504333,0.018611333811,0.008624764449,0.000453934971,0.000907869942,20.101148385822,0.000907869942,0.225151745616,0.730381368339,0.270999177687,1.689092027091,10.348355533887,0.000907869942,3.74042416104,0.003631479768,0.11575341760499999,0.037222667622,0.0,0.0,0.0,0.0,12.606228079641,0.000453934971,0.002723609826,0.000907869942,3.147131153943,0.000453934971,0.0,0.000907869942,11.028804055416,0.084431904606,0.011348374275,0.0,0.002269674855,0.010440504333,0.084431904606,0.001815739884,0.038584472535
0.0,0.0,0.0,0.001815739884,0.000453934971,0.001361804913,0.0,0.0,0.001361804913,0.0,0.000453934971,0.004993284681,0.000907869942,0.0,0.000453934971,0.0,0.0,0.0,0.0,0.0,0.0,0.0,0.0,0.003177544797,0.0,0.0,0.0,0.0,0.0,0.0,0.000453934971,0.0,0.0,0.0,0.000453934971,0.0,0.0,0.0,0.0,0.000907869942,0.0,0.0,0.070813855476,0.025420358376,0.24694062422399998,0.030413643057,3.270147531084,1.361804913,0.022242813579,0.000453934971,0.0,0.000453934971,0.000907869942,2.880217390995,0.970966902969,0.008624764449,0.080800424838,0.242855209485,0.015887723985,0.02723609826,0.058103676288,0.004993284681,0.023604618492,2.774450542752,0.000453934971,0.000453934971,0.001361804913,0.000907869942,0.002269674855,0.001361804913,0.000907869942,0.002269674855,0.005447219652,0.0,0.001361804913,0.000907869942,0.003631479768,0.26328228318,0.002269674855,0.000907869942,0.8216222975099999,0.000453934971,0.311853325077,0.004085414739,0.048117106926
0.001361804913,0.0,0.0,0.062189091027,0.025420358376,0.02723609826,0.003177544797,0.016795593927,0.068544180621,0.008624764449,0.0,0.19973138724,0.012256244216999999,0.002723609826,0.046755302013,0.0,0.0,0.0,0.0,0.022242813579,0.0,0.0,0.000453934971,0.290064446469,0.000453934971,0.0,0.0,0.015433789013999999,0.000907869942,0.0,0.0,0.001361804913,0.0,0.000453934971,0.974598382737,0.019973138724,0.002269674855,0.001361804913,0.00907869942,0.047663171955,0.001361804913,0.007262959536,0.649580943501,0.02269674855,0.405363929103,0.074899270215,2.427644224908,0.24830242913699999,0.027690033231,0.010894439304,0.000453934971,0.009986569362,0.225151745616,0.970966902969,45.300894365916,1.216999657251,11.810934010449,0.615081885705,11.529494328429,0.020881008666,5.454482611536,0.007262959536,0.898337307609,3.77219960901,0.0,0.001815739884,0.000453934971,0.000907869942,0.246032754282,0.004085414739,0.001361804913,0.004085414739,0.169317744183,0.000907869942,0.000907869942,0.000453934971,0.513400452201,0.735828587991,0.016341658956,0.000453934971,2.461689347733,0.016341658956,0.331826463801,4.623327679635,0.29051838144
0.010440504333,0.000907869942,0.002269674855,0.039038407505999996,0.016795593927,0.014071984101,0.044031692186999996,0.132549011532,0.288248706585,0.065366635824,0.0,0.026782163289,0.035406927738,0.029051838144,0.010440504333,0.016795593927,0.0,0.0,0.0,0.009986569362,0.009532634391,0.029505773114999998,0.0077168945069999995,0.921941926101,0.0,0.0,0.009986569362,0.182027923371,0.017703463869,0.049024976867999996,0.0,0.0,0.006809024565,0.019065268782,0.001361804913,0.126193921938,0.0077168945069999995,0.004085414739,0.002269674855,0.055380066462,0.0,0.009532634391,2.784891047085,0.193376297646,1.744472093553,0.733558913136,0.192922362675,0.064004830911,0.020881008666,3.37727618424,0.002723609826,2.357738239374,0.730381368339,0.008624764449,1.216999657251,44.354893886352,3.907926165339,0.8030109636989999,11.345650665174,0.026782163289,0.181120053429,0.007262959536,8.573923732248,0.037222667622,0.030867578027999998,0.236954054862,0.0,0.017703463869,0.16387052453099998,2.157552917163,0.038130537564,1.734939459162,2.266043375232,0.000453934971,0.264644088093,0.27236098259999997,29.759522763789,4.024587452886,8.488130022728999,0.0,0.053110391607,0.660021447834,1.672296433164,0.033137252883,0.620983040328
0.024512488433999998,0.000453934971,0.0,0.011802309246,0.016341658956,0.009986569362,0.058557611259,0.075353205186,0.44031692187,0.011802309246,0.0,0.076261075128,0.034499057796,0.025420358376,0.024966423405,0.0,0.0,0.0,0.0,0.014071984101,0.0,0.004993284681,0.0,1.18930962402,0.0,0.0,0.000453934971,0.112121937837,0.010894439304,0.011348374275,0.0,0.0,0.001361804913,0.009986569362,0.002269674855,0.112121937837,0.001815739884,0.001361804913,0.001361804913,0.131187206619,0.000453934971,0.00907869942,0.7725973206419999,0.084431904606,0.712223969499,0.177942508632,0.929658820608,0.162054784647,0.036768732651,0.187021208052,0.0,0.601463836575,0.270999177687,0.080800424838,11.810934010449,3.907926165339,29.563422856317,0.7907547194819999,4.962417102972,0.067182375708,2.408125021155,0.006809024565,7.501275395775,0.437593312044,0.000907869942,0.306406105425,0.003631479768,0.016341658956,0.344082708018,0.218342721051,0.005901154623,0.560155754214,1.128936272877,0.001361804913,0.044031692186999996,0.0453934971,1.608291602253,1.798490355102,0.812089663119,0.001361804913,2.369086613649,0.043577757216,0.62189091027,0.03631479768,0.152068215285
0.03631479768,0.01815739884,0.011802309246,0.6858957411809999,0.10440504333,0.084885839577,0.151614280314,0.142081645923,1.788049850769,0.366779456568,0.000907869942,0.332280398772,0.032683317912,0.073991400273,0.051294651723,0.031321512999,0.003631479768,0.0,0.000453934971,0.138904101126,0.053564326578,0.280531812078,0.027690033231,1.7158741903799999,0.000453934971,0.003631479768,0.020427073695,0.619167300444,0.216980916138,0.174764963835,0.0,0.019519203752999998,0.025874293346999998,0.12347031211199999,0.005447219652,0.29369592623699997,0.01361804913,0.038130537564,0.042215952303,0.097142083794,0.016341658956,0.008624764449,0.955079178984,0.077622880041,0.29959708086,0.132095076561,1.3726993523039999,0.044939562129,0.083070099693,0.162508719618,0.465283345275,0.006355089594,1.689092027091,0.242855209485,0.615081885705,0.8030109636989999,0.7907547194819999,5.819900263191,0.601463836575,0.027690033231,1.525675437531,0.574681673286,0.507953232549,1.441243532925,0.010894439304,0.019973138724,0.0,0.00907869942,0.207448281747,0.025874293346999998,2.094455956194,0.051748586693999996,9.888065473293,0.653212423269,0.048117106926,1.550187925965,1.208374892802,0.657751772979,0.894705827841,0.019065268782,0.047663171955,0.116207352576,0.28461722681699997,0.006809024565,0.25420358376
0.004085414739,0.0,0.0,0.059919416172,0.005901154623,0.007262959536,0.005901154623,0.046301367042,0.26328228318,0.014071984101,0.0,0.184751533197,0.008624764449,0.005901154623,0.028143968202,0.0,0.0,0.0,0.0,0.024512488433999998,0.0,0.0,0.0,0.795294069192,0.0,0.0,0.0,0.034499057796,0.0,0.000453934971,0.0,0.0,0.0,0.0,0.014979854043,0.013164114159,0.0,0.0,0.0,0.039946277448,0.0,0.002269674855,3.352763695806,0.015887723985,1.9868733680669999,0.391745879973,1.018630074924,0.25874293347,0.006355089594,0.057649741317,0.0,0.061735156055999996,10.348355533887,0.015887723985,11.529494328429,11.345650665174,4.962417102972,0.601463836575,101.212972613928,0.011802309246,7.898014560429,0.001815739884,3.068146468989,0.271453112658,0.000453934971,0.002269674855,0.0,0.000907869942,6.443606913345,0.018611333811,0.000453934971,0.023604618492,0.714039709383,0.0,0.002269674855,0.001815739884,12.527697329658,2.17434851109,0.041762017332,0.0,0.104858978301,0.08624764449,1.019537944866,0.960980333607,0.352707472467
0.0,0.091694864142,0.005447219652,0.0,0.000453934971,0.0,0.0,0.0,0.000453934971,0.0,0.345444512931,0.0,1.01681433504,0.0,0.0,0.000907869942,0.005447219652,0.008170829478,0.006355089594,0.0,0.0,0.005447219652,0.002269674855,0.00453934971,0.142535580894,0.147528865575,0.339543358308,0.0,0.0,0.000907869942,0.124378182054,0.000453934971,0.0,0.035406927738,0.002269674855,0.00907869942,0.13618049129999998,0.033591187854,0.005901154623,0.002269674855,0.002269674855,0.093510604026,0.728111693484,4.230219994749,5.892529858551,0.334550073627,0.061281221085,0.046301367042,1.812108404232,0.002269674855,0.04085414739,0.071267790447,0.000907869942,0.02723609826,0.020881008666,0.026782163289,0.067182375708,0.027690033231,0.011802309246,33.92709973254,0.007262959536,2.774450542752,0.100773563562,0.001361804913,0.00453934971,0.6427719189359999,5.122656147735,2.749030184376,0.001361804913,0.048117106926,0.106220783214,0.198823517298,0.023604618492,0.273268852542,6.119497344051,0.610542535995,0.014525919072,0.594200877039,0.039492342477,1.226986226613,0.135726556329,0.0077168945069999995,6.915699283185,0.010440504333,0.134364751416
0.002269674855,0.000453934971,0.0,0.477993524463,0.074445335244,0.11348374274999999,0.008170829478,0.105312913272,0.198369582327,0.274176722484,0.000453934971,1.095345085023,0.021334943637,0.036768732651,0.087155514432,0.0,0.0,0.0,0.0,0.347260252815,0.0,0.0,0.0,0.677724911703,0.0,0.0,0.0,0.150252475401,0.017703463869,0.001361804913,0.0,0.013164114159,0.0,0.007262959536,0.15887723985,0.04085414739,0.0,0.000453934971,0.0,0.09578027888099999,0.001361804913,0.004993284681,0.675909171819,0.009532634391,0.487980093825,0.049024976867999996,0.8397796963499999,0.113937677721,0.019065268782,0.002269674855,0.001815739884,0.000453934971,3.74042416104,0.058103676288,5.454482611536,0.181120053429,2.408125021155,1.525675437531,7.898014560429,0.007262959536,51.734514709898995,0.003177544797,0.637324699284,2.135764038555,0.0,0.0,0.0,0.0,5.677818617268,0.000453934971,0.002269674855,0.0,0.473454174753,0.000453934971,0.0,0.005447219652,0.620075170386,0.504775687752,0.00453934971,0.0,0.089425189287,0.003631479768,0.28461722681699997,0.235138314978,0.07035992050499999
0.000453934971,0.275538527397,0.0,0.000453934971,0.002269674855,0.000453934971,0.0,0.000907869942,0.002723609826,0.0,0.903784527261,0.000907869942,5.085887415084,0.000907869942,0.001361804913,0.0,0.000907869942,0.03177544797,0.001815739884,0.0,0.0,0.018611333811,0.0,0.004085414739,0.541090485432,0.271453112658,2.344574125215,0.000907869942,0.000453934971,0.000453934971,0.413534758581,0.00453934971,0.0,0.079892554896,0.0,0.011802309246,0.356338952235,0.07262959536,0.006355089594,0.003177544797,0.003177544797,0.131187206619,0.153883955169,1.65686264415,0.452119231116,0.029051838144,0.093964538997,0.010894439304,0.906054202116,0.000453934971,0.627792064893,0.001815739884,0.003631479768,0.004993284681,0.007262959536,0.007262959536,0.006809024565,0.574681673286,0.001815739884,2.774450542752,0.003177544797,7.853074998299999,0.012710179188,0.001361804913,0.002269674855,0.004085414739,0.138904101126,0.048117106926,0.001361804913,0.000907869942,1.001380546026,0.0,0.345444512931,4.7740340900069995,1.213822112454,1.487544899967,0.012710179188,0.07262959536,0.003631479768,1.9065268782,0.029505773114999998,0.001361804913,1.327305855204,0.000907869942,0.014071984101
0.004085414739,0.000453934971,0.0,0.002269674855,0.001361804913,0.000453934971,0.00907869942,0.014071984101,0.17158741903799998,0.00453934971,0.000453934971,0.010894439304,0.00453934971,0.004085414739,0.004993284681,0.000907869942,0.0,0.0,0.0,0.002723609826,0.0,0.011802309246,0.0,0.253295713818,0.000453934971,0.0,0.000453934971,0.020881008666,0.000907869942,0.004993284681,0.0,0.0,0.000453934971,0.002723609826,0.000907869942,0.019973138724,0.001361804913,0.0,0.0,0.019065268782,0.0,0.002723609826,1.133021687616,0.128009661822,1.509333778575,0.263736218151,0.507953232549,0.189744817878,0.029505773114999998,5.064552471447,0.002269674855,1.128028402935,0.11575341760499999,0.023604618492,0.898337307609,8.573923732248,7.501275395775,0.507953232549,3.068146468989,0.100773563562,0.637324699284,0.012710179188,25.750823034888,0.086701579461,0.002269674855,0.728565628455,0.00907869942,0.04993284681,0.175672833777,0.553346729649,0.016795593927,1.61600849676,0.941915064825,0.002269674855,0.068544180621,0.084885839577,1.59785109792,12.726520846956,4.972403672334,0.002269674855,3.0885735426839998,0.135726556329,1.140284647152,0.014525919072,0.244670949369
0.000453934971,0.0,0.0,0.049478911839,0.01361804913,0.016795593927,0.000453934971,0.008624764449,0.020427073695,0.020881008666,0.0,0.079892554896,0.002269674855,0.001815739884,0.012710179188,0.0,0.0,0.0,0.0,0.018611333811,0.0,0.0,0.0,0.056741871374999996,0.0,0.0,0.0,0.01361804913,0.001361804913,0.0,0.0,0.000453934971,0.0,0.000907869942,0.055380066462,0.004993284681,0.0,0.0,0.0,0.015887723985,0.000453934971,0.000907869942,0.043577757216,0.002723609826,0.029051838144,0.003631479768,9.222142870836,0.036768732651,0.007262959536,0.000453934971,0.0,0.0,0.037222667622,2.774450542752,3.77219960901,0.037222667622,0.437593312044,1.441243532925,0.271453112658,0.001361804913,2.135764038555,0.001361804913,0.086701579461,4.494410147871,0.0,0.0,0.0,0.0,0.053110391607,0.0,0.003177544797,0.000453934971,0.03631479768,0.000907869942,0.0,0.006809024565,0.023150683521,0.074899270215,0.0,0.0,0.26010473838299997,0.000453934971,0.023150683521,0.14843673551699998,0.007262959536
0.0,0.065820570795,0.166594134357,0.0,0.0,0.0,0.002269674855,0.0,0.006355089594,0.0,0.0,0.0,0.001361804913,0.0,0.0,3.797619967386,0.014071984101,0.0,0.002269674855,0.0,0.393561619857,0.93510604026,2.943768286935,0.374042416104,0.0,0.021334943637,1.398573645651,0.087609449403,0.000453934971,0.021334943637,0.0,0.000453934971,0.000453934971,0.066274505766,0.003177544797,0.67636310679,0.266913762948,0.134364751416,0.25420358376,0.05447219652,0.003177544797,0.0,0.948270154419,0.370410936336,0.31230726004799997,0.225151745616,0.022242813579,0.002723609826,0.000907869942,0.001815739884,0.060827286114,0.049024976867999996,0.0,0.000453934971,0.0,0.030867578027999998,0.000907869942,0.010894439304,0.000453934971,0.00453934971,0.0,0.002269674855,0.002269674855,0.0,12.28801966497,0.281893616991,0.001361804913,0.046301367042,0.0,3.83575050495,3.448090039716,5.782677595569,1.348640798841,0.008170829478,0.06355089594,3.795804227502,0.6613832527469999,0.009532634391,0.074899270215,0.0,0.0,0.002269674855,0.14979854043,0.0077168945069999995,0.288702641556
0.0,0.167048069328,0.21334943637,0.0,0.0,0.0,0.0,0.0,0.002269674855,0.0,0.004993284681,0.0,0.009532634391,0.0,0.0,0.039946277448,0.366779456568,0.003177544797,0.118930962402,0.0,0.0,0.059919416172,0.083977969635,0.000907869942,0.002723609826,0.854759550393,2.517523349166,0.0,0.0,0.0,0.000907869942,0.0,0.0,0.052656456636,0.002723609826,0.120746702286,0.041308082361,0.11575341760499999,0.069452050563,0.000907869942,0.003631479768,0.0,1.023623359605,1.2859977728429999,1.104877719414,0.408995408871,0.01815739884,0.002723609826,0.0,0.270091307745,0.053110391607,8.442282590658,0.0,0.000453934971,0.001815739884,0.236954054862,0.306406105425,0.019973138724,0.002269674855,0.6427719189359999,0.0,0.004085414739,0.728565628455,0.0,0.281893616991,12.114162571077,0.126647856909,3.668702435622,0.0,1.4707493060399999,0.117115222518,9.829053927063,0.30867578028,0.023150683521,3.020483297034,9.676531776807,0.31230726004799997,0.918764381304,2.3000884980569998,0.0077168945069999995,0.001361804913,0.087155514432,4.181648952852,0.008624764449,0.249210299079
0.0,0.015433789013999999,0.0,0.0,0.0,0.0,0.0,0.0,0.0,0.0,0.019065268782,0.0,0.16387052453099998,0.0,0.0,0.0,0.0,0.012710179188,0.003177544797,0.0,0.0,0.0,0.0,0.0,0.021788878608,0.152522150256,0.42215952303,0.0,0.0,0.0,0.036768732651,0.0,0.0,0.000453934971,0.001361804913,0.000453934971,0.026782163289,0.001361804913,0.000453934971,0.0,0.0,0.000453934971,0.734012848107,2.019556685979,1.739024873901,0.226513550529,0.001815739884,0.002269674855,0.009532634391,0.0,0.003177544797,0.028143968202,0.0,0.001361804913,0.000453934971,0.0,0.003631479768,0.0,0.0,5.122656147735,0.0,0.138904101126,0.00907869942,0.0,0.001361804913,0.126647856909,5.0236983240569995,3.626486483319,0.0,0.003631479768,0.010894439304,0.026782163289,0.0,0.09578027888099999,2.70999177687,0.471184499898,0.0,0.031321512999,0.005901154623,0.517031931969,0.002723609826,0.000453934971,0.413534758581,0.003631479768,0.10576684824299999
0.0,0.173403158922,0.034952992767,0.0,0.0,0.0,0.0,0.0,0.0,0.0,0.014525919072,0.0,0.073537465302,0.0,0.0,0.002269674855,0.08034648986699999,0.022242813579,0.088517319345,0.0,0.0,0.005901154623,0.005901154623,0.0,0.032229382941,1.247413300308,1.644152464962,0.0,0.0,0.0,0.019065268782,0.0,0.0,0.013164114159,0.002723609826,0.028597903173,0.060373351143,0.035860862709,0.019973138724,0.0,0.000907869942,0.0,1.4589469967939999,1.632804090687,2.084923321803,0.42215952303,0.005901154623,0.002269674855,0.002723609826,0.022242813579,0.07716894507,0.983677082157,0.0,0.000907869942,0.000907869942,0.017703463869,0.016341658956,0.00907869942,0.000907869942,2.749030184376,0.0,0.048117106926,0.04993284681,0.0,0.046301367042,3.668702435622,3.626486483319,12.471409393254,0.0,0.10894439304,0.047209236984,0.945092609622,0.041762017332,0.109852262982,5.252481549441,4.125361016448,0.028597903173,0.12846359679299998,0.189290882907,0.103043238417,0.002723609826,0.007262959536,3.279680165475,0.008624764449,0.189290882907
0.004993284681,0.0,0.0,0.197461712385,0.034499057796,0.049024976867999996,0.008624764449,0.130279336677,0.084431904606,0.13164114159,0.0,0.21925059099299998,0.006809024565,0.017249528898,0.023604618492,0.0,0.0,0.0,0.0,0.078530749983,0.0,0.0,0.0,0.377673895872,0.0,0.0,0.0,0.112121937837,0.001361804913,0.000453934971,0.0,0.001815739884,0.0,0.004085414739,0.0,0.011802309246,0.000453934971,0.000453934971,0.0,0.039492342477,0.0,0.003631479768,0.41081114875499997,0.005447219652,0.134364751416,0.026328228318,0.087609449403,0.024966423405,0.007262959536,0.001361804913,0.0,0.001815739884,12.606228079641,0.002269674855,0.246032754282,0.16387052453099998,0.344082708018,0.207448281747,6.443606913345,0.001361804913,5.677818617268,0.001361804913,0.175672833777,0.053110391607,0.0,0.0,0.0,0.0,2.757201013854,0.001361804913,0.0,0.000453934971,0.286432966701,0.0,0.0,0.0,1.188401754078,0.162054784647,0.003177544797,0.0,0.006355089594,0.0077168945069999995,0.086701579461,0.00453934971,0.049024976867999996
0.0,0.014525919072,0.02723609826,0.0,0.0,0.0,0.000453934971,0.0,0.009986569362,0.0,0.0,0.0,0.001361804913,0.0,0.0,0.666376537428,0.000453934971,0.0,0.0,0.0,0.311399390106,0.213803371341,0.392653749915,0.257835063528,0.0,0.000453934971,0.119384897373,0.055834001433,0.001815739884,0.066274505766,0.0,0.0,0.003631479768,0.02723609826,0.011348374275,0.347714187786,0.124832117025,0.036768732651,0.054926131491,0.015887723985,0.000907869942,0.000453934971,4.500765237465,1.188855689049,2.7930618765629998,1.775339671581,0.137088361242,0.006809024565,0.001815739884,0.150252475401,0.0077168945069999995,1.75672833777,0.000453934971,0.001361804913,0.004085414739,2.157552917163,0.218342721051,0.025874293346999998,0.018611333811,0.048117106926,0.000453934971,0.000907869942,0.553346729649,0.0,3.83575050495,1.4707493060399999,0.003631479768,0.10894439304,0.001361804913,32.03419090347,0.432600027363,19.878266315061,1.517504608053,0.000907869942,0.129371466735,1.612377016992,5.577045053706,0.590569397271,11.500442490285,0.0,0.007262959536,0.096688148823,3.104461266669,0.014979854043,1.931947236576
0.000907869942,0.102589303446,0.054926131491,0.000907869942,0.002269674855,0.000907869942,0.009532634391,0.0,0.014525919072,0.000453934971,0.032229382941,0.010894439304,0.123016377141,0.000453934971,0.001815739884,0.503413882839,0.025874293346999998,0.0,0.006355089594,0.000453934971,0.227421420471,0.792116524395,0.310945455135,0.306860040396,0.018611333811,0.055380066462,0.739460067759,0.072175660389,0.004993284681,0.039946277448,0.003177544797,0.000453934971,0.003177544797,0.033137252883,0.002269674855,0.144805255749,0.076715010099,0.034045122824999996,0.035406927738,0.012710179188,0.002723609826,0.009532634391,0.235592249949,0.361786171887,0.10803652309799999,0.039038407505999996,0.012710179188,0.000453934971,0.442586596725,0.0077168945069999995,1.830265803072,0.021334943637,0.002723609826,0.000907869942,0.001361804913,0.038130537564,0.005901154623,2.094455956194,0.000453934971,0.106220783214,0.002269674855,1.001380546026,0.016795593927,0.003177544797,3.448090039716,0.117115222518,0.010894439304,0.047209236984,0.0,0.432600027363,5.906601842652,0.337273683453,6.930225202257,0.960072463665,0.113937677721,7.956118236717,0.38902227014699997,0.066274505766,0.131187206619,0.06809024564999999,0.0,0.014071984101,0.197007777414,0.0,0.069905985534
0.000453934971,0.065820570795,0.718579059093,0.0,0.0,0.0,0.001815739884,0.0,0.011348374275,0.0,0.0,0.0,0.007262959536,0.0,0.0,2.77808202252,0.05447219652,0.001815739884,0.008624764449,0.0,0.170225614125,0.257381128557,4.715022543777,0.150252475401,0.001361804913,0.108490458069,3.921090279498,0.020881008666,0.0,0.011802309246,0.000453934971,0.0,0.0,0.054926131491,0.025420358376,0.814359337974,0.380851440669,0.248756364108,0.351799602525,0.038584472535,0.008624764449,0.0,8.178092437536,4.299218110341,6.497625174894,3.734976941388,0.301866755715,0.022242813579,0.003631479768,0.592385137155,0.019065268782,9.229859765342999,0.000907869942,0.002269674855,0.004085414739,1.734939459162,0.560155754214,0.051748586693999996,0.023604618492,0.198823517298,0.0,0.0,1.61600849676,0.000453934971,5.782677595569,9.829053927063,0.026782163289,0.945092609622,0.000453934971,19.878266315061,0.337273683453,43.537810938552,0.777590605323,0.006809024565,1.687276287207,12.163641482915999,3.2851273851269998,1.067201116821,6.370069448043,0.000453934971,0.009986569362,0.102135368475,4.8979583370899995,0.068544180621,3.349132216038
0.124378182054,0.081254359809,0.055380066462,0.936921780144,0.312761195019,0.14071984100999999,0.425337067827,0.734466783078,1.361350978029,0.773051255613,0.0,0.21925059099299998,0.082616164722,0.205178606892,0.083524034664,0.763064686251,0.002269674855,0.0,0.0,0.187021208052,0.654574228182,0.5138543871719999,0.405363929103,5.207541987312,0.0,0.003177544797,0.233322575094,1.6682110184249999,0.39492342477,0.750808442034,0.0,0.020427073695,0.075353205186,0.338635488366,0.002723609826,1.363166717913,0.125739986967,0.108490458069,0.132549011532,0.333188268714,0.024512488433999998,0.039492342477,3.586994140842,0.34907599269899997,1.047681913068,0.637778634255,0.323655634323,0.046755302013,0.096234213852,0.341813033163,0.961888203549,0.141173775981,3.147131153943,0.005447219652,0.169317744183,2.266043375232,1.128936272877,9.888065473293,0.714039709383,0.023604618492,0.473454174753,0.345444512931,0.941915064825,0.03631479768,1.348640798841,0.30867578028,0.0,0.041762017332,0.286432966701,1.517504608053,6.930225202257,0.777590605323,39.072906563795996,0.554254599591,0.178850378574,4.54842840942,15.682091443136999,1.757182272741,3.156209853363,0.00453934971,0.016341658956,0.380851440669,1.071740466531,0.022242813579,0.763972556193
0.0,0.08806338437399999,0.000907869942,0.0,0.0,0.0,0.0,0.0,0.001361804913,0.0,0.123016377141,0.0,0.822076232481,0.000453934971,0.0,0.000907869942,0.0,0.016795593927,0.0077168945069999995,0.0,0.0,0.004993284681,0.0,0.000453934971,0.252841778847,0.247848494166,0.709954294644,0.0,0.0,0.0,0.070813855476,0.000453934971,0.0,0.015433789013999999,0.0,0.004993284681,0.092148799113,0.017249528898,0.002723609826,0.000453934971,0.0,0.023604618492,0.187929077994,0.965065748346,0.182935793313,0.029959708086,0.025874293346999998,0.001815739884,0.394469489799,0.0,1.917421317504,0.005447219652,0.000453934971,0.0,0.000907869942,0.000453934971,0.001361804913,0.653212423269,0.0,0.273268852542,0.000453934971,4.7740340900069995,0.002269674855,0.000907869942,0.008170829478,0.023150683521,0.09578027888099999,0.109852262982,0.0,0.000907869942,0.960072463665,0.006809024565,0.554254599591,3.026384451657,0.9936636515189999,3.1149017710019997,0.00453934971,0.012256244216999999,0.001815739884,0.135726556329,0.003177544797,0.0,0.316392674787,0.002269674855,0.02269674855
0.0,0.8279773871039999,0.062189091027,0.0,0.0,0.0,0.0,0.0,0.000453934971,0.0,0.279170007165,0.0,1.847061396999,0.0,0.0,0.005447219652,0.225151745616,0.16387052453099998,0.445764141522,0.0,0.000907869942,0.025874293346999998,0.020427073695,0.0,0.275992462368,5.827163222727,9.487694828871,0.0,0.0,0.000453934971,0.400370644422,0.000453934971,0.0,0.078984684954,0.000907869942,0.188836947936,0.493427313477,0.175218898806,0.082616164722,0.001361804913,0.001815739884,0.010894439304,1.862041251042,4.164853358925,1.995044197545,0.412626888639,0.009986569362,0.005447219652,0.024966423405,0.018611333811,0.350891732583,9.676077841836,0.0,0.001361804913,0.000907869942,0.264644088093,0.044031692186999996,0.048117106926,0.002269674855,6.119497344051,0.0,1.213822112454,0.068544180621,0.0,0.06355089594,3.020483297034,2.70999177687,5.252481549441,0.0,0.129371466735,0.113937677721,1.687276287207,0.178850378574,0.9936636515189999,43.507397295495,22.128421966308,0.146620995633,0.073537465302,0.108490458069,1.627810806006,0.004993284681,0.001815739884,0.9201261862169999,0.008170829478,0.21925059099299998
0.000453934971,2.924249083182,1.297346147118,0.0,0.0,0.0,0.000453934971,0.0,0.032683317912,0.0,0.082616164722,0.0,0.791662589424,0.0,0.0,0.983223147186,1.123942988196,0.06355089594,0.459382190652,0.0,0.044485627158,0.971874772911,2.0808379070639997,0.10349717338799999,0.414896563494,4.054093226001,21.392593378317,0.014071984101,0.0,0.004085414739,0.132095076561,0.000453934971,0.0,0.227421420471,0.022242813579,0.8461347859439999,0.50840716752,0.47209236983999997,0.336365813511,0.009532634391,0.012710179188,0.000907869942,5.7109558701509995,3.149854763769,3.346862541183,1.735393394133,0.153430020198,0.030413643057,0.017703463869,0.041762017332,6.291992633031,9.753246786906,0.000907869942,0.000907869942,0.000453934971,0.27236098259999997,0.0453934971,1.550187925965,0.001815739884,0.610542535995,0.005447219652,1.487544899967,0.084885839577,0.006809024565,3.795804227502,9.676531776807,0.471184499898,4.125361016448,0.0,1.612377016992,7.956118236717,12.163641482915999,4.54842840942,3.1149017710019997,22.128421966308,55.722787365105,1.586048788674,0.12120063725699999,0.368595196452,0.752624181918,0.004085414739,0.015887723985,2.749938054318,0.061281221085,1.615554561789
0.024512488433999998,0.014525919072,0.020427073695,0.12710179188,0.034952992767,0.02269674855,0.112575872808,0.214257306312,0.665468667486,0.10894439304,0.0,0.087155514432,0.046301367042,0.056741871374999996,0.021788878608,0.247848494166,0.0,0.0,0.0,0.046301367042,0.201547127124,0.146167060662,0.15615363002399998,2.4739455919499997,0.0,0.0,0.093964538997,0.442586596725,0.04993284681,0.212441566428,0.0,0.000453934971,0.017703463869,0.075807140157,0.00453934971,0.462559735449,0.066274505766,0.034499057796,0.033137252883,0.100773563562,0.000907869942,0.016795593927,4.475344879089,0.357246822177,2.026365710544,1.226532291642,0.202908932037,0.042215952303,0.033591187854,0.463921540362,0.02269674855,0.7971098090759999,11.028804055416,0.003631479768,0.513400452201,29.759522763789,1.608291602253,1.208374892802,12.527697329658,0.014525919072,0.620075170386,0.012710179188,1.59785109792,0.023150683521,0.6613832527469999,0.31230726004799997,0.0,0.028597903173,1.188401754078,5.577045053706,0.38902227014699997,3.2851273851269998,15.682091443136999,0.00453934971,0.146620995633,1.586048788674,79.268848245846,2.331410011056,17.025738957297,0.0,0.013164114159,0.719940864006,1.885191934563,0.029959708086,1.2496829751629999
0.002723609826,0.002269674855,0.005901154623,0.0,0.000453934971,0.0,0.008170829478,0.001815739884,0.168863809212,0.0,0.00453934971,0.001361804913,0.034952992767,0.001361804913,0.000907869942,0.040400212419,0.0,0.0,0.0,0.000453934971,0.057195806346,0.047209236984,0.019065268782,0.338635488366,0.003177544797,0.000907869942,0.005901154623,0.057195806346,0.012710179188,0.079438619925,0.0,0.000453934971,0.006355089594,0.024058553463,0.0077168945069999995,0.194284167588,0.014071984101,0.010894439304,0.005447219652,0.0077168945069999995,0.000907869942,0.012256244216999999,1.6673031484829999,0.378127830843,3.819862780965,0.454842840942,0.7476308972369999,1.01227498533,0.17612676874799998,4.052731421088,0.005447219652,0.08579370951899999,0.084431904606,0.26328228318,0.735828587991,4.024587452886,1.798490355102,0.657751772979,2.17434851109,0.594200877039,0.504775687752,0.07262959536,12.726520846956,0.074899270215,0.009532634391,0.918764381304,0.031321512999,0.12846359679299998,0.162054784647,0.590569397271,0.066274505766,1.067201116821,1.757182272741,0.012256244216999999,0.073537465302,0.12120063725699999,2.331410011056,50.594230062747,7.197592900176,0.01815739884,2.444439818835,9.045562167117,6.971079349647,0.04085414739,0.609180731082
0.008170829478,0.004085414739,0.016341658956,0.0,0.000907869942,0.000453934971,0.013164114159,0.000907869942,0.218342721051,0.0,0.0,0.000453934971,0.029051838144,0.0,0.0,0.270999177687,0.0,0.0,0.000453934971,0.000453934971,0.268729502832,0.130733271648,0.121654572228,0.773505190584,0.0,0.001815739884,0.017249528898,0.170679549096,0.035860862709,0.202454997066,0.0,0.000453934971,0.01361804913,0.055834001433,0.005901154623,0.536551135722,0.07716894507,0.036768732651,0.033591187854,0.022242813579,0.002723609826,0.010440504333,2.3518370847509997,0.388568335176,1.76126768748,0.788485044627,0.046755302013,0.00907869942,0.02269674855,5.005994860188,0.007262959536,1.1625274607309999,0.011348374275,0.002269674855,0.016341658956,8.488130022728999,0.812089663119,0.894705827841,0.041762017332,0.039492342477,0.00453934971,0.003631479768,4.972403672334,0.0,0.074899270215,2.3000884980569998,0.005901154623,0.189290882907,0.003177544797,11.500442490285,0.131187206619,6.370069448043,3.156209853363,0.001815739884,0.108490458069,0.368595196452,17.025738957297,7.197592900176,33.719197515821996,0.0,0.011802309246,0.693158700717,3.868887757833,0.012256244216999999,0.7903007845109999
0.0,0.03631479768,0.0,0.0,0.0,0.0,0.0,0.0,0.0,0.0,0.151160345343,0.0,1.118495768544,0.0,0.0,0.0,0.0,0.025874293346999998,0.000453934971,0.0,0.0,0.0,0.0,0.0,0.085339774548,0.166140199386,0.924211600956,0.0,0.0,0.0,0.170225614125,0.0,0.0,0.001815739884,0.0,0.0,0.071267790447,0.006355089594,0.000907869942,0.0,0.000453934971,0.007262959536,0.089425189287,0.816175077858,0.301866755715,0.02723609826,0.000907869942,0.0,0.012256244216999999,0.0,0.021788878608,0.000907869942,0.0,0.000907869942,0.000453934971,0.0,0.001361804913,0.019065268782,0.0,1.226986226613,0.0,1.9065268782,0.002269674855,0.0,0.0,0.0077168945069999995,0.517031931969,0.103043238417,0.0,0.0,0.06809024564999999,0.000453934971,0.00453934971,0.135726556329,1.627810806006,0.752624181918,0.0,0.01815739884,0.0,0.512038647288,0.003177544797,0.0,0.073083530331,0.000453934971,0.008624764449
0.0,0.000453934971,0.0,0.0,0.0,0.0,0.0,0.0,0.004993284681,0.0,0.000907869942,0.000907869942,0.009532634391,0.0,0.0,0.0,0.0,0.0,0.0,0.000453934971,0.0,0.0,0.0,0.000907869942,0.000453934971,0.0,0.0,0.0,0.0,0.0,0.0,0.0,0.0,0.0,0.004085414739,0.001815739884,0.002269674855,0.000453934971,0.001361804913,0.000453934971,0.000907869942,0.001361804913,0.576951348141,0.105312913272,1.063569637053,0.202908932037,0.995479391403,2.97781340976,0.101227498533,0.008170829478,0.0,0.0,0.002269674855,0.8216222975099999,2.461689347733,0.053110391607,2.369086613649,0.047663171955,0.104858978301,0.135726556329,0.089425189287,0.029505773114999998,3.0885735426839998,0.26010473838299997,0.0,0.001361804913,0.002723609826,0.002723609826,0.006355089594,0.007262959536,0.0,0.009986569362,0.016341658956,0.003177544797,0.004993284681,0.004085414739,0.013164114159,2.444439818835,0.011802309246,0.003177544797,4.839400725831,0.001815739884,1.09398328011,0.030413643057,0.30005101583099997
0.000907869942,0.000453934971,0.002723609826,0.0,0.0,0.0,0.001815739884,0.000907869942,0.030867578027999998,0.0,0.0,0.000453934971,0.00453934971,0.000453934971,0.0,0.025420358376,0.0,0.0,0.0,0.0,0.033591187854,0.018611333811,0.008624764449,0.129825401706,0.000453934971,0.0,0.000907869942,0.030867578027999998,0.004993284681,0.030867578027999998,0.0,0.0,0.001815739884,0.011348374275,0.000453934971,0.087155514432,0.007262959536,0.005447219652,0.002723609826,0.002723609826,0.0,0.002723609826,0.18611333811,0.058103676288,0.371318806278,0.070813855476,0.006355089594,0.001815739884,0.003631479768,0.15887723985,0.000453934971,0.00453934971,0.010440504333,0.000453934971,0.016341658956,0.660021447834,0.043577757216,0.116207352576,0.08624764449,0.0077168945069999995,0.003631479768,0.001361804913,0.135726556329,0.000453934971,0.002269674855,0.087155514432,0.000453934971,0.007262959536,0.0077168945069999995,0.096688148823,0.014071984101,0.102135368475,0.380851440669,0.0,0.001815739884,0.015887723985,0.719940864006,9.045562167117,0.693158700717,0.0,0.001815739884,8.910289545759,1.272833658684,0.001361804913,0.048117106926
0.004993284681,0.119838832344,0.07035992050499999,0.001361804913,0.012256244216999999,0.003177544797,0.010440504333,0.011348374275,0.088517319345,0.001815739884,0.028597903173,0.010440504333,0.123016377141,0.004993284681,0.006355089594,0.073083530331,0.065366635824,0.001815739884,0.030867578027999998,0.001815739884,0.043577757216,0.044031692186999996,0.097142083794,0.174311028864,0.031321512999,0.323655634323,0.899699112522,0.039492342477,0.010440504333,0.030413643057,0.006809024565,0.0,0.002723609826,0.03177544797,0.12347031211199999,0.14843673551699998,0.056287936404,0.040400212419,0.032229382941,0.029959708086,0.001361804913,0.02269674855,3.488036317164,1.943295610851,11.968903380357,1.268748243945,1.233795251178,3.034555281135,2.083107581919,0.123016377141,0.168863809212,0.670008017196,0.084431904606,0.311853325077,0.331826463801,1.672296433164,0.62189091027,0.28461722681699997,1.019537944866,6.915699283185,0.28461722681699997,1.327305855204,1.140284647152,0.023150683521,0.14979854043,4.181648952852,0.413534758581,3.279680165475,0.086701579461,3.104461266669,0.197007777414,4.8979583370899995,1.071740466531,0.316392674787,0.9201261862169999,2.749938054318,1.885191934563,6.971079349647,3.868887757833,0.073083530331,1.09398328011,1.272833658684,15.777871722018,0.381759310611,1.242420015627
0.0,0.000453934971,0.007262959536,0.0,0.012256244216999999,0.152068215285,0.0,0.0,0.00453934971,0.02269674855,0.006355089594,0.024058553463,0.103951108359,0.0,0.054018261548999996,0.004085414739,0.002269674855,0.002269674855,0.006809024565,0.0,0.003631479768,0.002723609826,0.032229382941,0.001361804913,0.000453934971,0.013164114159,0.023604618492,0.000453934971,0.001815739884,0.003631479768,0.0,0.002723609826,0.0,0.033591187854,79.702356143151,0.740367937701,0.376312090959,0.184751533197,1.417638914433,0.346806317844,0.114845547663,0.003177544797,1.357719498261,0.268275567861,0.231052900239,0.42624493776899997,0.020427073695,0.162508719618,0.029505773114999998,0.000453934971,0.0,0.014071984101,0.001815739884,0.004085414739,4.623327679635,0.033137252883,0.03631479768,0.006809024565,0.960980333607,0.010440504333,0.235138314978,0.000907869942,0.014525919072,0.14843673551699998,0.0077168945069999995,0.008624764449,0.003631479768,0.008624764449,0.00453934971,0.014979854043,0.0,0.068544180621,0.022242813579,0.002269674855,0.008170829478,0.061281221085,0.029959708086,0.04085414739,0.012256244216999999,0.000453934971,0.030413643057,0.001361804913,0.381759310611,395.272500762699,24.50794908429
0.040400212419,0.038584472535,0.346352382873,0.014525919072,0.071267790447,0.044939562129,0.280531812078,0.020427073695,0.241947339543,0.081254359809,0.155699695053,0.039038407505999996,0.24694062422399998,0.043577757216,0.007262959536,0.691342960833,0.141627710952,0.10440504333,0.16341658956,0.007262959536,1.160257785876,0.125739986967,2.4253745500529997,1.117587898602,0.008624764449,0.49660485827399997,1.402205125419,0.91694864142,0.141173775981,0.480717134289,0.032683317912,0.048117106926,0.015433789013999999,0.335004008598,25.444870864433998,4.243384108908,3.504831911091,0.93056669055,3.345046801299,0.198369582327,0.207902216718,0.065366635824,4.95243053361,3.468517113411,2.022280295805,2.512076129514,0.191106622791,0.453027101058,0.15433789014,0.021788878608,0.011348374275,0.39855490453799997,0.038584472535,0.048117106926,0.29051838144,0.620983040328,0.152068215285,0.25420358376,0.352707472467,0.134364751416,0.07035992050499999,0.014071984101,0.244670949369,0.007262959536,0.288702641556,0.249210299079,0.10576684824299999,0.189290882907,0.049024976867999996,1.931947236576,0.069905985534,3.349132216038,0.763972556193,0.02269674855,0.21925059099299998,1.615554561789,1.2496829751629999,0.609180731082,0.7903007845109999,0.008624764449,0.30005101583099997,0.048117106926,1.242420015627,24.50794908429,1.420362524259
