112.90565687418,0,2.94692355394363,0,0,0.915255665779114,99.5505121350288,10.5645371079445,0,0.964122712612152,0,0.925781309604645,0,224.191295444965,0,0,0.973565399646759,0,0,0,2.94179433584213,0,24.589635848999,1.00014293193817,0,0,0,3.87011188268661,20.8036982417107,81.6658135652542,0,0,0,0.971641659736633,0,0,0.974109351634979,1.97121286392212,0.952112555503845,0.971742630004883,0,0,0,0,0,0,0,0,0,0,0,0,0,0,0,0,0,0,0,0,0,0,0,0,0,0,0,0,0,0,0,0,0,0,0,0,0,0,0,0,0,0,0,0,0
0,48.9483405351639,0,0,0,0,0,0,38.3350016474724,0,6.89566773176193,0,7.00280857086182,0,0,11.7848355174065,0,0.9423987865448,0,0,0.983166813850403,32.5288399457932,0.981181681156158,22.1024279594421,35.1738893389702,11.767490029335,198.759484946728,0,1.91571474075317,0,2.91402626037598,0,0.94814544916153,6.81434684991837,0,1.017329454422,9.7334104180336,4.89242434501648,2.89327085018158,0.971042990684509,0,0,1.97864156961441,5.76685321331024,2.01217174530029,1.00472462177277,0,0,0,0,31.0328363776207,3.91388088464737,0,0,0,0,0,0.909887671470642,0,0,0,4.9059322476387,0,0,0.985935926437378,1.99263727664948,0,0.982165157794952,0,0,0,1.91483002901077,1.00074636936188,1.97910779714584,16.6280137300491,75.2351680994034,0,0,0,0,0,0,0,0,0
2.94692355394363,0,436.790148496628,0,0,0,39.9322894215584,13.8101872801781,0,0,0,0,0,18.8689604401588,0,0.96069461107254,179.073306441307,1.94320976734161,11.7350934743881,0,15.6398640275002,1.00513780117035,401.603748202324,4.8448668718338,0,140.195090830326,353.579732298851,5.8936128616333,4.96678709983826,2.8871603012085,0,0,0,27.2641558647156,0,50.9925688505173,34.7365756034851,58.3601448535919,46.638959467411,0,0,0,6.70824527740479,4.77247434854507,1.9439834356308,1.947634100914,0,0,0,0,2.94937509298325,14.1638758182526,0,0,0,0,0,0,0,0,0,0,0,0,2.85542768239975,0.959561288356781,0,0,0,0,0,23.1689491868019,0,0,3.89891022443771,86.1732903718948,0,0,0,0,0,0,0,0,4.00520038604736
0,0,0,213.396317958832,7.42173141241074,3.78134894371033,0,2.88734656572342,22.7012331485748,92.0965719223022,0,59.0817425847054,0,0,29.1630660891533,0,0,0,0,82.6336034536362,0,0,0,40.8234208226204,0,0,0,42.6582989692688,1.84368711709976,0,0,0,0,1.04741311073303,0,4.79920721054077,0,1.9760976433754,0,21.1991842985153,0.976762652397156,0,0.993000090122223,0,0,0,4.0580552816391,0,0,0,0,0,0,0,0,0,0,8.00452077388763,0,0,1.01707708835602,0,0,0,0,0,0,0,2.0548290014267,0,0,0,10.0253716111183,0,0,0,0,0,0,0,0,0,0,0,0
0,0,0,7.42173141241074,59.1212028264999,62.062170624733,1.98903036117554,2.98626720905304,0.915809214115143,2.76481521129608,0,18.0485535264015,0,0,30.882162630558,0,0,0,0,5.43247318267822,0,0,0,10.2292370796204,0,0,0,1.90906846523285,0,0,0,6.9883753657341,0,36.039320230484,0,18.9006543755531,1.96111053228378,5.99779373407364,0,100.551333427429,52.0338290929794,0,0,0,0,0,1.01276791095734,0,0,0,0,0,0,0,0,0,0,0,0,0,0.948550999164581,0,0,0,0,0,0,0,0,0,0,0,0.999373555183411,0,0,0,0,0,0,0,0,0,0,0,2.9656445980072
0.915255665779114,0,0,3.78134894371033,62.062170624733,651.013843715191,44.9575052261353,255.003955245018,4.84979313611984,266.608041405678,1.01053237915039,83.0030134320259,0,29.7391002178192,39.6603525876999,0,0,0,0,13.2383850812912,0,0,0,4.83299475908279,0,0,0,23.8017147779465,8.53180438280106,0,0,17.5681072473526,0,24.2796786427498,119.641431987286,53.6293172240257,0.985417485237122,8.68418836593628,2.94123160839081,75.3177388906479,0.946734189987183,1.00198459625244,0,0,1.94500613212585,1.94168305397034,1.9627081155777,0,0.967488765716553,0,0,0,0,0,0,0,0,1.0052924156189,0,0.992190539836884,1.97076284885406,0,0,0.98228520154953,0,0,0,0,0,0,0,0,0,0,0,0,0,0,0,0,0,0,0,11.8013098239899,7.88338398933411
99.5505121350288,0,39.9322894215584,0,1.98903036117554,44.9575052261353,849.703389585018,212.361341178417,9.90446478128433,301.83339625597,0,1.86361598968506,0,370.168548941612,0.889107882976532,0.964025437831879,0,0,0,0,27.0150579214096,0,49.4773569107056,39.076423406601,0,0,13.5158133506775,618.164265215397,75.4850870370865,230.527866780758,0,0,0.968821585178375,34.6463592648506,0.966161489486694,114.416694641113,2.934565782547,38.8736412525177,5.86132961511612,19.4249828457832,1.96836936473846,0,2.12778806686401,0,0,0,0,0,0,0,0,0,0,0,0,0,0,4.01999914646149,0,0,1.03435373306274,0,0,0,0,0,0,0,0,0,0,0,10.4987627863884,0,0,0,1.06934344768524,0,0,0,0,0,0,0,4.85939639806747
10.5645371079445,0,13.8101872801781,2.88734656572342,2.98626720905304,255.003955245018,212.361341178417,746.202516555786,10.0018334388733,205.165333628654,2.81385952234268,39.7641122937202,0,414.544233858585,4.67350274324417,0,0.940945088863373,0,0,25.2129365205765,11.5077380537987,0,60.6526335477829,3.90293562412262,0,0.961153447628021,0,45.5802137255669,28.8436837792397,50.1276260018349,0,11.6585935354233,0,16.4643844366074,3.96713978052139,49.0202061533928,5.92980378866196,27.1825450062752,5.79358750581741,26.2742331027985,0.97650158405304,0.979287326335907,0,0,1.96509736776352,0.98493891954422,0,0,0.987875640392303,0,0,0,0,0,0,0,0,0,0,0,0,0,0,0,0,0,0,0,0,0,0,0,2.12132585048676,0,0,0,0,0,0,0,0,0,0,0,3.92206716537476
0,38.3350016474724,0,22.7012331485748,0.915809214115143,4.84979313611984,9.90446478128433,10.0018334388733,40.8767273426056,40.1763489842415,1.78455746173859,3.91282832622528,1.86952841281891,2.94082337617874,8.78867799043655,2.95602166652679,0,0,0,6.90448480844498,0,99.485363483429,0,332.051342487335,14.7554950118065,0.971849262714386,77.471095085144,66.695804297924,15.642758667469,0,0,0,1.92171311378479,6.90729707479477,0,44.0544516444206,1.96354353427887,7.89645075798035,0,11.1163479685783,0,0,3.02501893043518,0,0.963474333286285,0.977883040904999,6.15229994058609,0,0,0,0.928602516651154,0,12.9058381915092,0,0,7.88724100589752,5.19980764389038,36.0749178528786,20.4112050533295,0,5.88302689790726,0,0,0,2.00904005765915,0,0,0,4.07219994068146,0,6.92570835351944,0,72.7104892730713,0,0,0,57.7302300930023,0.988961279392242,1.97054409980774,0,0,2.052077293396,0,0,9.93758589029312
0.964122712612152,0,0,92.0965719223022,2.76481521129608,266.608041405678,301.83339625597,205.165333628654,40.1763489842415,1382.43326514959,0.987152397632599,66.6018599271774,0,106.480612397194,11.3038386702538,0,0,0,0,51.6216693520546,0.969459295272827,0,0,27.6623681783676,0,0,0,108.955320000648,38.2418954968452,0.936081886291504,0,0,0.958620667457581,25.774077475071,6.96406489610672,88.6262549757957,0,35.4696990847588,1.96392619609833,24.9796468019485,1.91358834505081,0,0,0,0,0,7.74688065052032,0,0,0,0,0,0,0,0,0,0,40.2253850102425,0,0,1.15755319595337,0,0,0,0,0,0,0,0,0,0,0,10.4647842049599,0,0,0,0,0,0,0,0,0,0,0,3.92817836999893
0,6.89566773176193,0,0,0,1.01053237915039,0,2.81385952234268,1.78455746173859,0.987152397632599,543.500938713551,0,101.104099690914,1.92381477355957,0,0,5.87680476903915,105.487185359001,15.7464618682861,0,0,0.903530597686768,0.976922810077667,0,12.693930208683,62.3237552642822,18.1882317066193,0,29.218921661377,0,15.444552063942,9.66867113113403,0,156.837736189365,0,8.78462141752243,89.4630946516991,95.6890388727188,13.5304915904999,1.92552781105042,0,9.80411690473557,0,14.6138269305229,0.960114479064941,0,0,0,4.85339856147766,0,0,0,0,0,0,0,0,0,0,4.83996331691742,0,48.9743978381157,0,0,0,0,0,0,0,0,0,0,0,13.6953438520432,3.93416053056717,1.99272614717484,0,0,0,13.7739869952202,0,0,0,0,0.992560148239136
0.925781309604645,0,0,59.0817425847054,18.0485535264015,83.0030134320259,1.86361598968506,39.7641122937202,3.91282832622528,66.6018599271774,0,406.262035965919,0,5.75352692604065,56.6782376170158,0,0,0,0,134.767410576344,0,0,0,2.98500204086304,0,0,0,13.6882782578468,5.6441045999527,0,0,2.74658465385437,0,11.5460834503174,169.2683609128,22.05461114645,0,3.83542132377625,0.994481205940247,26.2451973557472,2.89707058668137,0.99990326166153,1.0044881105423,0,0,0,5.0241367816925,0,0,0,0,0,2.031593978405,0,0,0,0,1.98866575956345,1.06596338748932,0.97278755903244,9.95047509670258,0,0,0,0,0,0,0,0,0,0,0,1.9746972322464,0,0,0,1.00977158546448,0,0,0,0,0,0,40.3157677650452,7.81616503000259
0,7.00280857086182,0,0,0,0,0,0,1.86952841281891,0,101.104099690914,0,171.028977811337,0,0,0,0,0.929722189903259,0,0,2.92718189954758,4.73251336812973,0.980800330638885,2.92073565721512,99.8045935630798,6.68851226568222,51.0021939277649,3.97531139850616,4.90903145074844,1.99608665704727,41.4207353591919,0.953289926052094,0,19.6708942055702,0,4.95437997579575,19.4310486912727,10.693300485611,0.982326328754425,2.96353644132614,0,7.84593141078949,0,20.6195375323296,0.969197452068329,0.998890817165375,4.95410364866257,0,7.83282417058945,0,8.94976055622101,0,0,0,0,0,0,0,0,13.7416694760323,0,127.228116452694,0,0,0,0,0,0,0,0,0.972613573074341,0.981020629405975,1.00835120677948,37.8113954663277,7.84844434261322,27.7500720024109,0.989139318466187,0,0,46.3455889225006,0,0,3.88672238588333,0,0
224.191295444965,0,18.8689604401588,0,0,29.7391002178192,370.168548941612,414.544233858585,2.94082337617874,106.480612397194,1.92381477355957,5.75352692604065,0,584.330311954021,2.81549644470215,0,1.02855134010315,0.943426072597504,0,4.58340984582901,31.8097549080849,0,111.059039115906,12.5813034772873,0.985679626464844,1.90762048959732,0,26.8524977564812,258.319704592228,187.73770314455,0,19.7372352480888,0,22.3433315753937,0,20.359855055809,3.92591643333435,16.5319931507111,3.86977821588516,3.93695157766342,0,1.014763712883,0,0,0,0,0,0,0,0,0,0,0,0,0,0,0,1.03359007835388,0,0,0,0,0,0,0,0,0,0,0,0,0,0,0,0,0,0,0,0,0,0,0,0,2.98459732532501,0,0
0,0,0,29.1630660891533,30.882162630558,39.6603525876999,0.889107882976532,4.67350274324417,8.78867799043655,11.3038386702538,0,56.6782376170158,0,2.81549644470215,22.7440733909607,0,0,0,0,12.2309929728508,0,0,0,43.1891350150108,0,0,0.943772971630096,21.879491686821,2.86902141571045,0,0,0.935040712356567,0,2.83588647842407,19.7010157108307,4.80744749307632,0,0,0,30.3650535345078,2.01001167297363,0,0,0,0,0,0,0,0,0,0,0,0,0,0,0,0,0.907208979129791,0,0,1.99409139156342,0,0,0,0,0,0,0,0,0,0,0,0,0,0,0,0,0,0,0,0,0,0,2.96231681108475,0.997315943241119
0,11.7848355174065,0.96069461107254,0,0,0,0.964025437831879,0,2.95602166652679,0,0,0,0,0,0,168.496954321861,0.970602095127106,0,0,0,108.727837145329,68.1672814488411,106.948628365993,78.7785810828209,2.89783537387848,0,163.343934476376,37.4974645376205,0,1.9488023519516,0,0,0,1.93691402673721,0.97394585609436,23.6660514473915,16.7960126399994,11.7539446949959,13.8476765155792,1.96785616874695,0,0,9.96662753820419,8.61501884460449,1.98387742042542,0,0,0,0,0,2.89441162347794,3.73621511459351,0,0,0,0,0,0,0,0,0,0,0,0,111.225428044796,0,0,0,0,24.3061339259148,9.91923671960831,109.188290894032,27.6322434544563,0,0,42.1664692163467,4.95019459724426,1.00626301765442,2.98809510469437,0,0,1.00333595275879,0,0,4.01514136791229
0.973565399646759,0,179.073306441307,0,0,0,0,0.940945088863373,0,0,5.87680476903915,0,0,1.02855134010315,0,0.970602095127106,192.021327257156,11.8305397033691,105.761825680733,0,14.4114457964897,0,224.301289498806,0,0,149.118532001972,148.636628687382,0,6.77392709255219,2.91735297441483,0,0,1.92231875658035,139.515893101692,0,17.7546647787094,20.4414945840836,41.0504817962646,20.7656772136688,0,0,0,1.84894174337387,0,0,2.01935225725174,0,0,0,0,1.0129382610321,3.87603068351746,0,0,0,0,0,0,0,0,0,0,0,0,0,2.85206270217896,0,0.939898431301117,0,0,0.968447208404541,0.937318742275238,0,0,5.86521416902542,30.0962020754814,0,0,0,0,0,0,0,0,3.00180441141129
0,0.9423987865448,1.94320976734161,0,0,0,0,0,0,0,105.487185359001,0,0.929722189903259,0.943426072597504,0,0,11.8305397033691,68.7247204780579,73.2734793424606,0,0,0,1.94355124235153,0,0.974559962749481,112.988157570362,9.67442715167999,0,6.77929228544235,0,1.93935978412628,1.89691472053528,0,39.3883582949638,0,6.77887272834778,60.7873921990395,76.1140080094337,17.3252970576286,0,0,1.92956495285034,0,0.95237147808075,0,0,0,0,0,0,0,0,0,0,0,0,0,0,0,0,0,0,0,0,0,0,0,0,0,0,0,0,0,0,0,2.0262833237648,0,0,0,0,0,0,0,0,0
0,0,11.7350934743881,0,0,0,0,0,0,0,15.7464618682861,0,0,0,0,0,105.761825680733,73.2734793424606,127.348507106304,0,0.96761953830719,0,10.6534692645073,0,0,106.988068759441,22.2733833193779,0,5.672327876091,0,0,0.942893743515015,0,94.0360931754112,0,11.7232120633125,28.1351809501648,40.8471916913986,7.74291408061981,0,0,0,0,0.960718750953674,0,0,0,0,0,0,0,0,0,0,0,0,0,0,0,0,0,0,0,0,0,0,0,0,0,0,0,0,0,0,0.983901977539062,2.93090426921844,0,0,0,0,0,0,0,0,0
0,0,0,82.6336034536362,5.43247318267822,13.2383850812912,0,25.2129365205765,6.90448480844498,51.6216693520546,0,134.767410576344,0,4.58340984582901,12.2309929728508,0,0,0,0,39.9437682628632,0,0,0,3.91916292905807,0,0,0,7.84187811613083,5.59502071142197,0,0,0,0,7.51379024982452,0,17.9259006977081,0,2.8476414680481,1.92973911762238,11.4393206238747,0,0,1.92485231161118,0,0,0,4.12764108181,0,0,0,0,0,1.06406664848328,0,0,0,0,3.03255617618561,0,0,3.99451541900635,0,0,0,0,0,0,0,0,0,0,0,5.03829121589661,0,0,0,0,0,0,0,0,0,0,0,0
2.94179433584213,0.983166813850403,15.6398640275002,0,0,0,27.0150579214096,11.5077380537987,0,0.969459295272827,0,0,2.92718189954758,31.8097549080849,0,108.727837145329,14.4114457964897,0,0.96761953830719,0,717.202780425549,1.97490453720093,376.56482821703,26.6905140280724,0,0,19.4184616208076,209.467979252338,25.2520193457603,328.521558701992,0,0,10.6317374706268,130.804936170578,3.99911111593246,159.9167714715,23.7605642676353,87.4315394163132,47.4092074036598,5.93116211891174,0.983480751514435,0,6.04991686344147,1.91868126392365,0,0,0,0,0,0,0,0.957793354988098,0,0,0,0,0,0,0,1.01127123832703,0,0,0,0,29.682815849781,0,0,0,0,9.93962246179581,6.03271007537842,14.4492411017418,6.95968097448349,0,0,0,1.01840233802795,0,6.88865774869919,0,0,1.0241197347641,0,0,42.9431060552597
0,32.5288399457932,1.00513780117035,0,0,0,0,0,99.485363483429,0,0.903530597686768,0,4.73251336812973,0,0,68.1672814488411,0,0,0,0,1.97490453720093,129.104386091232,2.97405880689621,199.714782357216,31.0453730225563,0.993212401866913,115.078296899796,5.88110494613647,0,0,1.9617110490799,0,0,2.76511067152023,0,0.997636735439301,3.78718644380569,3.78622597455978,0.996489703655243,0,0,0,1.92894870042801,3.93185245990753,0,0,0,0,0,0,16.9072570204735,0,0,0,0,0.990256905555725,0,8.82058036327362,0,0,0,1.84992033243179,0,0,28.8342895507812,0,0,0,0,1.02069771289825,73.9795882701874,11.8143277168274,20.6064602732658,1.95514607429504,0.958449840545654,36.6351197361946,3.03856086730957,0.982179760932922,1.99912732839584,0,0,0,0,0,1.01484978199005
24.589635848999,0.981181681156158,401.603748202324,0,0,0,49.4773569107056,60.6526335477829,0,0,0.976922810077667,0,0.980800330638885,111.059039115906,0,106.948628365993,224.301289498806,1.94355124235153,10.6534692645073,0,376.56482821703,2.97405880689621,955.724231362343,49.2833777070045,0,21.4708454608917,251.001394748688,101.907202720642,77.7889154553413,101.801382958889,0,0,2.9302551150322,244.822161853313,2.05990314483643,242.883477687836,147.971576094627,252.603443980217,168.765277087688,4.08701002597809,0.996526777744293,0,3.90927958488464,11.4639756083488,6.63369715213776,4.75640499591827,0,0,0,0,1.88027888536453,17.8004496097565,0,0,0,0,0,0,0,1.02186119556427,0,0,0,0,45.8560722470284,0.935029029846191,0,0,0,18.25813382864,6.97364765405655,96.7008457183838,7.95599508285522,0,0.917715787887573,97.9737266302109,0.954480946063995,0,1.95692223310471,0,0,0,0.947720527648926,0,48.6553281545639
1.00014293193817,22.1024279594421,4.8448668718338,40.8234208226204,10.2292370796204,4.83299475908279,39.076423406601,3.90293562412262,332.051342487335,27.6623681783676,0,2.98500204086304,2.92073565721512,12.5813034772873,43.1891350150108,78.7785810828209,0,0,0,3.91916292905807,26.6905140280724,199.714782357216,49.2833777070045,566.913969874382,10.5826078057289,0,88.3617398142815,217.090784192085,29.52186191082,4.87894546985626,0,0,3.83536863327026,20.4562445878983,1.95303934812546,72.6108812093735,1.94631391763687,32.0763757824898,1.94086420536041,14.7754019498825,0.927960753440857,0,31.9145370721817,2.00134110450745,4.12209314107895,1.01158201694489,0,0,0,0,0,0,5.14891016483307,0,1.18685793876648,20.2893755435944,0,44.9655903577805,5.35539674758911,2.0114648938179,7.36716043949127,0,0,0,35.8791308403015,0,0,0,1.08785843849182,9.90683406591415,24.7226125597954,1.94431847333908,275.354346096516,0,0,2.94506561756134,142.27662563324,0,3.94843763113022,0,0,5.35516571998596,2.16321742534637,0,4.8756068944931
0,35.1738893389702,0,0,0,0,0,0,14.7554950118065,0,12.693930208683,0,99.8045935630798,0.985679626464844,0,2.89783537387848,0,0.974559962749481,0,0,0,31.0453730225563,0,10.5826078057289,87.8571981787682,3.92245268821716,94.1293633580208,0,0,0,13.6577155590057,1.92442613840103,0,10.8254851102829,0,0.958860337734222,7.79489940404892,1.90832060575485,0,0,0,3.97241300344467,0,10.7961840629578,1.89900833368301,0,0,0,3.90871906280518,0,2.01083964109421,0,0,0,0,0,0,0,0,5.93858850002289,0,28.8347606062889,0,0,0,0,0,0,0,0,0,0,0,40.9154676198959,9.90744584798813,16.8380115032196,0,0,0,8.82627087831497,0,0,1.9428922533989,0,0
0,11.767490029335,140.195090830326,0,0,0,0,0.961153447628021,0.971849262714386,0,62.3237552642822,0,6.68851226568222,1.90762048959732,0,0,149.118532001972,112.988157570362,106.988068759441,0,0,0.993212401866913,21.4708454608917,0,3.92245268821716,1144.24772495031,444.312342524529,0,6.66859799623489,0,13.8006296753883,1.90969777107239,0.951928198337555,77.8759754300117,0,63.8824684619904,295.479247033596,181.456244587898,67.7221388816833,0,0,0,0,23.8659334182739,2.95363074541092,0.983149886131287,0,0,0.955979466438293,0,3.92816072702408,3.87344628572464,0,0,0,0,0,0,0,0.966061353683472,0,17.0310212373734,0,0,0,4.80774509906769,1.00818562507629,1.98256212472916,0,0,0,0,0,4.96209985017776,212.585601508617,206.575031816959,0,0,0,42.3193088769913,0,0,0,0,4.90154409408569
0,198.759484946728,353.579732298851,0,0,0,13.5158133506775,0,77.471095085144,0,18.1882317066193,0,51.0021939277649,0,0.943772971630096,163.343934476376,148.636628687382,9.67442715167999,22.2733833193779,0,19.4184616208076,115.078296899796,251.001394748688,88.3617398142815,94.1293633580208,444.312342524529,1492.14456552267,30.2563766241074,5.77303618192673,0.968676149845123,51.2945224046707,0.971441626548767,0,119.264959990978,2.99436730146408,198.388527929783,225.445805549622,214.20560914278,170.290277302265,1.02658450603485,0,0.957019805908203,18.7290750741959,59.3988592028618,20.5896089673042,21.4342405200005,0,0,0,0,89.5953880548477,73.5695189237595,0,0,0,0,0,0,0,2.99538326263428,0,13.7684108614922,0,0,50.6263200044632,20.2121111750603,2.97908067703247,1.96462792158127,0,1.93998104333878,25.0176500678062,138.612703502178,0,19.7719291448593,294.044109284878,947.010031580925,0,0,0,11.8091734647751,0,0,0.988742828369141,0,15.0014857053757
3.87011188268661,0,5.8936128616333,42.6582989692688,1.90906846523285,23.8017147779465,618.164265215397,45.5802137255669,66.695804297924,108.955320000648,0,13.6882782578468,3.97531139850616,26.8524977564812,21.879491686821,37.4974645376205,0,0,0,7.84187811613083,209.467979252338,5.88110494613647,101.907202720642,217.090784192085,0,0,30.2563766241074,789.148011386395,28.5906455516815,455.458584606647,0,0,5.75469052791595,39.810861825943,2.96648061275482,129.115952014923,1.94264501333237,49.5766950845718,15.6571946144104,13.9167187213898,2.92481029033661,1.00801682472229,16.2765861749649,0,0,0,0,0,0,1.0488213300705,0,0,0,0,0,0,0,32.5184271335602,0,2.01835888624191,0,0,0,0,9.96262800693512,0,0,0,0,0,2.03275245428085,0,60.2072893977165,0,0,0,15.4168892502785,0,5.08219826221466,0,0,0,1.05745887756348,0,12.7972648143768
20.8036982417107,1.91571474075317,4.96678709983826,1.84368711709976,0,8.53180438280106,75.4850870370865,28.8436837792397,15.642758667469,38.2418954968452,29.218921661377,5.6441045999527,4.90903145074844,258.319704592228,2.86902141571045,0,6.77392709255219,6.77929228544235,5.672327876091,5.59502071142197,25.2520193457603,0,77.7889154553413,29.52186191082,0,6.66859799623489,5.77303618192673,28.5906455516815,787.776090621948,230.036300778389,0.963770031929016,36.740856051445,52.3327507972717,87.512001812458,0.995771884918213,27.7215850353241,7.89544326066971,43.9399700760841,5.84885096549988,10.9326765537262,1.98183709383011,2.02657961845398,0,0.996012330055237,1.00952911376953,0.995346069335938,0,0,0,0,0,0,0,0,0,0,0,0,0,0,0,0,0,0,0,0,0,0,0,0,0,0,2.0210816860199,0,0,0,0,0,0,0,0,0,0.979037404060364,0,9.93315136432648
81.6658135652542,0,2.8871603012085,0,0,0,230.527866780758,50.1276260018349,0,0.936081886291504,0,0,1.99608665704727,187.73770314455,0,1.9488023519516,2.91735297441483,0,0,0,328.521558701992,0,101.801382958889,4.87894546985626,0,0,0.968676149845123,455.458584606647,230.036300778389,496.102843344212,0,0,37.0199271440506,79.4698777198792,5.88563680648804,149.880446732044,7.79782462120056,65.1579371094704,12.7266828417778,5.84278035163879,2.90462225675583,0,2.97213459014893,0,0,0,0,0,0,0,0,0,0,0,0,0,0,0.968167126178741,0,0,0,0,0,0,7.03938716650009,0,0,0,0,0.974992096424103,0,0,0.983325898647308,0,0,0,0,0,0,0,0,0,0,0,29.7070855498314
0,2.91402626037598,0,0,0,0,0,0,0,0,15.444552063942,0,41.4207353591919,0,0,0,0,1.93935978412628,0,0,0,1.9617110490799,0,0,13.6577155590057,13.8006296753883,51.2945224046707,0,0.963770031929016,0,12.8501123785973,0.911571562290192,0,1.90935009717941,0,0,29.7366703152657,7.57798737287521,0,0,0,0,0,5.73504000902176,0,0,0,0,0,0,3.03251254558563,0,0,0,0,0,0,0,0,0.992505252361298,0,34.3535699248314,0,0,0,0,0,0,0,0,0,0,0,12.9998131394386,29.6177864670753,28.6468114852905,0,0,0,32.5284367799759,0,0,0,0,0
0,0,0,0,6.9883753657341,17.5681072473526,0,11.6585935354233,0,0,9.66867113113403,2.74658465385437,0.953289926052094,19.7372352480888,0.935040712356567,0,0,1.89691472053528,0.942893743515015,0,0,0,0,0,1.92442613840103,1.90969777107239,0.971441626548767,0,36.740856051445,0,0.911571562290192,15.0349655151367,0,113.530386924744,0,25.4808392524719,0.971220076084137,21.7033833265305,4.92246943712234,10.7163172960281,9.82500129938126,3.03338015079498,0.978579044342041,0,0,0.97114509344101,0,0,0.978256642818451,0,0,0,0,0,0,0,0,0,0,0,0,0,0,0,0,0,0,0,0,0,0,0,0,0,0,0,0,0,0,0,0,0,0,0,3.89091217517853
0,0.94814544916153,0,0,0,0,0.968821585178375,0,1.92171311378479,0.958620667457581,0,0,0,0,0,0,1.92231875658035,0,0,0,10.6317374706268,0,2.9302551150322,3.83536863327026,0,0.951928198337555,0,5.75469052791595,52.3327507972717,37.0199271440506,0,0,62.8487356901169,22.3727960586548,0.978089153766632,0.952767908573151,0,0.951848328113556,0.997737765312195,0.982292652130127,0,0,0,0,0,0,0,0,0,0,0,0,0,0,0,0,0,0,0,0,0,0,0,0,0,0,0,0,0,0,0,0,1.00115621089935,0,0,0,0,0,0,0,0,0,0,0,0
0.971641659736633,6.81434684991837,27.2641558647156,1.04741311073303,36.039320230484,24.2796786427498,34.6463592648506,16.4643844366074,6.90729707479477,25.774077475071,156.837736189365,11.5460834503174,19.6708942055702,22.3433315753937,2.83588647842407,1.93691402673721,139.515893101692,39.3883582949638,94.0360931754112,7.51379024982452,130.804936170578,2.76511067152023,244.822161853313,20.4562445878983,10.8254851102829,77.8759754300117,119.264959990978,39.810861825943,87.512001812458,79.4698777198792,1.90935009717941,113.530386924744,22.3727960586548,299.624680936337,18.73646068573,69.4237951040268,28.5049864053726,138.031338691711,96.9614132642746,36.0427463054657,3.00568968057632,9.00618416070938,9.89459580183029,5.87051892280579,12.9089050889015,8.9345218539238,9.79739308357239,0,0,0,2.98725813627243,3.8444709777832,0,0,0.9787517786026,0,0,0,0,0,0.986727297306061,4.88513243198395,0,0,0,0,0,0,0,0,0.989556491374969,2.87126934528351,0,3.87036317586899,2.85058856010437,13.4756136536598,1.01642000675201,0,0,0.980392634868622,0,0,2.94686365127563,3.9658539891243,24.9967374801636
0,0,0,0,0,119.641431987286,0.966161489486694,3.96713978052139,0,6.96406489610672,0,169.2683609128,0,0,19.7010157108307,0.97394585609436,0,0,0,0,3.99911111593246,0,2.05990314483643,1.95303934812546,0,0,2.99436730146408,2.96648061275482,0.995771884918213,5.88563680648804,0,0,0.978089153766632,18.73646068573,6250.60913729668,134.208427608013,24.9576369524002,24.897997200489,68.1850926876068,6.96383684873581,7.9025866985321,0,25.3139766454697,2.99402183294296,2.97655427455902,17.1311287879944,1.94351804256439,0,0,0,0,0,0,0,10.7200103998184,0,0,0,0,0.997131168842316,45.0188540816307,0,0,0,0,0,0,0,0,0,0,0,0,0,0,0,0,0,0,0,0,0,0.982691526412964,2256.7272464633,695.98390609026
0,1.017329454422,50.9925688505173,4.79920721054077,18.9006543755531,53.6293172240257,114.416694641113,49.0202061533928,44.0544516444206,88.6262549757957,8.78462141752243,22.05461114645,4.95437997579575,20.359855055809,4.80744749307632,23.6660514473915,17.7546647787094,6.77887272834778,11.7232120633125,17.9259006977081,159.9167714715,0.997636735439301,242.883477687836,72.6108812093735,0.958860337734222,63.8824684619904,198.388527929783,129.115952014923,27.7215850353241,149.880446732044,0,25.4808392524719,0.952767908573151,69.4237951040268,134.208427608013,126.768024563789,318.586352527142,95.3570468425751,84.7558894753456,111.032589554787,26.0644407868385,5.0104900598526,14.2349275946617,2.91827112436295,4.99989694356918,3.94726592302322,0,0,1.99360531568527,0.995908260345459,2.0288702249527,3.87900751829147,0.998695135116577,0,1.01271545886993,4.14179807901382,0,11.3226447701454,0,2.99569535255432,1.97530287504196,0,0,0,15.9590644836426,0.985411942005157,0,0,0,4.90826761722565,2.0245189666748,7.63302701711655,52.4272662401199,0,1.96996223926544,15.7594548463821,28.3158130645752,0,6.85965621471405,0,0,1.01424896717072,0,20.2766923904419,63.8637217283249
0.974109351634979,9.7334104180336,34.7365756034851,0,1.96111053228378,0.985417485237122,2.934565782547,5.92980378866196,1.96354353427887,0,89.4630946516991,0,19.4310486912727,3.92591643333435,0,16.7960126399994,20.4414945840836,60.7873921990395,28.1351809501648,0,23.7605642676353,3.78718644380569,147.971576094627,1.94631391763687,7.79489940404892,295.479247033596,225.445805549622,1.94264501333237,7.89544326066971,7.79782462120056,29.7366703152657,0.971220076084137,0,28.5049864053726,24.9576369524002,318.586352527142,62.5772984027863,86.9974876046181,173.334674060345,3.01238238811493,0,3.95885461568832,1.93703424930573,16.6257960796356,1.98904180526733,3.99470663070679,0,0,0.983257174491882,0,5.968565762043,4.79052245616913,0,0,0,0,0,0,0,0,0,1.96228176355362,0,0,8.74897015094757,0.936424195766449,0,0,0,0.972260713577271,1.00332403182983,12.1638339757919,3.97424459457397,2.94083505868912,15.5354270935059,62.6674872040749,0.968151390552521,0,0,0.953704357147217,0,0,2.81720465421677,6.86279046535492,76.998847424984
1.97121286392212,4.89242434501648,58.3601448535919,1.9760976433754,5.99779373407364,8.68418836593628,38.8736412525177,27.1825450062752,7.89645075798035,35.4696990847588,95.6890388727188,3.83542132377625,10.693300485611,16.5319931507111,0,11.7539446949959,41.0504817962646,76.1140080094337,40.8471916913986,2.8476414680481,87.4315394163132,3.78622597455978,252.603443980217,32.0763757824898,1.90832060575485,181.456244587898,214.20560914278,49.5766950845718,43.9399700760841,65.1579371094704,7.57798737287521,21.7033833265305,0.951848328113556,138.031338691711,24.897997200489,95.3570468425751,86.9974876046181,103.555905282497,68.0435888171196,19.8021313548088,2.00703525543213,9.91505318880081,3.93042880296707,5.84641689062119,10.91185516119,5.87188023328781,2.96347081661224,0,2.94205683469772,0,4.91811054944992,3.91804683208466,0,0,0,0,2.93914753198624,2.92414963245392,0,1.99201917648315,0,1.95553547143936,0,0,7.83543479442596,0,0,0,0,0,0,4.79898750782013,1.01664447784424,1.97016453742981,7.70507884025574,33.9641288518906,0,0,0,0.946134567260742,1.01226770877838,0,1.99049335718155,0.990870237350464,53.2560223937035
0.952112555503845,2.89327085018158,46.638959467411,0,0,2.94123160839081,5.86132961511612,5.79358750581741,0,1.96392619609833,13.5304915904999,0.994481205940247,0.982326328754425,3.86977821588516,0,13.8476765155792,20.7656772136688,17.3252970576286,7.74291408061981,1.92973911762238,47.4092074036598,0.996489703655243,168.765277087688,1.94086420536041,0,67.7221388816833,170.290277302265,15.6571946144104,5.84885096549988,12.7266828417778,0,4.92246943712234,0.997737765312195,96.9614132642746,68.1850926876068,84.7558894753456,173.334674060345,68.0435888171196,29.0369716882706,26.0307148098946,8.05858600139618,3.99654883146286,2.97563797235489,2.97937774658203,13.8951032757759,4.01423680782318,0,0,1.98907911777496,0,0,3.71429294347763,0,0,0,0,1.00537180900574,1.0168582201004,0,0.987454175949097,0,0,0,0,0.99874210357666,0,0,0,0,0,2.02904236316681,6.68308961391449,0.995556116104126,0,0.964028179645538,19.4762223958969,0,0,0,0,0,0,3.00332021713257,33.4314835071564,301.412043750286
0.971742630004883,0.971042990684509,0,21.1991842985153,100.551333427429,75.3177388906479,19.4249828457832,26.2742331027985,11.1163479685783,24.9796468019485,1.92552781105042,26.2451973557472,2.96353644132614,3.93695157766342,30.3650535345078,1.96785616874695,0,0,0,11.4393206238747,5.93116211891174,0,4.08701002597809,14.7754019498825,0,0,1.02658450603485,13.9167187213898,10.9326765537262,5.84278035163879,0,10.7163172960281,0.982292652130127,36.0427463054657,6.96383684873581,111.032589554787,3.01238238811493,19.8021313548088,26.0307148098946,57.882033765316,29.0388782024384,3.91295522451401,1.94920086860657,0,0,0,6.05482476949692,0.979801118373871,0.991481244564056,0,0,0,5.10375714302063,0,0,1.1471346616745,0,0,7.6310967206955,9.92523121833801,12.9542886614799,0,0,2.0127979516983,0,0,0,0,4.08601820468903,0,0,0,6.43949556350708,0,0,0,9.80571991205215,0,0,0,0,0,0,0,2.00911045074463
0,0,0,0.976762652397156,52.0338290929794,0.946734189987183,1.96836936473846,0.97650158405304,0,1.91358834505081,0,2.89707058668137,0,0,2.01001167297363,0,0,0,0,0,0.983480751514435,0,0.996526777744293,0.927960753440857,0,0,0,2.92481029033661,1.98183709383011,2.90462225675583,0,9.82500129938126,0,3.00568968057632,7.9025866985321,26.0644407868385,0,2.00703525543213,8.05858600139618,29.0388782024384,2.00320017337799,0,0,0,0,0,0,0,0,0,0,0,0,0,0,0,0,0,0,0,0,0,0,0,0,0,0,0,0,0,0,0,0,0,0,0,0,0,0,0,0,0,0,0,11.0350571274757
0,0,0,0,0,1.00198459625244,0,0.979287326335907,0,0,9.80411690473557,0.99990326166153,7.84593141078949,1.014763712883,0,0,0,1.92956495285034,0,0,0,0,0,0,3.97241300344467,0,0.957019805908203,1.00801682472229,2.02657961845398,0,0,3.03338015079498,0,9.00618416070938,0,5.0104900598526,3.95885461568832,9.91505318880081,3.99654883146286,3.91295522451401,0,0,0,3.97749680280685,5.99892956018448,2.0005094408989,2.96203941106796,0,0.997512102127075,0,0,0,0,0,0.975780010223389,0,0,0,0,0.998239874839783,0,0.974904656410217,0,0,1.00149488449097,0,0,0,0,0,0,0,1.03671765327454,1.97906196117401,0,0,0,0.982014417648315,0,0.975092053413391,2.01629316806793,0,1.01861834526062,0,0
0,1.97864156961441,6.70824527740479,0.993000090122223,0,0,2.12778806686401,0,3.02501893043518,0,0,1.0044881105423,0,0,0,9.96662753820419,1.84894174337387,0,0,1.92485231161118,6.04991686344147,1.92894870042801,3.90927958488464,31.9145370721817,0,0,18.7290750741959,16.2765861749649,0,2.97213459014893,0,0.978579044342041,0,9.89459580183029,25.3139766454697,14.2349275946617,1.93703424930573,3.93042880296707,2.97563797235489,1.94920086860657,0,0,111.990648567677,306.147663652897,64.7115884423256,69.7812297940254,97.8701006770134,8.94776380062103,3.99578583240509,5.89528691768646,3.97110795974731,35.1575918793678,6.81778055429459,1.97750335931778,29.4537737369537,127.467582881451,54.1445905566216,15.0387402176857,29.3641347289085,59.5803117752075,41.3344056606293,0,88.2406086325645,5.86289584636688,32.9139665365219,23.5695744156837,9.87247210741043,23.4649935364723,14.5930935144424,86.4402568936348,1.02054619789124,211.33738219738,66.0525873303413,0,83.2009124159813,217.742466509342,208.014968395233,34.2868341803551,116.653690874577,0,29.7344352602959,0,34.8285385966301,115.702225804329,53.174362719059
0,5.76685321331024,4.77247434854507,0,0,0,0,0,0,0,14.6138269305229,0,20.6195375323296,0,0,8.61501884460449,0,0.95237147808075,0.960718750953674,0,1.91868126392365,3.93185245990753,11.4639756083488,2.00134110450745,10.7961840629578,23.8659334182739,59.3988592028618,0,0.996012330055237,0,5.73504000902176,0,0,5.87051892280579,2.99402183294296,2.91827112436295,16.6257960796356,5.84641689062119,2.97937774658203,0,0,3.97749680280685,306.147663652897,99.6517256498337,78.2402869462967,148.825919806957,3.91290956735611,0,6.97062462568283,0,2.914186835289,24.5877746939659,0,0,0,15.6169655323029,4.88023245334625,0.995446503162384,0,59.0131713151932,0,34.2311778068542,3.98017930984497,0,16.7803509235382,22.1543297767639,52.5080369710922,58.1412212252617,0,32.5625298023224,1.01235628128052,149.717841625214,5.93297356367111,4.8982492685318,331.789120793343,161.575258851051,12.6307585835457,0.986575603485107,7.8831450343132,25.324241399765,2.00414687395096,0.956067144870758,16.4030110239983,15.0209872722626,46.4319239854813
0,2.01217174530029,1.9439834356308,0,0,1.94500613212585,0,1.96509736776352,0.963474333286285,0,0.960114479064941,0,0.969197452068329,0,0,1.98387742042542,0,0,0,0,0,0,6.63369715213776,4.12209314107895,1.89900833368301,2.95363074541092,20.5896089673042,0,1.00952911376953,0,0,0,0,12.9089050889015,2.97655427455902,4.99989694356918,1.98904180526733,10.91185516119,13.8951032757759,0,0,5.99892956018448,64.7115884423256,78.2402869462967,76.1363623142242,66.6464726924896,11.6312056183815,6.00425517559052,15.9332233667374,1.96154391765594,6.88064390420914,44.5340813398361,4.80825001001358,0,4.86844551563263,87.1820029020309,25.3752325177193,0.977441966533661,19.3288722038269,113.94919782877,18.4092266559601,25.2406243681908,47.8106890320778,1.03960525989532,10.9141758084297,39.9490659832954,97.7260475158691,52.6552622914314,4.82969862222672,97.2714672684669,1.97255611419678,249.17661100626,19.5352236032486,11.6947604417801,103.629366874695,164.068246364594,137.540486335754,40.1314766407013,46.8686546087265,24.1322332620621,23.8316767215729,3.90720176696777,90.824304163456,24.7764626741409,37.1674741506577
0,1.00472462177277,1.947634100914,0,0,1.94168305397034,0,0.98493891954422,0.977883040904999,0,0,0,0.998890817165375,0,0,0,2.01935225725174,0,0,0,0,0,4.75640499591827,1.01158201694489,0,0.983149886131287,21.4342405200005,0,0.995346069335938,0,0,0.97114509344101,0,8.9345218539238,17.1311287879944,3.94726592302322,3.99470663070679,5.87188023328781,4.01423680782318,0,0,2.0005094408989,69.7812297940254,148.825919806957,66.6464726924896,28.1327779889107,42.3316770195961,28.1291779279709,0.998567402362823,0,1.97119134664536,32.8933286070824,0,0,4.86874502897263,26.2857530117035,1.95629841089249,1.96464604139328,1.89713144302368,68.0022911429405,0.962161421775818,0.943124294281006,10.8510674238205,0.954358339309692,13.9882948994637,32.4186379909515,24.4343603849411,22.5282472372055,0.950633585453033,48.458448112011,1.00593900680542,265.357883274555,7.77925872802734,3.91446083784103,64.0583441853523,181.600933074951,53.0787760019302,3.90187984704971,12.7413446307182,8.71089679002762,4.00356191396713,0.969890534877777,22.5973443388939,68.8453820943832,301.625628352165
0,0,0,4.0580552816391,1.01276791095734,1.9627081155777,0,0,6.15229994058609,7.74688065052032,0,5.0241367816925,4.95410364866257,0,0,0,0,0,0,4.12764108181,0,0,0,0,0,0,0,0,0,0,0,0,0,9.79739308357239,1.94351804256439,0,0,2.96347081661224,0,6.05482476949692,0,2.96203941106796,97.8701006770134,3.91290956735611,11.6312056183815,42.3316770195961,52.7943515181541,5.00617665052414,11.6830499768257,0.965731024742126,0,0,18.421917617321,85.46259111166,55.368413746357,23.4325935840607,33.9020947217941,13.9049336314201,11.8006529211998,39.1734688282013,56.0963191390038,2.92351394891739,17.206182718277,26.9306426644325,0,0,0,0,8.73989766836166,1.02185165882111,1.91039967536926,0.985444128513336,38.0453779101372,0,0,0.98645406961441,46.193094432354,3.84578377008438,2.9320387840271,0,9.80259424448013,0,4.87770700454712,3.04148322343826,3.97032880783081
0,0,0,0,0,0,0,0,0,0,0,0,0,0,0,0,0,0,0,0,0,0,0,0,0,0,0,0,0,0,0,0,0,0,0,0,0,0,0,0.979801118373871,0,0,8.94776380062103,0,6.00425517559052,28.1291779279709,5.00617665052414,0,0,0,0,0,0,7.02960556745529,0,3.88574546575546,0,0,0.953411042690277,6.01336860656738,0,0,1.00692129135132,0,0,0,0,0,0.958022654056549,0,0,0,0,0,0,0,4.87987118959427,2.95404249429703,1.00723540782928,0,1.02215981483459,0,2.00455117225647,10.9983021616936,8.99414592981339
0,0,0,0,0,0.967488765716553,0,0.987875640392303,0,0,4.85339856147766,0,7.83282417058945,0,0,0,0,0,0,0,0,0,0,0,3.90871906280518,0.955979466438293,0,0,0,0,0,0.978256642818451,0,0,0,1.99360531568527,0.983257174491882,2.94205683469772,1.98907911777496,0.991481244564056,0,0.997512102127075,3.99578583240509,6.97062462568283,15.9332233667374,0.998567402362823,11.6830499768257,0,2.00148725509644,0,1.01126742362976,0,0,0,0,0,1.00842940807343,1.82372856140137,0,7.86144870519638,0,13.7699980735779,0,0,0,0,0,0,1.07838928699493,0.969640612602234,1.00178003311157,0,1.0391800403595,13.9512374401093,2.90690737962723,1.02618956565857,1.02143478393555,1.0060042142868,0,0.988615751266479,1.00920474529266,0,8.92118769884109,0,0
0,0,0,0,0,0,0,0,0,0,0,0,0,0,0,0,0,0,0,0,0,0,0,0,0,0,0,1.0488213300705,0,0,0,0,0,0,0,0.995908260345459,0,0,0,0,0,0,5.89528691768646,0,1.96154391765594,0,0.965731024742126,0,0,94.9519894719124,0,1.02520787715912,0,0,0,23.6915956735611,7.8876331448555,0.988684296607971,0,1.00787854194641,0,0,145.450932502747,0,0,2.0298045873642,0,0,0,1.98919600248337,0,7.97127223014832,0,0,3.9662858247757,0.999030649662018,1.97526907920837,72.6368147730827,44.7620782852173,0,0,0.99667090177536,0.981221854686737,0,0.978775143623352
0,31.0328363776207,2.94937509298325,0,0,0,0,0,0.928602516651154,0,0,0,8.94976055622101,0,0,2.89441162347794,1.0129382610321,0,0,0,0,16.9072570204735,1.88027888536453,0,2.01083964109421,3.92816072702408,89.5953880548477,0,0,0,3.03251254558563,0,0,2.98725813627243,0,2.0288702249527,5.968565762043,4.91811054944992,0,0,0,0,3.97110795974731,2.914186835289,6.88064390420914,1.97119134664536,0,0,1.01126742362976,0,32.9657451510429,0,0,0,0,0,0,37.4548660516739,0,0,0,4.02820658683777,0.996754884719849,0,41.966333925724,2.93517124652863,0,0.947838664054871,0,0,40.796202480793,2.9569456577301,38.2282067537308,21.7392054796219,4.83983743190765,259.985046625137,0.962563037872314,0,0,0.985311985015869,0,0,6.8635505437851,0,0
0,3.91388088464737,14.1638758182526,0,0,0,0,0,0,0,0,0,0,0,0,3.73621511459351,3.87603068351746,0,0,0,0.957793354988098,0,17.8004496097565,0,0,3.87344628572464,73.5695189237595,0,0,0,0,0,0,3.8444709777832,0,3.87900751829147,4.79052245616913,3.91804683208466,3.71429294347763,0,0,0,35.1575918793678,24.5877746939659,44.5340813398361,32.8933286070824,0,0,0,1.02520787715912,0,317.913263976574,0,0,0,90.3668833374977,3.87367701530457,0,1.96536320447922,0.994369924068451,0,0,11.1493097543716,0,0.959463059902191,138.812841176987,0,15.4802578687668,0,14.680404484272,0,352.734575331211,0.950737833976746,0,239.053773164749,316.874373555183,24.263236284256,2.00992560386658,4.93517082929611,0,0,0.983432650566101,8.68860065937042,0,1.02557063102722
0,0,0,0,0,0,0,0,12.9058381915092,0,0,2.031593978405,0,0,0,0,0,0,0,1.06406664848328,0,0,0,5.14891016483307,0,0,0,0,0,0,0,0,0,0,0,0.998695135116577,0,0,0,5.10375714302063,0,0,6.81778055429459,0,4.80825001001358,0,18.421917617321,0,0,0,0,0,273.871622622013,0,5.76210916042328,0.985709190368652,18.8311887979507,16.742670238018,99.8424532413483,0,89.9613324999809,0,11.3826224207878,5.73560696840286,0,0,0,0,126.023583114147,0,0,0,35.8344615697861,0,0,0.957506239414215,132.021383106709,1.9279665350914,0,0,0,0,0.940255522727966,0,0.939960598945618
0,0,0,0,0,0,0,0,0,0,0,0,0,0,0,0,0,0,0,0,0,0,0,0,0,0,0,0,0,0,0,0,0,0,0,0,0,0,0,0,0,0,1.97750335931778,0,0,0,85.46259111166,7.02960556745529,0,0,0,0,0,26.0587003827095,6.92215687036514,0,4.81289631128311,2.01186382770538,0,0,1.94936209917068,0,0,58.2622075676918,0,0,0,0,0,0,0,0,0,0,0,0,0,0,0,0,9.02648532390594,0,47.2855054140091,0,1.96114146709442
0,0,0,0,0,0,0,0,0,0,0,0,0,0,0,0,0,0,0,0,0,0,0,1.18685793876648,0,0,0,0,0,0,0,0,0,0.9787517786026,10.7200103998184,1.01271545886993,0,0,0,0,0,0.975780010223389,29.4537737369537,0,4.86844551563263,4.86874502897263,55.368413746357,0,0,0,0,0,5.76210916042328,6.92215687036514,479.783444583416,23.0039882063866,305.892648220062,0,291.089555859566,1.04706740379333,123.691537499428,0,29.7387196421623,27.6493136882782,0,0,0,0,7.74536949396133,0,0,0,2.00231736898422,0,0,0,60.2551984190941,5.78873980045319,0,0,8.63489466905594,0,17.7419400811195,51.692568063736,2.97642862796783
0,0,0,0,0,0,0,0,7.88724100589752,0,0,0,0,0,0,0,0,0,0,0,0,0.990256905555725,0,20.2893755435944,0,0,0,0,0,0,0,0,0,0,0,4.14179807901382,0,0,0,1.1471346616745,0,0,127.467582881451,15.6169655323029,87.1820029020309,26.2857530117035,23.4325935840607,3.88574546575546,0,23.6915956735611,0,90.3668833374977,0.985709190368652,0,23.0039882063866,1160.368953228,132.859099924564,9.78823792934418,283.963223934174,4.80219864845276,2.90889465808868,0,356.686645507812,0.97040331363678,2.96033936738968,16.5087251663208,0,2.89124393463135,1.92203593254089,48.7273763418198,0,156.298893332481,27.1902933120728,0,18.3628780841827,13.5252030491829,581.6799467206,92.0806235074997,374.152357041836,0,0,9.57022792100906,44.1596481204033,3.86159443855286,12.5705714821815
0,0,0,0,0,0,0,0,5.19980764389038,0,0,0,0,0,0,0,0,0,0,0,0,0,0,0,0,0,0,0,0,0,0,0,0,0,0,0,0,2.93914753198624,1.00537180900574,0,0,0,54.1445905566216,4.88023245334625,25.3752325177193,1.95629841089249,33.9020947217941,0,1.00842940807343,7.8876331448555,0,3.87367701530457,18.8311887979507,4.81289631128311,305.892648220062,132.859099924564,703.162993311882,5.00615841150284,191.794812977314,0.980870842933655,78.3553984165192,0,335.539296507835,1.88855850696564,0,0,0,0,28.5451999306679,0.979158580303192,0,4.81567829847336,4.89634847640991,0,0,0,63.4834492206573,7.78184080123901,5.98411631584167,0,15.7076916694641,0,10.8519642353058,0.982849478721619,4.9599130153656
0,0.909887671470642,0,8.00452077388763,0,1.0052924156189,4.01999914646149,0,36.0749178528786,40.2253850102425,0,1.98866575956345,0,1.03359007835388,0.907208979129791,0,0,0,0,3.03255617618561,0,8.82058036327362,0,44.9655903577805,0,0,0,32.5184271335602,0,0.968167126178741,0,0,0,0,0,11.3226447701454,0,2.92414963245392,1.0168582201004,0,0,0,15.0387402176857,0.995446503162384,0.977441966533661,1.96464604139328,13.9049336314201,0,1.82372856140137,0.988684296607971,37.4548660516739,0,16.742670238018,2.01186382770538,0,9.78823792934418,5.00615841150284,53.8790038824081,18.6972221136093,1.07766401767731,15.6251801252365,0.907373070716858,2.95047622919083,4.88729214668274,0.989530384540558,0,0,0,7.86589902639389,0,82.903664290905,0,255.035807967186,13.3051134347916,0,53.7535768151283,80.8414717912674,1.93405079841614,0,0,0,0,4.0185045003891,0,2.01054131984711
0,0,0,0,0,0,0,0,20.4112050533295,0,0,1.06596338748932,0,0,0,0,0,0,0,0,0,0,0,5.35539674758911,0,0,0,0,0,0,0,0,0,0,0,0,0,0,0,7.6310967206955,0,0,29.3641347289085,0,19.3288722038269,1.89713144302368,11.8006529211998,0.953411042690277,0,0,0,1.96536320447922,99.8424532413483,0,291.089555859566,283.963223934174,191.794812977314,18.6972221136093,1098.49881148338,0,118.249045729637,0,107.176005780697,0,0,0,0,0,78.053061902523,0,0,0.934113442897797,13.8727857470512,0,0,0,252.93225902319,16.333131313324,0,0,0,0,15.3295820951462,11.8303682804108,1.00212001800537
0,0,0,0,0,0.992190539836884,0,0,0,0,4.83996331691742,0.97278755903244,13.7416694760323,0,0,0,0,0,0,0,1.01127123832703,0,1.02186119556427,2.0114648938179,5.93858850002289,0.966061353683472,2.99538326263428,2.01835888624191,0,0,0.992505252361298,0,0,0,0.997131168842316,2.99569535255432,0,1.99201917648315,0.987454175949097,9.92523121833801,0,0.998239874839783,59.5803117752075,59.0131713151932,113.94919782877,68.0022911429405,39.1734688282013,6.01336860656738,7.86144870519638,1.00787854194641,0,0.994369924068451,0,0,1.04706740379333,4.80219864845276,0.980870842933655,1.07766401767731,0,489.033048331738,1.94540351629257,94.9129822254181,9.72263473272324,0,0.968885123729706,6.77138942480087,145.542599916458,22.6366767287254,3.04134339094162,4.89908581972122,0.994240164756775,4.86402708292007,2.07525956630707,15.7961393594742,59.7622163891792,10.85677754879,11.8896286487579,12.8583503365517,1.93901020288467,17.5252606868744,19.6597257852554,0,160.584843575954,8.950219810009,11.0291031002998
0,0,0,1.01707708835602,0.948550999164581,1.97076284885406,1.03435373306274,0,5.88302689790726,1.15755319595337,0,9.95047509670258,0,0,1.99409139156342,0,0,0,0,3.99451541900635,0,0,0,7.36716043949127,0,0,0,0,0,0,0,0,0,0.986727297306061,45.0188540816307,1.97530287504196,0,0,0,12.9542886614799,0,0,41.3344056606293,0,18.4092266559601,0.962161421775818,56.0963191390038,0,0,0,0,0,89.9613324999809,1.94936209917068,123.691537499428,2.90889465808868,78.3553984165192,15.6251801252365,118.249045729637,1.94540351629257,540.466836929321,0,40.8943185210228,10.8656929731369,0,0,0,0,134.633575797081,0,0,0,13.7058037519455,0,0,0,34.6374574303627,15.3045927882195,0.943601489067078,0,1.89281958341599,0,12.4898294210434,82.8788906335831,4.84834092855453
0,4.9059322476387,0,0,0,0,0,0,0,0,48.9743978381157,0,127.228116452694,0,0,0,0,0,0,0,0,1.84992033243179,0,0,28.8347606062889,17.0310212373734,13.7684108614922,0,0,0,34.3535699248314,0,0,4.88513243198395,0,0,1.96228176355362,1.95553547143936,0,0,0,0.974904656410217,0,34.2311778068542,25.2406243681908,0.943124294281006,2.92351394891739,0,13.7699980735779,0,4.02820658683777,0,0,0,0,0,0,0.907373070716858,0,94.9129822254181,0,176.532637894154,0.933688879013062,0,0,0,2.95388978719711,1.87950104475021,0,0,0,0,0,102.222076773643,6.83601981401443,52.2506123185158,0,2.88567912578583,0,25.7162401080132,1.92009991407394,0,27.2191591262817,0,0
0,0,0,0,0,0,0,0,0,0,0,0,0,0,0,0,0,0,0,0,0,0,0,0,0,0,0,0,0,0,0,0,0,0,0,0,0,0,0,0,0,0,88.2406086325645,3.98017930984497,47.8106890320778,10.8510674238205,17.206182718277,1.00692129135132,0,145.450932502747,0.996754884719849,11.1493097543716,11.3826224207878,0,29.7387196421623,356.686645507812,335.539296507835,2.95047622919083,107.176005780697,9.72263473272324,40.8943185210228,0.933688879013062,671.696368038654,0.959057927131653,0.979437589645386,8.96443855762482,3.89723002910614,2.89756482839584,16.1240112185478,6.68440586328506,0,39.8140688538551,15.6462731361389,0.96104496717453,0.982578158378601,0,56.1178100705147,212.447687327862,118.518883526325,0.929638922214508,8.78060615062714,11.6779771447182,41.1946016550064,0,1.96561056375504
0,0,0,0,0,0.98228520154953,0,0,0,0,0,0,0,0,0,0,0,0,0,0,0,0,0,0,0,0,0,0,0,0,0,0,0,0,0,0,0,0,0,2.0127979516983,0,0,5.86289584636688,0,1.03960525989532,0.954358339309692,26.9306426644325,0,0,0,0,0,5.73560696840286,58.2622075676918,27.6493136882782,0.97040331363678,1.88855850696564,4.88729214668274,0,0,10.8656929731369,0,0.959057927131653,20.0320722460747,0,0,0,0,1.9228532910347,0,0,0,18.2940503358841,0,0,0,0.971822321414948,0.962233424186707,0,0,0,0,0,0,0
0,0.985935926437378,2.85542768239975,0,0,0,0,0,2.00904005765915,0,0,0,0,0,0,111.225428044796,0,0,0,0,29.682815849781,28.8342895507812,45.8560722470284,35.8791308403015,0,0,50.6263200044632,9.96262800693512,0,7.03938716650009,0,0,0,0,0,15.9590644836426,8.74897015094757,7.83543479442596,0.99874210357666,0,0,1.00149488449097,32.9139665365219,16.7803509235382,10.9141758084297,13.9882948994637,0,0,0,0,41.966333925724,0.959463059902191,0,0,0,2.96033936738968,0,0.989530384540558,0,0.968885123729706,0,0,0.979437589645386,0,274.407898366451,0,0,0,0,75.5067943334579,122.40080845356,73.7555859684944,62.0332695841789,1.95641428232193,0,137.944054603577,26.5422366261482,3.90344643592834,8.74477344751358,0,0,0,7.74294030666351,0,4.98230195045471
0,1.99263727664948,0.959561288356781,0,0,0,0,0,0,0,0,0,0,0,0,0,2.85206270217896,0,0,0,0,0,0.935029029846191,0,0,4.80774509906769,20.2121111750603,0,0,0,0,0,0,0,0,0.985411942005157,0.936424195766449,0,0,0,0,0,23.5695744156837,22.1543297767639,39.9490659832954,32.4186379909515,0,0,0,2.0298045873642,2.93517124652863,138.812841176987,0,0,0,16.5087251663208,0,0,0,6.77138942480087,0,0,8.96443855762482,0,0,146.014725267887,14.5767987370491,116.334661185741,0,19.4000687003136,0,208.17147308588,0,0,143.590503752232,107.746804475784,4.76558983325958,3.90858125686646,28.5969568490982,0,0,0,107.132937967777,0,0
0,0,0,0,0,0,0,0,0,0,0,0,0,0,0,0,0,0,0,0,0,0,0,0,0,1.00818562507629,2.97908067703247,0,0,0,0,0,0,0,0,0,0,0,0,0,0,0,9.87247210741043,52.5080369710922,97.7260475158691,24.4343603849411,0,0,0,0,0,0,0,0,0,0,0,0,0,145.542599916458,0,2.95388978719711,3.89723002910614,0,0,14.5767987370491,94.4501736164093,104.916813850403,0,1.91082835197449,0,2.87727928161621,0,1.88268280029297,107.044990837574,9.63477772474289,0,5.84971988201141,0,0.978820204734802,3.91189473867416,0,46.9321838617325,0,1.95489609241486
0,0.982165157794952,0,0,0,0,0,0,0,0,0,0,0,0,0,0,0.939898431301117,0,0,0,0,0,0,0,0,1.98256212472916,1.96462792158127,0,0,0,0,0,0,0,0,0,0,0,0,0,0,0,23.4649935364723,58.1412212252617,52.6552622914314,22.5282472372055,0,0,0,0,0.947838664054871,15.4802578687668,0,0,0,2.89124393463135,0,0,0,22.6366767287254,0,1.87950104475021,2.89756482839584,0,0,116.334661185741,104.916813850403,170.683302104473,0,1.96762681007385,0,31.9090210795403,0,0.947654247283936,123.71929705143,73.5169696211815,0,1.95708501338959,13.8034171462059,0,0.990238845348358,0,100.931304872036,0,0.979670166969299
0,0,0,2.0548290014267,0,0,0,0,4.07219994068146,0,0,0,0,0,0,0,0,0,0,0,0,0,0,1.08785843849182,0,0,0,0,0,0,0,0,0,0,0,0,0,0,0,4.08601820468903,0,0,14.5930935144424,0,4.82969862222672,0.950633585453033,8.73989766836166,0.958022654056549,1.07838928699493,0,0,0,126.023583114147,0,7.74536949396133,1.92203593254089,28.5451999306679,7.86589902639389,78.053061902523,3.04134339094162,134.633575797081,0,16.1240112185478,1.9228532910347,0,0,0,0,45.8911337256432,0,0,0,4.90700614452362,0,0,0,23.4277327060699,5.67605751752853,0,0,0.980962514877319,0,11.5458326935768,0,0.968036890029907
0,0,0,0,0,0,0,0,0,0,0,0,0,0,0,24.3061339259148,0,0,0,0,9.93962246179581,1.02069771289825,18.25813382864,9.90683406591415,0,0,1.93998104333878,0,0,0.974992096424103,0,0,0,0,0,4.90826761722565,0.972260713577271,0,0,0,0,0,86.4402568936348,32.5625298023224,97.2714672684669,48.458448112011,1.02185165882111,0,0.969640612602234,1.98919600248337,0,14.680404484272,0,0,0,48.7273763418198,0.979158580303192,0,0,4.89908581972122,0,0,6.68440586328506,0,75.5067943334579,19.4000687003136,1.91082835197449,1.96762681007385,0,629.333933413029,2.9102720618248,270.544432163239,9.82573920488358,0,2.87193775177002,13.729099214077,248.049556434155,9.78340005874634,292.400052845478,0,0.971874535083771,2.96331995725632,136.376675903797,0.985962629318237,21.3034790158272
0,0,0,0,0,0,0,0,6.92570835351944,0,0,0,0.972613573074341,0,0,9.91923671960831,0.968447208404541,0,0,0,6.03271007537842,73.9795882701874,6.97364765405655,24.7226125597954,0,0,25.0176500678062,2.03275245428085,0,0,0,0,0,0.989556491374969,0,2.0245189666748,1.00332403182983,0,2.02904236316681,0,0,0,1.02054619789124,1.01235628128052,1.97255611419678,1.00593900680542,1.91039967536926,0,1.00178003311157,0,40.796202480793,0,0,0,0,0,0,82.903664290905,0,0.994240164756775,0,0,0,0,122.40080845356,0,0,0,0,2.9102720618248,111.513816833496,0,215.393883526325,5.97905206680298,0,79.2338514328003,0.98692125082016,0,0,0.96062707901001,0,0,0.95513641834259,0,0
0,1.91483002901077,23.1689491868019,0,0,0,0,0,0,0,0,0,0.981020629405975,0,0,109.188290894032,0.937318742275238,0,0,0,14.4492411017418,11.8143277168274,96.7008457183838,1.94431847333908,0,0,138.612703502178,0,0,0,0,0,0,2.87126934528351,0,7.63302701711655,12.1638339757919,4.79898750782013,6.68308961391449,0,0,0,211.33738219738,149.717841625214,249.17661100626,265.357883274555,0.985444128513336,0,0,7.97127223014832,2.9569456577301,352.734575331211,0,0,0,156.298893332481,4.81567829847336,0,0.934113442897797,4.86402708292007,0,0,39.8140688538551,0,73.7555859684944,208.17147308588,2.87727928161621,31.9090210795403,0,270.544432163239,0,833.725056350231,28.4773977398872,0,67.897190451622,276.134316802025,182.803081452847,18.5322264432907,121.860169172287,0,4.87151181697845,3.83340764045715,143.550852537155,0.983557820320129,43.0043802857399
0,1.00074636936188,0,10.0253716111183,0.999373555183411,0,10.4987627863884,2.12132585048676,72.7104892730713,10.4647842049599,0,1.9746972322464,1.00835120677948,0,0,27.6322434544563,0,0,0,5.03829121589661,6.95968097448349,20.6064602732658,7.95599508285522,275.354346096516,0,0,0,60.2072893977165,2.0210816860199,0.983325898647308,0,0,1.00115621089935,0,0,52.4272662401199,3.97424459457397,1.01664447784424,0.995556116104126,6.43949556350708,0,1.03671765327454,66.0525873303413,5.93297356367111,19.5352236032486,7.77925872802734,38.0453779101372,0,1.0391800403595,0,38.2282067537308,0.950737833976746,35.8344615697861,0,2.00231736898422,27.1902933120728,4.89634847640991,255.035807967186,13.8727857470512,2.07525956630707,13.7058037519455,0,15.6462731361389,18.2940503358841,62.0332695841789,0,0,0,4.90700614452362,9.82573920488358,215.393883526325,28.4773977398872,772.3053175807,2.85613638162613,0,55.8863849043846,233.48099476099,14.3054218888283,18.6092724204063,0,0,4.85092145204544,11.6606208086014,0,6.90482014417648
0,1.97910779714584,0,0,0,0,0,0,0,0,13.6953438520432,0,37.8113954663277,0,0,0,0,0,0,0,0,1.95514607429504,0,0,40.9154676198959,4.96209985017776,19.7719291448593,0,0,0,12.9998131394386,0,0,3.87036317586899,0,0,2.94083505868912,1.97016453742981,0,0,0,1.97906196117401,0,4.8982492685318,11.6947604417801,3.91446083784103,0,0,13.9512374401093,0,21.7392054796219,0,0,0,0,0,0,13.3051134347916,0,15.7961393594742,0,102.222076773643,0.96104496717453,0,1.95641428232193,0,1.88268280029297,0.947654247283936,0,0,5.97905206680298,0,2.85613638162613,45.5472832918167,1.94621896743774,160.560698986053,0,0,0,16.7282196879387,0,0,13.5783247351646,0,0
0,16.6280137300491,3.89891022443771,0,0,0,0,0,0,0,3.93416053056717,0,7.84844434261322,0,0,0,5.86521416902542,0,0.983901977539062,0,0,0.958449840545654,0.917715787887573,0,9.90744584798813,212.585601508617,294.044109284878,0,0,0,29.6177864670753,0,0,2.85058856010437,0,1.96996223926544,15.5354270935059,7.70507884025574,0.964028179645538,0,0,0,83.2009124159813,331.789120793343,103.629366874695,64.0583441853523,0,0,2.90690737962723,3.9662858247757,4.83983743190765,239.053773164749,0,0,0,18.3628780841827,0,0,0,59.7622163891792,0,6.83601981401443,0.982578158378601,0,0,143.590503752232,107.044990837574,123.71929705143,0,2.87193775177002,0,67.897190451622,0,1.94621896743774,1073.31740218401,299.417540967464,3.75867676734924,4.83289206027985,14.8832731842995,16.677695453167,1.93812638521194,0,36.4788267612457,0,2.87875401973724
0,75.2351680994034,86.1732903718948,0,0,0,0,0,0,0,1.99272614717484,0,27.7500720024109,0,0,42.1664692163467,30.0962020754814,2.0262833237648,2.93090426921844,0,0,36.6351197361946,97.9737266302109,2.94506561756134,16.8380115032196,206.575031816959,947.010031580925,0,0,0,28.6468114852905,0,0,13.4756136536598,0,15.7594548463821,62.6674872040749,33.9641288518906,19.4762223958969,0,0,0,217.742466509342,161.575258851051,164.068246364594,181.600933074951,0.98645406961441,0,1.02618956565857,0.999030649662018,259.985046625137,316.874373555183,0.957506239414215,0,0,13.5252030491829,0,53.7535768151283,0,10.85677754879,0,52.2506123185158,0,0,137.944054603577,107.746804475784,9.63477772474289,73.5169696211815,0,13.729099214077,79.2338514328003,276.134316802025,55.8863849043846,160.560698986053,299.417540967464,1509.26655369997,25.422887980938,0,2.90237575769424,24.5775734186172,1.00587177276611,0.985148191452026,58.0774507522583,0,7.94640910625458
0,0,0,0,0,0,1.06934344768524,0,57.7302300930023,0,0,1.00977158546448,0.989139318466187,0,0,4.95019459724426,0,0,0,0,1.01840233802795,3.03856086730957,0.954480946063995,142.27662563324,0,0,0,15.4168892502785,0,0,0,0,0,1.01642000675201,0,28.3158130645752,0.968151390552521,0,0,9.80571991205215,0,0,208.014968395233,12.6307585835457,137.540486335754,53.0787760019302,46.193094432354,4.87987118959427,1.02143478393555,1.97526907920837,0.962563037872314,24.263236284256,132.021383106709,0,60.2551984190941,581.6799467206,63.4834492206573,80.8414717912674,252.93225902319,11.8896286487579,34.6374574303627,0,56.1178100705147,0.971822321414948,26.5422366261482,4.76558983325958,0,0,23.4277327060699,248.049556434155,0.98692125082016,182.803081452847,233.48099476099,0,3.75867676734924,25.422887980938,999.114968001842,64.6123539209366,347.326804935932,0,0,22.2851197719574,87.491318821907,1.97219216823578,16.9631634950638
0,0,0,0,0,0,0,0,0.988961279392242,0,0,0,0,0,0,1.00626301765442,0,0,0,0,0,0.982179760932922,0,0,0,0,0,0,0,0,0,0,0,0,0,0,0,0,0,0,0,0.982014417648315,34.2868341803551,0.986575603485107,40.1314766407013,3.90187984704971,3.84578377008438,2.95404249429703,1.0060042142868,72.6368147730827,0,2.00992560386658,1.9279665350914,0,5.78873980045319,92.0806235074997,7.78184080123901,1.93405079841614,16.333131313324,12.8583503365517,15.3045927882195,2.88567912578583,212.447687327862,0.962233424186707,3.90344643592834,3.90858125686646,5.84971988201141,1.95708501338959,5.67605751752853,9.78340005874634,0,18.5322264432907,14.3054218888283,0,4.83289206027985,0,64.6123539209366,656.848582088947,77.2293994426727,0.955156087875366,6.97264623641968,103.445864200592,64.7106482386589,0.987027883529663,4.00655227899551
0,0,0,0,0,0,0,0,1.97054409980774,0,0,0,0,0,0,2.98809510469437,0,0,0,0,6.88865774869919,1.99912732839584,1.95692223310471,3.94843763113022,0,0,0,5.08219826221466,0,0,0,0,0,0,0,6.85965621471405,0,0,0,0,0,0,116.653690874577,7.8831450343132,46.8686546087265,12.7413446307182,2.9320387840271,1.00723540782928,0,44.7620782852173,0,4.93517082929611,0,0,0,374.152357041836,5.98411631584167,0,0,1.93901020288467,0.943601489067078,0,118.518883526325,0,8.74477344751358,28.5969568490982,0,13.8034171462059,0,292.400052845478,0,121.860169172287,18.6092724204063,0,14.8832731842995,2.90237575769424,347.326804935932,77.2293994426727,553.780155241489,0,0.962619066238403,11.7045758366585,103.432429552078,0,11.8902019262314
0,0,0,0,0,0,0,0,0,0,13.7739869952202,0,46.3455889225006,0,0,0,0,0,0,0,0,0,0,0,8.82627087831497,42.3193088769913,11.8091734647751,0,0,0,32.5284367799759,0,0,0.980392634868622,0,0,0.953704357147217,0.946134567260742,0,0,0,0.975092053413391,0,25.324241399765,24.1322332620621,8.71089679002762,0,0,0.988615751266479,0,0.985311985015869,0,0,0,0,0,0,0,0,17.5252606868744,0,25.7162401080132,0.929638922214508,0,0,0,0.978820204734802,0,0,0,0.96062707901001,0,0,16.7282196879387,16.677695453167,24.5775734186172,0,0.955156087875366,0,22.7299981117249,0,0,4.81340765953064,0,0
0,0,0,0,0,0,0,0,0,0,0,0,0,0,0,0,0,0,0,0,0,0,0,0,0,0,0,0,0,0,0,0,0,0,0,0,0,1.01226770877838,0,0,0,2.01629316806793,29.7344352602959,2.00414687395096,23.8316767215729,4.00356191396713,9.80259424448013,1.02215981483459,1.00920474529266,0,0,0,0,9.02648532390594,8.63489466905594,0,15.7076916694641,0,0,19.6597257852554,1.89281958341599,1.92009991407394,8.78060615062714,0,0,0,3.91189473867416,0.990238845348358,0.980962514877319,0.971874535083771,0,4.87151181697845,0,0,1.93812638521194,1.00587177276611,0,6.97264623641968,0.962619066238403,0,29.0696141719818,1.01919436454773,95.2068595290184,0,6.03356742858887
0,0,0,0,0,0,0,0,2.052077293396,0,0,0,0,0,0,1.00333595275879,0,0,0,0,1.0241197347641,0,0,5.35516571998596,0,0,0,0,0,0,0,0,0,0,0,1.01424896717072,0,0,0,0,0,0,0,0.956067144870758,3.90720176696777,0.969890534877777,0,0,0,0.99667090177536,0,0.983432650566101,0,0,0,9.57022792100906,0,0,0,0,0,0,11.6779771447182,0,0,0,0,0,0,2.96331995725632,0,3.83340764045715,4.85092145204544,0,0,0.985148191452026,22.2851197719574,103.445864200592,11.7045758366585,0,1.01919436454773,20.9414395093918,4.88156116008759,0.98896336555481,0
0,0,0,0,0,0,0,0,0,0,0,0,3.88672238588333,2.98459732532501,0,0,0,0,0,0,0,0,0.947720527648926,2.16321742534637,1.9428922533989,0,0.988742828369141,1.05745887756348,0.979037404060364,0,0,0,0,2.94686365127563,0.982691526412964,0,2.81720465421677,1.99049335718155,3.00332021713257,0,0,1.01861834526062,34.8285385966301,16.4030110239983,90.824304163456,22.5973443388939,4.87770700454712,2.00455117225647,8.92118769884109,0.981221854686737,6.8635505437851,8.68860065937042,0.940255522727966,47.2855054140091,17.7419400811195,44.1596481204033,10.8519642353058,4.0185045003891,15.3295820951462,160.584843575954,12.4898294210434,27.2191591262817,41.1946016550064,0,7.74294030666351,107.132937967777,46.9321838617325,100.931304872036,11.5458326935768,136.376675903797,0.95513641834259,143.550852537155,11.6606208086014,13.5783247351646,36.4788267612457,58.0774507522583,87.491318821907,64.7106482386589,103.432429552078,4.81340765953064,95.2068595290184,4.88156116008759,230.070105791092,6.85892283916473,12.9525409936905
0,0,0,0,0,11.8013098239899,0,0,0,0,0,40.3157677650452,0,0,2.96231681108475,0,0,0,0,0,0,0,0,0,0,0,0,0,0,0,0,0,0,3.9658539891243,2256.7272464633,20.2766923904419,6.86279046535492,0.990870237350464,33.4314835071564,0,0,0,115.702225804329,15.0209872722626,24.7764626741409,68.8453820943832,3.04148322343826,10.9983021616936,0,0,0,0,0,0,51.692568063736,3.86159443855286,0.982849478721619,0,11.8303682804108,8.950219810009,82.8788906335831,0,0,0,0,0,0,0,0,0.985962629318237,0,0.983557820320129,0,0,0,0,1.97219216823578,0.987027883529663,0,0,0,0.98896336555481,6.85892283916473,4693.50290799141,740.420278847218
0,0,4.00520038604736,0,2.9656445980072,7.88338398933411,4.85939639806747,3.92206716537476,9.93758589029312,3.92817836999893,0.992560148239136,7.81616503000259,0,0,0.997315943241119,4.01514136791229,3.00180441141129,0,0,0,42.9431060552597,1.01484978199005,48.6553281545639,4.8756068944931,0,4.90154409408569,15.0014857053757,12.7972648143768,9.93315136432648,29.7070855498314,0,3.89091217517853,0,24.9967374801636,695.98390609026,63.8637217283249,76.998847424984,53.2560223937035,301.412043750286,2.00911045074463,11.0350571274757,0,53.174362719059,46.4319239854813,37.1674741506577,301.625628352165,3.97032880783081,8.99414592981339,0,0.978775143623352,0,1.02557063102722,0.939960598945618,1.96114146709442,2.97642862796783,12.5705714821815,4.9599130153656,2.01054131984711,1.00212001800537,11.0291031002998,4.84834092855453,0,1.96561056375504,0,4.98230195045471,0,1.95489609241486,0.979670166969299,0.968036890029907,21.3034790158272,0,43.0043802857399,6.90482014417648,0,2.87875401973724,7.94640910625458,16.9631634950638,4.00655227899551,11.8902019262314,0,6.03356742858887,0,12.9525409936905,740.420278847218,56.237891793251
