0,304.403020668543,0,0,525.707202676472,0,0,641.204757666931,0,0,527.689185742508,0,0,0,0,0
304.403020668543,0,76.0966387146742,0,0,0,0,0,428.62195457953,0,0,0,0,0,286.40112249975,0
0,76.0966387146742,0,0,429.611390799598,561.591964120669,0,219.472610945917,0,0,0,15.3366423994303,0,0,0,0
0,0,0,0,0,0,0,0,446.257359283697,0,0,78.990075687734,0,0,225.855668122434,0
525.707202676472,0,429.611390799598,0,0,338.552692070681,97.5688663960055,0,0,0,0,0,121.567487251868,0,0,0
0,0,561.591964120669,0,338.552692070681,0,0,0,0,0,0,0,217.84066703143,0,405.83260445953,0
0,0,0,0,97.5688663960055,0,0,0,0,0,0,760.296620817459,0,0,104.933504819378,0
641.204757666931,0,219.472610945917,0,0,0,0,0,0,0,0,559.429956624633,0,0,0,0
0,428.62195457953,0,446.257359283697,0,0,0,0,0,0,0,0,0,786.669728672254,0,0
0,0,0,0,0,0,0,0,0,0,0,0,0,441.265988580434,0,281.164401053103
527.689185742508,0,0,0,0,0,0,0,0,0,0,0,0,0,0,491.378682255175
0,0,15.3366423994303,78.990075687734,0,0,760.296620817459,559.429956624633,0,0,0,0,0,0,0,0
0,0,0,0,121.567487251868,217.84066703143,0,0,0,0,0,0,0,0,0,223.748790821985
0,0,0,0,0,0,0,0,786.669728672254,441.265988580434,0,0,0,0,0,153.817165419931
0,286.40112249975,0,225.855668122434,0,405.83260445953,104.933504819378,0,0,0,0,0,0,0,0,0
0,0,0,0,0,0,0,0,0,281.164401053103,491.378682255175,0,223.748790821985,153.817165419931,0,0
