441.592016458511,270.616670608521,13.0671330690384,0,576.387854337692,14.9882829487324,2.85673695802689,574.142069995403,28.4038435220718,0.435980439186096,598.160831153393,11.7235133051872,34.7630488574505,7.37741327285767,0.578495129942894,40.3298721909523
270.616670608521,239.848075509071,48.7458021640778,13.0183264613152,19.3708041906357,38.6963651180267,2.21321482956409,19.5643956065178,250.086416304111,253.964510142803,1.2791248857975,11.6230010986328,23.9566042423248,3.75748914480209,197.50867497921,33.914759516716
13.0671330690384,48.7458021640778,277.108644485474,64.9188944101334,503.875268340111,717.067563414574,45.8083929121494,201.670842826366,41.2346757948399,1.27958646416664,0,11.2616549134254,4.24529922008514,0.361859381198883,12.3304328918457,0
0,13.0183264613152,64.9188944101334,7.90945053100586,13.1745699048042,34.6689990460873,15.6932289898396,69.4613357186317,341.044774860144,14.0227283537388,0,73.9606372117996,0,8.86983144283295,166.809269696474,5.43355762958527
576.387854337692,19.3708041906357,503.875268340111,13.1745699048042,498.219990372658,364.470762372017,114.13430917263,10.14208355546,1.95309919118881,4.88875293731689,4.49646282196045,16.0460180044174,18.1454336643219,0,26.4618743062019,11.3469768762589
14.9882829487324,38.6963651180267,717.067563414574,34.6689990460873,364.470762372017,359.375876665115,42.8291299343109,87.8945164084435,17.30623960495,4.65623557567596,0,5.72083249688148,122.248991847038,0,236.887599885464,10.0123199224472
2.85673695802689,2.21321482956409,45.8083929121494,15.6932289898396,114.13430917263,42.8291299343109,71.4193558096886,21.0285228490829,0,0,0,970.378240406513,5.78546845912933,0,10.5274315625429,0
574.142069995403,19.5643956065178,201.670842826366,69.4613357186317,10.14208355546,87.8945164084435,21.0285228490829,137.825835108757,0.646618127822876,0.928099364042282,1.92787170410156,513.822777807713,81.1765873432159,3.72950446605682,18.4513621628284,28.3620269298553
28.4038435220718,250.086416304111,41.2346757948399,341.044774860144,1.95309919118881,17.30623960495,0,0.646618127822876,520.119106769562,17.3643987178802,2.06744313240051,0,0,1064.40161788464,33.3475675284863,162.198709905148
0.435980439186096,253.964510142803,1.27958646416664,14.0227283537388,4.88875293731689,4.65623557567596,0,0.928099364042282,17.3643987178802,134.406393885612,0.231291994452477,0,0,407.168257057667,23.9023804664612,184.876479119062
598.160831153393,1.2791248857975,0,0,4.49646282196045,0,0,1.92787170410156,2.06744313240051,0.231291994452477,321.659380078316,0,0.0857119932770729,0,0,428.016803085804
11.7235133051872,11.6230010986328,11.2616549134254,73.9606372117996,16.0460180044174,5.72083249688148,970.378240406513,513.822777807713,0,0,0,424.879460930824,106.396167755127,0,1.27370564639568,4.43903052806854
34.7630488574505,23.9566042423248,4.24529922008514,0,18.1454336643219,122.248991847038,5.78546845912933,81.1765873432159,0,0,0.0857119932770729,106.396167755127,176.521429777145,2.09840679168701,6.01496839523315,168.05820864439
7.37741327285767,3.75748914480209,0.361859381198883,8.86983144283295,0,0,0,3.72950446605682,1064.40161788464,407.168257057667,0,0,2.09840679168701,346.184216022491,0,153.761780142784
0.578495129942894,197.50867497921,12.3304328918457,166.809269696474,26.4618743062019,236.887599885464,10.5274315625429,18.4513621628284,33.3475675284863,23.9023804664612,0,1.27370564639568,6.01496839523315,0,200.377565026283,2.68301248550415
40.3298721909523,33.914759516716,0,5.43355762958527,11.3469768762589,10.0123199224472,0,28.3620269298553,162.198709905148,184.876479119062,428.016803085804,4.43903052806854,168.05820864439,153.761780142784,2.68301248550415,97.8258130550385
