497.54441511631,282.111255645752,3.96079821884632,0.179311875253916,467.152238577604,8.39428141713142,0.645019110292196,739.919772565365,28.2172566354275,0.9575240239501,555.925698965788,1.53128145635128,9.78236868977547,0,2.01214471459389,21.076307028532
282.111255645752,442.080848932266,49.163026869297,1.51768407225609,2.81704512238503,43.7552036046982,4.15553456544876,28.9260070621967,340.705906540155,153.577779233456,0,17.1990088224411,17.0505087375641,0.202198833227158,269.248339116573,22.8731089830399
3.96079821884632,49.163026869297,427.599217772484,52.5779333114624,518.66216018796,711.161815464497,4.14459003508091,243.519587188959,10.4762990772724,0.676833279430866,0,8.68909758329391,29.6179412305355,0,5.98673215508461,0.0374023169279099
0.179311875253916,1.51768407225609,52.5779333114624,40.6272723674774,0.10486001521349,40.4853645265102,26.4351589083672,56.7281979322433,567.49752292037,35.5964958071709,0,42.7765005528927,1.81423428654671,0.593908429145813,260.50478002429,3.5470005273819
467.152238577604,2.81704512238503,518.66216018796,0.10486001521349,612.057915449142,442.791503369808,91.1135617494583,23.2834641337395,5.15595215559006,4.83286261558533,6.26401078701019,29.0082010030746,58.7141976952553,0,27.3529139459133,6.03290033340454
8.39428141713142,43.7552036046982,711.161815464497,40.4853645265102,442.791503369808,596.197400331497,53.418818295002,60.0707197785378,19.2389090359211,1.71431040763855,0,18.775864481926,137.701087713242,0,390.142684996128,11.9445087611675
0.645019110292196,4.15553456544876,4.14459003508091,26.4351589083672,91.1135617494583,53.418818295002,129.304215729237,55.3670499920845,8.56101925671101,6.52216708660126,0,1022.3109177351,1.34504687786102,0.0221022963523865,24.2154504954815,3.67175936698914
739.919772565365,28.9260070621967,243.519587188959,56.7281979322433,23.2834641337395,60.0707197785378,55.3670499920845,101.690713047981,32.6971807479858,5.68332609534264,0,488.279202520847,76.7197198271751,0.700213894248009,33.2676345705986,21.2339534163475
28.2172566354275,340.705906540155,10.4762990772724,567.49752292037,5.15595215559006,19.2389090359211,8.56101925671101,32.6971807479858,623.978904247284,14.8930570781231,0.906378448009491,7.86398780345917,3.74893403053284,929.280564963818,49.9808130860329,123.692041665316
0.9575240239501,153.577779233456,0.676833279430866,35.5964958071709,4.83286261558533,1.71431040763855,6.52216708660126,5.68332609534264,14.8930570781231,142.010882854462,0,3.02976906299591,1.017951130867,364.32280638814,66.1077765226364,108.28712195158
555.925698965788,0,0,0,6.26401078701019,0,0,0,0.906378448009491,0,284.624135792255,2.12533283233643,0,0,0.115872845053673,346.963299363852
1.53128145635128,17.1990088224411,8.68909758329391,42.7765005528927,29.0082010030746,18.775864481926,1022.3109177351,488.279202520847,7.86398780345917,3.02976906299591,2.12533283233643,535.114539265633,94.1858942210674,0,17.6205008029938,9.05622923374176
9.78236868977547,17.0505087375641,29.6179412305355,1.81423428654671,58.7141976952553,137.701087713242,1.34504687786102,76.7197198271751,3.74893403053284,1.017951130867,0,94.1858942210674,229.564500808716,9.25954151153564,18.2871681153774,139.559374213219
0,0.202198833227158,0,0.593908429145813,0,0,0.0221022963523865,0.700213894248009,929.280564963818,364.32280638814,0,0,9.25954151153564,496.108314394951,0,156.350452542305
2.01214471459389,269.248339116573,5.98673215508461,260.50478002429,27.3529139459133,390.142684996128,24.2154504954815,33.2676345705986,49.9808130860329,66.1077765226364,0.115872845053673,17.6205008029938,18.2871681153774,0,221.396821677685,1.37177568674088
21.076307028532,22.8731089830399,0.0374023169279099,3.5470005273819,6.03290033340454,11.9445087611675,3.67175936698914,21.2339534163475,123.692041665316,108.28712195158,346.963299363852,9.05622923374176,139.559374213219,156.350452542305,1.37177568674088,62.9857771098614
