306.328877866268,298.28502458334,15.4097701013088,2.42159140110016,537.654477626085,22.8742683529854,8.40058493614197,643.052255630493,62.8127331733704,7.92830249667168,665.491720944643,11.5909371376038,48.4432678818703,0,13.9742859899998,38.295407474041
298.28502458334,214.091041505337,42.6131163835526,15.5494744181633,16.0465303063393,118.588630795479,9.52554026246071,30.9024465680122,323.854550153017,200.934909850359,1.50960350036621,3.19946479797363,27.4045891165733,3.76419389247894,237.842159450054,27.6866142749786
15.4097701013088,42.6131163835526,218.00262132287,67.4283814430237,518.099445521832,775.635271549225,41.6411294937134,303.114433288574,41.0744759440422,6.64357337355614,0,19.3442931771278,36.1492882668972,0,19.6229850649834,0.997705072164536
2.42159140110016,15.5494744181633,67.4283814430237,28.2798456549644,7.38835048675537,43.1878567934036,26.1178785562515,78.3544791936874,593.900269687176,41.494280487299,0,52.5402861833572,1.85612547397614,2.24243140220642,260.082045197487,3.62615191936493
537.654477626085,16.0465303063393,518.099445521832,7.38835048675537,429.974407315254,352.576677680016,96.871554672718,23.3525293469429,13.9212957620621,0.642102479934692,0,33.7718101143837,92.7214680314064,0,52.4069669246674,4.20279508829117
22.8742683529854,118.588630795479,775.635271549225,43.1878567934036,352.576677680016,352.474235475063,63.1269563436508,86.7875660955906,16.1053465306759,10.7424207925797,0,22.0046194791794,144.390491485596,0,432.822899013758,8.30930691957474
8.40058493614197,9.52554026246071,41.6411294937134,26.1178785562515,96.871554672718,63.1269563436508,91.1444007158279,55.7758916020393,13.8013556301594,7.08465561270714,0,1003.50303009152,10.7806990742683,0,57.0330254137516,1.4349907040596
643.052255630493,30.9024465680122,303.114433288574,78.3544791936874,23.3525293469429,86.7875660955906,55.7758916020393,86.5971294045448,23.3533335626125,13.1106816530228,0,502.12517875433,66.0875941812992,2.04663288593292,92.4152062833309,15.3867121934891
62.8127331733704,323.854550153017,41.0744759440422,593.900269687176,13.9212957620621,16.1053465306759,13.8013556301594,23.3533335626125,252.760361671448,31.9824411869049,5.17460972070694,5.13682276010513,0,966.63333106041,91.002468585968,202.369219452143
7.92830249667168,200.934909850359,6.64357337355614,41.494280487299,0.642102479934692,10.7424207925797,7.08465561270714,13.1106816530228,31.9824411869049,122.352108776569,1.22582805156708,2.02244305610657,0,415.565659284592,55.0447122752666,222.032107830048
665.491720944643,1.50960350036621,0,0,0,0,0,0,5.17460972070694,1.22582805156708,179.290953159332,0,1.41620171070099,0,3.21624714136124,468.221562981606
11.5909371376038,3.19946479797363,19.3442931771278,52.5402861833572,33.7718101143837,22.0046194791794,1003.50303009152,502.12517875433,5.13682276010513,2.02244305610657,0,283.87828618288,141.177404284477,0,34.1298028230667,6.90865850448608
48.4432678818703,27.4045891165733,36.1492882668972,1.85612547397614,92.7214680314064,144.390491485596,10.7806990742683,66.0875941812992,0,0,1.41620171070099,141.177404284477,164.472058355808,9.50871229171753,26.3632706105709,182.587131559849
0,3.76419389247894,0,2.24243140220642,0,0,0,2.04663288593292,966.63333106041,415.565659284592,0,0,9.50871229171753,206.248912930489,0,109.112621247768
13.9742859899998,237.842159450054,19.6229850649834,260.082045197487,52.4069669246674,432.822899013758,57.0330254137516,92.4152062833309,91.002468585968,55.0447122752666,3.21624714136124,34.1298028230667,26.3632706105709,0,157.945261716843,7.83450710773468
38.295407474041,27.6866142749786,0.997705072164536,3.62615191936493,4.20279508829117,8.30930691957474,1.4349907040596,15.3867121934891,202.369219452143,222.032107830048,468.221562981606,6.90865850448608,182.587131559849,109.112621247768,7.83450710773468,90.7660977840424
