0,200.879921972752,0,0,478.554279863834,0,0,527.421995282173,0,0,604.756131231785,0,0,0,0,0
200.879921972752,0,33.6675323843956,0,0,0,0,0,253.920105278492,0,0,0,0,0,144.957617163658,0
0,33.6675323843956,0,0,366.584594845772,566.05081820488,0,261.514307886362,0,0,0,6.91042959690094,0,0,0,0
0,0,0,0,0,0,0,0,375.422051608562,0,0,68.2948693037033,0,0,203.566721022129,0
478.554279863834,0,366.584594845772,0,0,272.777500748634,129.59307384491,0,0,0,0,0,31.6887782216072,0,0,0
0,0,566.05081820488,0,272.777500748634,0,0,0,0,0,0,0,184.909787595272,0,275.64994764328,0
0,0,0,0,129.59307384491,0,0,0,0,0,0,732.402010083199,0,0,30.5075616836548,0
527.421995282173,0,261.514307886362,0,0,0,0,0,0,0,0,526.027888059616,0,0,0,0
0,253.920105278492,0,375.422051608562,0,0,0,0,0,0,0,0,0,749.768655002117,0,0
0,0,0,0,0,0,0,0,0,0,0,0,0,378.867237389088,0,354.844528079033
604.756131231785,0,0,0,0,0,0,0,0,0,0,0,0,0,0,408.724332392216
0,0,6.91042959690094,68.2948693037033,0,0,732.402010083199,526.027888059616,0,0,0,0,0,0,0,0
0,0,0,0,31.6887782216072,184.909787595272,0,0,0,0,0,0,0,0,0,205.215738773346
0,0,0,0,0,0,0,0,749.768655002117,378.867237389088,0,0,0,0,0,89.8881907463074
0,144.957617163658,0,203.566721022129,0,275.64994764328,30.5075616836548,0,0,0,0,0,0,0,0,0
0,0,0,0,0,0,0,0,0,354.844528079033,408.724332392216,0,205.215738773346,89.8881907463074,0,0
