-0.000139601614691287,0,-2.3536702428828e-05,0,0,-6.87497004037141e-06,-0.000161190605709294,-5.25991011954829e-05,0,-3.73893271898851e-06,0,-2.36287587540573e-06,0,-0.000636640224099594,0,0,-7.0949590735836e-06,0,0,0,-1.96517093513648e-05,0,-0.000259617276697099,-9.87433395494008e-06,0,0,0,-2.5024804926943e-05,-0.000122861096770066,-0.00020563388918049,0,0,0,-1.16292667371454e-05,0,0,-7.26790403859923e-06,-2.81986531263101e-05,-4.9052614485845e-06,-6.68268785375403e-06,0,0,0,0,0,0,0,0,0,0,0,0,0,0,0,0,0,0,0,0,0,0,0,0,0,0,0,0,0,0,0,0,0,0,0,0,0,0,0,0,0,0,0,0,0
0,-0.000674471686579636,0,0,0,0,0,0,-0.000496065666993672,0,-4.21939748775912e-05,0,-5.71490468246338e-05,0,0,-0.000190431156624982,0,-5.21608569670207e-07,0,0,-1.62718588399002e-05,-0.000528042541418472,-5.87949216424022e-06,-0.00032677622675692,-0.000546649634998175,-5.61496874524892e-05,-0.0022777610004141,0,-2.99759915378672e-06,0,-1.62775909302582e-05,0,-4.79981235912419e-06,-3.89292337672487e-05,0,-3.62177161150612e-05,-4.25169876052678e-05,-2.62878472767625e-05,-1.33535666009266e-05,-1.83279043994844e-05,0,0,-3.30131015289226e-05,-1.10465096554435e-05,-5.75503509026021e-06,-1.9297442122479e-05,0,0,0,0,-0.000337737297968488,-3.80886392008506e-05,0,0,0,0,0,-2.50119364864076e-06,0,0,0,-1.12334059423347e-05,0,0,-1.55192865349818e-05,-8.98848497854488e-06,0,2.97575343211065e-06,0,0,0,-2.39056307691499e-05,-2.93641987809679e-05,-1.25362307699106e-05,-6.43037756731246e-05,-0.000858354966226216,0,0,0,0,0,0,0,0,0
-2.3536702428828e-05,0,-0.00340188150300946,0,0,0,-0.000371796924355294,-0.000159292216721951,0,0,0,0,0,-0.000234509911933856,0,-6.52681092105922e-06,-0.000985629697652257,-5.57259500055807e-06,-5.80494713631197e-05,0,-0.000138932690788351,-2.27831187658012e-05,-0.00403825088210397,-4.61616914435581e-05,0,-0.000529381935905349,-0.00409268902490112,-7.75553241965099e-05,-4.75928366086009e-05,-1.59700757649262e-05,0,0,0,-0.000214339519402529,0,-0.000706788177922135,-0.00042848413977481,-0.000613441078030519,-0.000562167459065677,0,0,0,-5.92207879890339e-05,-3.75209865524084e-05,-3.23267058774945e-05,-1.80911711140652e-05,0,0,0,0,-3.335986843922e-05,-0.000119772395009932,0,0,0,0,0,0,0,0,0,0,0,0,-3.65328992302238e-05,-2.96293228529976e-06,0,0,0,0,0,-0.000167091881507986,0,0,-3.56244827344199e-05,-0.00107058421940565,0,0,0,0,0,0,0,0,-4.48575906375481e-05
0,0,0,-0.000539091138158199,-1.51035253850296e-05,-5.18015718853349e-06,0,-1.56259916366253e-05,-0.000135448406467731,-0.000405923577545764,0,-6.89723047502255e-05,0,0,-9.28776082531613e-05,0,0,0,0,-0.000197087529301143,0,0,0,-0.000259813350680815,0,0,0,-0.000272225482149224,-4.57229543826543e-06,0,0,0,0,-1.65309065778274e-05,0,-2.09823764407702e-05,0,-2.63621741396491e-05,0,-6.85172890939612e-05,-2.08227879738843e-06,0,1.27531973248551e-06,0,0,0,9.33234912281478e-06,0,0,0,0,0,0,0,0,0,0,-5.80643222747312e-05,0,0,3.9642086449021e-06,0,0,0,0,0,0,0,2.37113532648436e-05,0,0,0,-8.81595690316317e-05,0,0,0,0,0,0,0,0,0,0,0,0
0,0,0,-1.51035253850296e-05,-0.000260104359995239,-0.000348678252123591,-3.89523793273838e-05,-3.03047090710606e-05,-2.07549464903423e-06,-6.17877458353178e-06,0,-6.95858906354374e-05,0,0,-0.000161137705447345,0,0,0,0,-1.14911757691516e-05,0,0,0,-6.68585396397248e-05,0,0,0,-1.33991800339572e-05,0,0,0,-4.78564049899433e-05,0,-0.000310084519725251,0,-0.00030117470737423,-1.58716088662914e-05,-7.47033172956435e-05,0,-0.000476807783250877,-0.000303832740286225,0,0,0,0,0,8.69882023835089e-06,0,0,0,0,0,0,0,0,0,0,0,0,0,4.61277778640579e-07,0,0,0,0,0,0,0,0,0,0,0,-4.44165925728157e-06,0,0,0,0,0,0,0,0,0,0,0,-2.51321384894254e-05
-6.87497004037141e-06,0,0,-5.18015718853349e-06,-0.000348678252123591,-0.00207687582250315,-0.000209631036454994,-0.00194976500705479,-4.66181281808531e-05,-0.000804202086307271,-1.23909594549332e-05,-0.000198515296617074,0,-0.000164441635888579,-0.000187769908450264,0,0,0,0,-3.04179074959166e-05,0,0,0,-4.2646761812648e-05,0,0,0,-0.000127778460068839,-1.87529606705539e-05,0,0,-5.70044151118054e-05,0,-0.000215690080722197,-0.000763668546426288,-0.000660891790516871,-1.01015421023476e-05,-6.12782857842831e-05,-2.20220590563258e-05,-0.000533097813672612,-3.83023916583625e-06,-1.17491090350086e-05,0,0,-1.08402201703939e-06,-3.39668468996024e-06,9.19717945180309e-06,0,-7.64704691391671e-06,0,0,0,0,0,0,0,0,-2.3630174837308e-05,0,-5.49596143173403e-06,3.64218226422963e-06,0,0,1.6733461052354e-06,0,0,0,0,0,0,0,0,0,0,0,0,0,0,0,0,0,0,0,-8.93678461579839e-05,-8.31687934805814e-05
-0.000161190605709294,0,-0.000371796924355294,0,-3.89523793273838e-05,-0.000209631036454994,-0.0036559177923885,-0.00129054550222918,-0.00013626772306452,-0.00130444161356991,0,-6.71024986331759e-06,0,-0.00158819620722284,-1.68029419000959e-06,-7.2262846515514e-06,0,0,0,0,-0.000132811740598981,0,-0.000397857637381094,-0.000399603521145764,0,0,-0.000121701801617746,-0.00426812841919855,-0.000490917843649186,-0.000915901478009573,0,0,-5.97539474256337e-06,-0.000324798265864956,-1.13586274892441e-05,-0.00119099881476359,-2.53286689257948e-05,-0.000416277120393715,-6.02929530941765e-05,-0.000227021134378447,-3.64304414688377e-05,0,-0.000121009408758255,0,0,0,0,0,0,0,0,0,0,0,0,0,0,-9.26675197661098e-05,0,0,-6.033278623363e-06,0,0,0,0,0,0,0,0,0,0,0,-0.000525198438481311,0,0,0,-7.76581364334561e-05,0,0,0,0,0,0,0,-5.34444698132575e-05
-5.25991011954829e-05,0,-0.000159292216721951,-1.56259916366253e-05,-3.03047090710606e-05,-0.00194976500705479,-0.00129054550222918,-0.00705545728018109,-0.000229732187563059,-0.00110809183627225,2.65273416744094e-06,-0.00021675462278381,0,-0.00269577765223872,-1.58489505110992e-05,0,-5.28290593138081e-06,0,0,-0.000126547928971377,-7.26411590221687e-05,0,-0.000702565153687829,-4.10250172535598e-05,0,-1.90896889762371e-06,0,-0.000487887667304676,-0.000175235001222518,-0.000386427261048539,0,-6.89431623186465e-05,0,-0.000133182199988369,-2.74497979262378e-05,-0.000484510566025165,-5.49841972770082e-05,-0.000219284454715307,-6.79878480696061e-05,-0.000200968622607434,-9.06496643438004e-06,-2.97633869195124e-06,0,0,1.02527155831922e-05,4.74399394079228e-06,0,0,-4.03853255193098e-06,0,0,0,0,0,0,0,0,0,0,0,0,0,0,0,0,0,0,0,0,0,0,0,-9.80932400125312e-05,0,0,0,0,0,0,0,0,0,0,0,-2.28844751291035e-05
0,-0.000496065666993672,0,-0.000135448406467731,-2.07549464903423e-06,-4.66181281808531e-05,-0.00013626772306452,-0.000229732187563059,-0.000521035630754341,-0.00047918760083121,-4.73576619697269e-06,-7.05362774056084e-06,-1.75393863628415e-05,-4.33671830251114e-05,-6.64531141865154e-05,-4.14503683714429e-05,0,0,0,-4.90253160023713e-05,0,-0.00137829003779188,0,-0.00435295475313069,-0.000346706590789836,-1.98404632101301e-05,-0.000911201211010848,-0.000888680459183888,-0.000245000619543134,0,0,0,-1.97616459445271e-05,-0.000112458237254032,0,-0.00101274025337261,-4.99435045639984e-05,-0.000128443261473876,0,-0.000237318832660094,0,0,-6.42235954728676e-05,0,-4.92527624373906e-06,-9.64497394306818e-06,-5.15782488719196e-05,0,0,0,-1.27022631204454e-05,0,-7.22320301065338e-05,0,0,-0.000139548568768078,-0.000165791065228404,-0.000675406841764925,-0.000221636671675185,0,-6.28850088446598e-07,0,0,0,-4.72082119813422e-05,0,0,0,-8.12132103646945e-05,0,-0.000133658876620757,0,-0.00157698861630706,0,0,0,-0.0010787513995183,-9.41742473514751e-06,-2.89862837234978e-05,0,0,-7.5363877840573e-05,0,0,-0.000180039007318555
-3.73893271898851e-06,0,0,-0.000405923577545764,-6.17877458353178e-06,-0.000804202086307271,-0.00130444161356991,-0.00110809183627225,-0.00047918760083121,-0.00538740787260394,-1.01679133877042e-05,-0.000283869515953938,0,-0.000462043542711399,-5.89375295021455e-05,0,0,0,0,-0.000285214544874179,-4.65932407678338e-06,0,0,-0.000230505050694774,0,0,0,-0.000770242820181011,-0.000224982420832021,-1.91282560990658e-06,0,0,-8.88808062882163e-06,-0.000196211015463632,-4.17395374370244e-05,-0.000812283348750498,0,-0.000305749032577296,-3.33129883074434e-05,-0.000195622274475227,-1.82264125214715e-05,0,0,0,0,0,9.3080525402911e-05,0,0,0,0,0,0,0,0,0,0,-0.000561502373443545,0,0,3.02593634842196e-05,0,0,0,0,0,0,0,0,0,0,0,-0.000250985708589724,0,0,0,0,0,0,0,0,0,0,0,-5.81996728215017e-05
0,-4.21939748775912e-05,0,0,0,-1.23909594549332e-05,0,2.65273416744094e-06,-4.73576619697269e-06,-1.01679133877042e-05,0.000802758339896625,0,-0.000189564510847617,8.69967402650218e-06,0,0,2.98941967002975e-06,0.000304994122448221,3.59029034910918e-05,0,0,-2.12403347177315e-06,-4.33898867413518e-06,0,-1.75605108516663e-05,6.13915378240293e-05,-4.64179505854645e-05,0,8.48533493069681e-05,0,-5.09357532934018e-05,1.16851753522162e-05,0,0.000253405108192162,0,-2.20298024089516e-06,-3.68103556711574e-05,3.8883131611378e-05,6.04884544941342e-06,-1.10380890419037e-05,0,-1.55013433555951e-05,0,-2.13027919500064e-05,6.74184320814675e-07,0,0,0,3.05209226780789e-06,0,0,0,0,0,0,0,0,0,0,-8.12882640843782e-06,0,-0.000109725417802409,0,0,0,0,0,0,0,0,0,0,0,-3.37135826384838e-05,-3.07593376192017e-05,-3.19178225254291e-05,0,0,0,-8.57400046356815e-05,0,0,0,0,2.70589112005837e-06
-2.36287587540573e-06,0,0,-6.89723047502255e-05,-6.95858906354374e-05,-0.000198515296617074,-6.71024986331759e-06,-0.00021675462278381,-7.05362774056084e-06,-0.000283869515953938,0,-0.000102857185122929,0,-2.76231580755848e-05,-0.000113094134079006,0,0,0,0,-0.000126732378361472,0,0,0,-1.74966207850957e-05,0,0,0,-4.90578117933183e-05,-2.22000752501117e-05,0,0,-1.04119471870945e-05,0,-7.22990803296852e-05,-0.00107369038835259,-0.000127309733613856,0,-2.79872308510676e-05,-9.92296190815978e-06,-7.41578812650801e-05,-2.6080535917572e-05,-1.08209296740824e-05,3.48311027664749e-06,0,0,0,4.60193415392496e-05,0,0,0,0,0,1.77144340796076e-05,0,0,0,0,-6.32330352345889e-06,-1.44588129842305e-05,-8.78403807291761e-06,3.96769770532046e-05,0,0,0,0,0,0,0,0,0,0,0,-3.697002057379e-06,0,0,0,-8.57523536978988e-06,0,0,0,0,0,0,-0.000181583941753161,-6.34175239611068e-05
0,-5.71490468246338e-05,0,0,0,0,0,0,-1.75393863628415e-05,0,-0.000189564510847617,0,-0.000615742913822714,0,0,0,0,5.52819642507529e-07,0,0,-3.86837309633847e-05,-3.32986273861025e-05,-1.45523454193608e-05,-4.70434024464339e-05,-0.000327288305457696,-1.38411711034792e-05,-0.000191298626674552,-6.94625773576263e-05,3.1573475780533e-06,-3.49898564309115e-05,-0.000201180850353921,-9.56575831878581e-07,0,-1.46297859489053e-05,0,-1.97160387642725e-05,-4.12119850921044e-05,-3.4320387982234e-05,-4.15729664382525e-06,-2.058454924736e-05,0,-8.393218593028e-06,0,-4.75912633630671e-05,-1.20074230380851e-06,3.58713941750466e-06,-5.21703796039219e-05,0,8.13549538136726e-06,0,-6.36539355127752e-05,0,0,0,0,0,0,0,0,-4.60591975581792e-05,0,-0.000927062838357529,0,0,0,0,0,0,0,0,-3.68495079783315e-06,-9.68777112575481e-06,-2.5342846129206e-05,-0.000242839271656692,-7.00709393868237e-05,-0.00027059574267696,-1.50652913362137e-05,0,0,-0.000389936401262503,0,0,-3.27681402723101e-06,0,0
-0.000636640224099594,0,-0.000234509911933856,0,0,-0.000164441635888579,-0.00158819620722284,-0.00269577765223872,-4.33671830251114e-05,-0.000462043542711399,8.69967402650218e-06,-2.76231580755848e-05,0,-0.00173241782740874,-2.99068760796217e-05,0,-2.17690721910913e-05,4.37346761827939e-06,0,-1.5759474308652e-05,-0.000189879652452873,0,-0.00115423155193639,-0.000130571669160418,1.05462981991877e-06,2.09342152857062e-06,0,-0.000209817254244626,-0.000991781459209307,-0.00103238774396885,0,-1.81397576035636e-05,0,-8.94899283139239e-05,0,-0.000138291320411099,-3.9049154111126e-05,-0.00015988427207958,-2.98078866762808e-05,-1.90326095435012e-05,0,-7.17881357559236e-06,0,0,0,0,0,0,0,0,0,0,0,0,0,0,0,-3.28672867908608e-05,0,0,0,0,0,0,0,0,0,0,0,0,0,0,0,0,0,0,0,0,0,0,0,0,1.45612065125533e-05,0,0
0,0,0,-9.28776082531613e-05,-0.000161137705447345,-0.000187769908450264,-1.68029419000959e-06,-1.58489505110992e-05,-6.64531141865154e-05,-5.89375295021455e-05,0,-0.000113094134079006,0,-2.99068760796217e-05,-0.000116702893762977,0,0,0,0,-2.53366443985215e-05,0,0,0,-0.000284153954453359,0,0,-1.32534032672993e-05,-0.000170659513401006,-1.60783445153356e-05,0,0,-2.57747069554171e-06,0,-2.97052692985744e-05,-6.25332284016622e-05,-6.68188839654249e-05,0,0,0,-0.000124703510834934,2.62449214005755e-06,0,0,0,0,0,0,0,0,0,0,0,0,0,0,0,0,-4.62285879621049e-06,0,0,3.73219656353285e-05,0,0,0,0,0,0,0,0,0,0,0,0,0,0,0,0,0,0,0,0,0,0,-9.46770512655348e-06,-2.44436796492664e-06
0,-0.000190431156624982,-6.52681092105922e-06,0,0,0,-7.2262846515514e-06,0,-4.14503683714429e-05,0,0,0,0,0,0,-0.00196342249478221,-8.95650828169892e-06,0,0,0,-0.000692879223322507,-0.000948280524880829,-0.00102249181668412,-0.000963525263614429,-4.46124649897683e-05,0,-0.0025862182515084,-0.000328942817304778,0,-1.97262552319444e-05,0,0,0,-2.0491007489909e-05,-9.59340923145646e-06,-0.000318291552503069,-0.000268227674496302,-0.000160547511768527,-0.00022726283305019,-1.80943152372492e-05,0,0,-0.000233854127145605,-0.000138405303914624,-5.03408409713302e-05,0,0,0,0,0,-4.94911173518631e-05,-3.43582551067811e-05,0,0,0,0,0,0,0,0,0,0,0,0,-0.0024351621709684,0,0,0,0,-0.000335909345267282,-0.00020171549749648,-0.00178203742098049,-0.000571212503018614,0,0,-0.000939639061925845,-9.62568528848351e-05,-1.43412353281747e-05,-6.12475514571997e-05,0,0,-2.41468169406289e-05,0,0,-7.61395876907045e-05
-7.0949590735836e-06,0,-0.000985629697652257,0,0,0,0,-5.28290593138081e-06,0,0,2.98941967002975e-06,0,0,-2.17690721910913e-05,0,-8.95650828169892e-06,-0.00124595806664729,-1.28992170402853e-05,-0.000207244034157839,0,-9.07777923657704e-05,0,-0.00167585675467308,0,0,-0.000537379571227348,-0.00115952954263321,0,-4.85021713529932e-05,-2.49304898716218e-05,0,0,-1.8495838958188e-05,-0.000904720744877352,0,-0.000160307443820784,-0.000118904954319987,-0.000271865897218504,-0.00017613511113268,0,0,0,-6.8612685026892e-06,0,0,-3.6532955164148e-05,0,0,0,0,-1.42701928780298e-05,-2.70359521437058e-05,0,0,0,0,0,0,0,0,0,0,0,0,0,-1.57780539211672e-05,0,-9.21214464710829e-08,0,0,-8.99653150554514e-06,-3.75655326934066e-06,0,0,-2.6751252903523e-05,-0.000290948943700187,0,0,0,0,0,0,0,0,-3.69423260053736e-05
0,-5.21608569670207e-07,-5.57259500055807e-06,0,0,0,0,0,0,0,0.000304994122448221,0,5.52819642507529e-07,4.37346761827939e-06,0,0,-1.28992170402853e-05,0.000151965535621912,0.000119315330451286,0,0,0,-4.05576531647966e-06,0,-2.04212119570002e-06,-3.72086570461505e-05,-6.82108137084469e-06,0,2.32865099576429e-05,0,-1.00680965795519e-05,4.93699873516107e-06,0,2.83430470844337e-05,0,-1.20933805760615e-05,-1.86400069299708e-05,2.81210485684191e-05,-7.82931286025246e-07,0,0,1.631925726997e-06,0,-8.31485181151947e-07,0,0,0,0,0,0,0,0,0,0,0,0,0,0,0,0,0,0,0,0,0,0,0,0,0,0,0,0,0,0,0,-2.29256784223253e-05,0,0,0,0,0,0,0,0,0
0,0,-5.80494713631197e-05,0,0,0,0,0,0,0,3.59029034910918e-05,0,0,0,0,0,-0.000207244034157839,0.000119315330451286,-5.09782098792044e-05,0,-4.72739202450612e-06,0,-7.45657457628113e-05,0,0,-0.000325279343911689,-0.00011756163632981,0,4.43294811702799e-06,0,0,8.77406819199678e-07,0,-7.52060488657946e-05,0,-6.51279416388206e-05,-8.24610118002056e-05,-8.40120406166989e-05,-1.35681873416615e-05,0,0,0,0,-1.63055130997236e-06,0,0,0,0,0,0,0,0,0,0,0,0,0,0,0,0,0,0,0,0,0,0,0,0,0,0,0,0,0,0,-3.10894711219589e-06,-2.32426896218385e-05,0,0,0,0,0,0,0,0,0
0,0,0,-0.000197087529301143,-1.14911757691516e-05,-3.04179074959166e-05,0,-0.000126547928971377,-4.90253160023713e-05,-0.000285214544874179,0,-0.000126732378361472,0,-1.5759474308652e-05,-2.53366443985215e-05,0,0,0,0,-0.000126282936296462,0,0,0,-1.98376440039283e-05,0,0,0,-3.06394980498226e-05,-1.90828460517878e-05,0,0,0,0,-4.25577750320372e-05,0,-7.97625459227902e-05,0,-1.91343510778097e-05,-1.36840922095871e-05,-4.00135841687188e-05,0,0,7.43429581007149e-07,0,0,0,5.95583293545587e-05,0,0,0,0,0,2.17081178561784e-05,0,0,0,0,-1.16778882102153e-05,0,0,3.47227853012555e-05,0,0,0,0,0,0,0,0,0,0,0,-4.2304836057383e-05,0,0,0,0,0,0,0,0,0,0,0,0
-1.96517093513648e-05,-1.62718588399002e-05,-0.000138932690788351,0,0,0,-0.000132811740598981,-7.26411590221687e-05,0,-4.65932407678338e-06,0,0,-3.86837309633847e-05,-0.000189879652452873,0,-0.000692879223322507,-9.07777923657704e-05,0,-4.72739202450612e-06,0,-0.00185480676060612,-2.56520143011585e-05,-0.00335036984949966,-0.000279951646461996,0,0,-0.000178348335566625,-0.00133678252279523,-0.000219078967347741,-0.00155953207389814,0,0,-6.89855335167522e-05,-0.000912082587774421,-6.26879436822492e-05,-0.00159506245927332,-0.00023716233590676,-0.000785864217050403,-0.000502584490959634,-5.82877987653774e-05,-9.45294959819876e-06,0,-0.000146940885315416,-1.52181851262867e-05,0,0,0,0,0,0,0,-7.41095891498844e-06,0,0,0,0,0,0,0,-2.9710336093558e-05,0,0,0,0,-0.000584642795729451,0,0,0,0,-0.000184071504918393,-0.000147117944834463,-0.000156792360940017,-0.00016287975540763,0,0,0,-2.6021010853583e-05,0,-9.86302516139403e-05,0,0,-3.12282027152833e-05,0,0,-0.000621690853677137
0,-0.000528042541418472,-2.27831187658012e-05,0,0,0,0,0,-0.00137829003779188,0,-2.12403347177315e-06,0,-3.32986273861025e-05,0,0,-0.000948280524880829,0,0,0,0,-2.56520143011585e-05,-0.00198676818467902,-4.10926350014051e-05,-0.00258163889657226,-0.000464766109303127,-1.37032220663968e-05,-0.00156971585238352,-9.29285160964355e-05,0,0,-2.89012896246277e-05,0,0,-1.21205064260721e-05,0,-3.26557310472708e-05,-4.45412742919871e-05,-2.76287171345757e-05,-2.40704812313197e-05,0,0,0,-1.64507814588433e-05,-6.67582826281432e-05,0,0,0,0,0,0,-0.000245759326844563,0,0,0,0,-2.50848188443342e-05,0,-0.000109111527763162,0,0,0,-3.25136556966754e-06,0,0,-0.000565478485896165,0,0,0,0,-2.34257840929786e-05,-0.00102507626547776,-0.000167501650594204,-0.000308203075292113,-2.21366972255055e-05,-3.1472723094339e-06,-0.000683974831645173,-7.63245025154902e-05,-1.14242102426942e-05,-2.78356128546875e-05,0,0,0,0,0,-2.5668581656646e-05
-0.000259617276697099,-5.87949216424022e-06,-0.00403825088210397,0,0,0,-0.000397857637381094,-0.000702565153687829,0,0,-4.33898867413518e-06,0,-1.45523454193608e-05,-0.00115423155193639,0,-0.00102249181668412,-0.00167585675467308,-4.05576531647966e-06,-7.45657457628113e-05,0,-0.00335036984949966,-4.10926350014051e-05,-0.0105870966140174,-0.000679267855048238,0,-0.000103749967820477,-0.00308419756220246,-0.00101018655732332,-0.000894314177458,-0.000950272245063388,0,0,-3.14481033001357e-05,-0.00211142972148082,-6.46266271360219e-05,-0.0037444363774739,-0.00184872453019125,-0.00319694568656814,-0.00263679180716281,-8.72385935508646e-05,-1.65226610988611e-05,0,-6.76244903843326e-05,-0.000128211826677216,-7.15326218596601e-05,-6.08825821473147e-05,0,0,0,0,-2.04455100174528e-05,-0.000133067209844739,0,0,0,0,0,0,0,-3.53740470018238e-05,0,0,0,0,-0.000784228881911986,-2.24927816816489e-06,0,0,0,-0.000199308159153588,-0.000142490635880677,-0.00102122829548534,-0.000185519728802319,0,-2.78946527032531e-06,-0.00142269258844863,-8.02251815912314e-06,0,-2.10505022550933e-05,0,0,0,-8.80806965142256e-06,0,-0.00102170390618994
-9.87433395494008e-06,-0.00032677622675692,-4.61616914435581e-05,-0.000259813350680815,-6.68585396397248e-05,-4.2646761812648e-05,-0.000399603521145764,-4.10250172535598e-05,-0.00435295475313069,-0.000230505050694774,0,-1.74966207850957e-05,-4.70434024464339e-05,-0.000130571669160418,-0.000284153954453359,-0.000963525263614429,0,0,0,-1.98376440039283e-05,-0.000279951646461996,-0.00258163889657226,-0.000679267855048238,-0.00755954705800832,-0.000162923373409285,0,-0.00130571742874963,-0.00250027332162972,-0.000244724905314797,-5.44272015758906e-05,0,0,-3.39835119120835e-05,-0.000286736900307005,-2.17241231439402e-05,-0.000996010346852927,-1.77224865183234e-05,-0.000400777002596442,-1.47805180858995e-05,-0.000240677137071543,-3.63773892786412e-06,0,-0.00135128756483027,-3.13844639094896e-05,-0.000179325312274159,-2.84557099803351e-05,0,0,0,0,0,0,-0.000150058280127041,0,-4.47980637545697e-05,-0.00102428137915922,0,-0.000963638652820009,-0.000171244131706771,-5.09783872075786e-05,-0.000123754037829826,0,0,0,-0.000833913711630885,0,0,0,2.65722121639556e-07,-0.000190336998457497,-0.000447674401812037,-2.8151121114206e-05,-0.00762583363734848,0,0,-6.27953677394544e-05,-0.00478667522247633,0,-6.60075088489975e-05,0,0,-0.000380501245672349,-5.48628468095558e-05,0,-6.34427260592929e-05
0,-0.000546649634998175,0,0,0,0,0,0,-0.000346706590789836,0,-1.75605108516663e-05,0,-0.000327288305457696,1.05462981991877e-06,0,-4.46124649897683e-05,0,-2.04212119570002e-06,0,0,0,-0.000464766109303127,0,-0.000162923373409285,-0.000464252412832877,-2.34318484615414e-05,-0.000691865802650682,0,0,0,-8.89156108314637e-05,-2.47201228376071e-07,0,-1.39509292225171e-05,0,-3.40914789376257e-06,-5.01974886901735e-05,-8.37190759739315e-06,0,0,0,-3.55714360011916e-06,0,-2.95405526014036e-05,6.31415758789444e-07,0,0,0,2.17701023075278e-06,0,-2.36638302339998e-05,0,0,0,0,0,0,0,0,-7.30295511175427e-06,0,-0.000197033588420936,0,0,0,0,0,0,0,0,0,0,0,-0.000275100157182351,-8.78051866948226e-05,-0.000180162144033602,0,0,0,-6.96866997031975e-05,0,0,1.92514198715799e-06,0,0
0,-5.61496874524892e-05,-0.000529381935905349,0,0,0,0,-1.90896889762371e-06,-1.98404632101301e-05,0,6.13915378240293e-05,0,-1.38411711034792e-05,2.09342152857062e-06,0,0,-0.000537379571227348,-3.72086570461505e-05,-0.000325279343911689,0,0,-1.37032220663968e-05,-0.000103749967820477,0,-2.34318484615414e-05,-0.00251553959026474,-0.00199853064907529,0,9.39929628440694e-06,0,-0.000107607427253242,1.92423078715365e-06,-3.80702317670512e-06,-0.000150039844420746,0,-0.000342694862951021,-0.000618225379687587,-0.000370778550045969,-0.000192748680518662,0,0,0,0,-6.13663377180274e-05,-1.26878312585177e-05,-3.45725743500225e-06,0,0,-2.03776608032058e-06,0,-2.6412593342684e-05,-3.25880998843786e-05,0,0,0,0,0,0,0,-1.09709674234182e-06,0,-0.000118261591040891,0,0,0,-1.11739278736422e-05,-3.55779343408358e-06,5.25393426187293e-06,0,0,0,0,0,-4.63858223156421e-05,-0.000794767641561833,-0.00132958772294955,0,0,0,-0.00027486670143162,0,0,0,0,-2.9958749337311e-05
0,-0.0022777610004141,-0.00409268902490112,0,0,0,-0.000121701801617746,0,-0.000911201211010848,0,-4.64179505854645e-05,0,-0.000191298626674552,0,-1.32534032672993e-05,-0.0025862182515084,-0.00115952954263321,-6.82108137084469e-06,-0.00011756163632981,0,-0.000178348335566625,-0.00156971585238352,-0.00308419756220246,-0.00130571742874963,-0.000691865802650682,-0.00199853064907529,-0.0121989874969728,-0.000366516916983528,-1.70048546692669e-05,-1.16395003715297e-05,-0.000404825255145624,1.51162771544477e-06,0,-0.000825577911513165,-6.2919176343712e-05,-0.00307170442499682,-0.00155166501144777,-0.00210307360890738,-0.00254581842716561,-3.63410217687488e-05,0,-6.44940939764638e-07,-0.000306278850985109,-0.000529288507095771,-0.000298288179010342,-0.000281176466614852,0,0,0,0,-0.00128106370129899,-0.000800324590500168,0,0,0,0,0,0,0,-2.85001024167286e-05,0,-8.97940258823837e-05,0,0,-0.000944329829053459,-0.000121358218166279,-1.73941334651317e-05,-4.86140879729646e-06,0,-2.09401641768636e-05,-0.000637120834653615,-0.00149193675281367,0,-0.000189079118570135,-0.00193003610806386,-0.0130283581399482,0,0,0,-0.000104819450143623,0,0,-1.64739758474752e-05,0,-0.000267213069037098
-2.5024804926943e-05,0,-7.75553241965099e-05,-0.000272225482149224,-1.33991800339572e-05,-0.000127778460068839,-0.00426812841919855,-0.000487887667304676,-0.000888680459183888,-0.000770242820181011,0,-4.90578117933183e-05,-6.94625773576263e-05,-0.000209817254244626,-0.000170659513401006,-0.000328942817304778,0,0,0,-3.06394980498226e-05,-0.00133678252279523,-9.29285160964355e-05,-0.00101018655732332,-0.00250027332162972,0,0,-0.000366516916983528,-0.00633688663720022,-0.000242136978158669,-0.00197589977631196,0,0,-5.69983735658752e-05,-0.000441731094952047,-3.84487912015175e-05,-0.00152270163425783,-1.94159060811216e-05,-0.000515382703724754,-0.000181975957730174,-0.000217295563061271,-3.99607370127342e-05,-2.87662351183826e-05,-0.000475021848615143,0,0,0,0,0,0,-3.28601490764413e-05,0,0,0,0,0,0,0,-0.000797467485881498,0,-4.50694478786318e-05,0,0,0,0,-0.000172785806626052,0,0,0,0,0,-5.43288279004628e-05,0,-0.00174150172051668,0,0,0,-0.000515089045620698,0,-9.72160187302507e-05,0,0,0,-5.58673636987805e-05,0,-0.000170264817825228
-0.000122861096770066,-2.99759915378672e-06,-4.75928366086009e-05,-4.57229543826543e-06,0,-1.87529606705539e-05,-0.000490917843649186,-0.000175235001222518,-0.000245000619543134,-0.000224982420832021,8.48533493069681e-05,-2.22000752501117e-05,3.1573475780533e-06,-0.000991781459209307,-1.60783445153356e-05,0,-4.85021713529932e-05,2.32865099576429e-05,4.43294811702799e-06,-1.90828460517878e-05,-0.000219078967347741,0,-0.000894314177458,-0.000244724905314797,0,9.39929628440694e-06,-1.70048546692669e-05,-0.000242136978158669,-0.00212358988691563,-0.00176084754028238,4.97026235279918e-07,1.98196077718649e-05,-0.000395046786479725,-0.000274137217014747,-2.91636683869001e-06,-0.000147510139214546,-2.8321432409939e-05,-0.00023065162234559,-1.56937628617015e-05,-6.55731677738913e-05,-8.53909705256228e-06,-2.3014403268462e-05,0,2.96229222840338e-06,1.98606926460343e-06,2.73351110990916e-06,0,0,0,0,0,0,0,0,0,0,0,0,0,0,0,0,0,0,0,0,0,0,0,0,0,0,-7.40262330509722e-05,0,0,0,0,0,0,0,0,0,3.05417233903427e-06,0,-8.93931262737624e-05
-0.00020563388918049,0,-1.59700757649262e-05,0,0,0,-0.000915901478009573,-0.000386427261048539,0,-1.91282560990658e-06,0,0,-3.49898564309115e-05,-0.00103238774396885,0,-1.97262552319444e-05,-2.49304898716218e-05,0,0,0,-0.00155953207389814,0,-0.000950272245063388,-5.44272015758906e-05,0,0,-1.16395003715297e-05,-0.00197589977631196,-0.00176084754028238,-0.003160014259322,0,0,-0.000242642285002148,-0.000623247791736503,-8.48367985781806e-05,-0.00116029319497102,-5.92808301007608e-05,-0.000596410513253431,-0.000115454537990445,-6.79059730828158e-05,-3.13213122353773e-05,0,-4.9925418352359e-05,0,0,0,0,0,0,0,0,0,0,0,0,0,0,-7.0372238951677e-06,0,0,0,0,0,0,-0.000169654201272351,0,0,0,0,-6.92615094521898e-06,0,0,-1.2344763490546e-05,0,0,0,0,0,0,0,0,0,0,0,-0.000428916861892503
0,-1.62775909302582e-05,0,0,0,0,0,0,0,0,-5.09357532934018e-05,0,-0.000201180850353921,0,0,0,0,-1.00680965795519e-05,0,0,0,-2.89012896246277e-05,0,0,-8.89156108314637e-05,-0.000107607427253242,-0.000404825255145624,0,4.97026235279918e-07,0,-9.90965318123926e-05,-6.0744247321054e-07,0,-4.50764378001622e-06,0,0,-8.78106295871817e-05,-1.50046369640222e-05,0,0,0,0,0,-1.27919122405729e-05,0,0,0,0,0,0,-5.10175009367231e-05,0,0,0,0,0,0,0,0,-5.42206362297293e-06,0,-0.000232444381651931,0,0,0,0,0,0,0,0,0,0,0,-0.00019548929242319,-0.000367017169992323,-0.000380315648953911,0,0,0,-0.000366187573945354,0,0,0,0,0
0,0,0,0,-4.78564049899433e-05,-5.70044151118054e-05,0,-6.89431623186465e-05,0,0,1.16851753522162e-05,-1.04119471870945e-05,-9.56575831878581e-07,-1.81397576035636e-05,-2.57747069554171e-06,0,0,4.93699873516107e-06,8.77406819199678e-07,0,0,0,0,0,-2.47201228376071e-07,1.92423078715365e-06,1.51162771544477e-06,0,1.98196077718649e-05,0,-6.0744247321054e-07,-6.21868571784034e-05,0,-0.000477132489166365,0,-0.000220159596665326,-1.22326791824889e-05,-9.5901378855956e-05,-1.28598078390496e-05,-7.57229511236801e-05,-5.70412757951999e-05,-1.19013778743238e-05,-3.50291929862578e-06,0,0,4.3442801143101e-06,0,0,-4.16564625993487e-06,0,0,0,0,0,0,0,0,0,0,0,0,0,0,0,0,0,0,0,0,0,0,0,0,0,0,0,0,0,0,0,0,0,0,0,-2.3612877157575e-05
0,-4.79981235912419e-06,0,0,0,0,-5.97539474256337e-06,0,-1.97616459445271e-05,-8.88808062882163e-06,0,0,0,0,0,0,-1.8495838958188e-05,0,0,0,-6.89855335167522e-05,0,-3.14481033001357e-05,-3.39835119120835e-05,0,-3.80702317670512e-06,0,-5.69983735658752e-05,-0.000395046786479725,-0.000242642285002148,0,0,-0.000410750330047449,-0.000131288258671702,-9.3916187324794e-06,-4.93349989483249e-06,0,-4.90258616991923e-06,-9.5101704573608e-06,-1.25656624732073e-05,0,0,0,0,0,0,0,0,0,0,0,0,0,0,0,0,0,0,0,0,0,0,0,0,0,0,0,0,0,0,0,0,-3.09269053104799e-05,0,0,0,0,0,0,0,0,0,0,0,0
-1.16292667371454e-05,-3.89292337672487e-05,-0.000214339519402529,-1.65309065778274e-05,-0.000310084519725251,-0.000215690080722197,-0.000324798265864956,-0.000133182199988369,-0.000112458237254032,-0.000196211015463632,0.000253405108192162,-7.22990803296852e-05,-1.46297859489053e-05,-8.94899283139239e-05,-2.97052692985744e-05,-2.0491007489909e-05,-0.000904720744877352,2.83430470844337e-05,-7.52060488657946e-05,-4.25577750320372e-05,-0.000912082587774421,-1.21205064260721e-05,-0.00211142972148082,-0.000286736900307005,-1.39509292225171e-05,-0.000150039844420746,-0.000825577911513165,-0.000441731094952047,-0.000274137217014747,-0.000623247791736503,-4.50764378001622e-06,-0.000477132489166365,-0.000131288258671702,-0.00114867073938285,-0.00015585734408452,-0.000696502632308693,-0.000192676195041486,-0.000755012428921731,-0.000942276313196544,-0.000458851123312343,-5.12110477757233e-05,-3.8288223379368e-05,-7.34660939656351e-05,-8.86323444104775e-06,5.83185053528723e-05,1.11561189442e-05,-8.46854898099991e-05,0,0,0,-3.36782118210976e-05,-4.97277724207379e-05,0,0,-2.53759526458452e-06,0,0,0,0,0,-3.33148068420996e-06,-5.53996832053372e-06,0,0,0,0,0,0,0,0,-1.54061654029647e-05,-2.68334110842261e-05,0,3.6883463394588e-07,-8.73100009357586e-06,-0.000116315229433894,-2.17719098145608e-05,0,0,-5.29735780219198e-06,0,0,2.32436150326976e-05,-2.27575287681248e-05,-0.000250362179485819
0,0,0,0,0,-0.000763668546426288,-1.13586274892441e-05,-2.74497979262378e-05,0,-4.17395374370244e-05,0,-0.00107369038835259,0,0,-6.25332284016622e-05,-9.59340923145646e-06,0,0,0,0,-6.26879436822492e-05,0,-6.46266271360219e-05,-2.17241231439402e-05,0,0,-6.2919176343712e-05,-3.84487912015175e-05,-2.91636683869001e-06,-8.48367985781806e-05,0,0,-9.3916187324794e-06,-0.00015585734408452,-0.0387039349302398,-0.000738052406745737,-0.000316237613333215,-0.000280214241911381,-0.000623788227585464,-6.18669896539359e-05,-6.3921704168024e-05,0,-6.73830394362085e-05,-1.38472216804075e-06,-2.0931176322847e-05,-0.000230620574711793,-5.61779233976267e-06,0,0,0,0,0,0,0,-3.66763739521048e-05,0,0,0,0,-7.89301611803239e-06,-0.000187664327661707,0,0,0,0,0,0,0,0,0,0,0,0,0,0,0,0,0,0,0,0,0,-2.57721308116743e-06,-0.0118656194294386,-0.00795902210157351
0,-3.62177161150612e-05,-0.000706788177922135,-2.09823764407702e-05,-0.00030117470737423,-0.000660891790516871,-0.00119099881476359,-0.000484510566025165,-0.00101274025337261,-0.000812283348750498,-2.20298024089516e-06,-0.000127309733613856,-1.97160387642725e-05,-0.000138291320411099,-6.68188839654249e-05,-0.000318291552503069,-0.000160307443820784,-1.20933805760615e-05,-6.51279416388206e-05,-7.97625459227902e-05,-0.00159506245927332,-3.26557310472708e-05,-0.0037444363774739,-0.000996010346852927,-3.40914789376257e-06,-0.000342694862951021,-0.00307170442499682,-0.00152270163425783,-0.000147510139214546,-0.00116029319497102,0,-0.000220159596665326,-4.93349989483249e-06,-0.000696502632308693,-0.000738052406745737,-0.00135896512188083,-0.00385394554939467,-0.000863385679565454,-0.000827053365227925,-0.00164294204259363,-0.000470134561510349,-4.61702953202803e-05,-0.000350328377408005,-2.62865924014477e-05,-0.000101468850843389,1.50193272929755e-06,0,0,-1.88295355201262e-05,-2.36947835219325e-05,-4.28612411269569e-05,-7.82228098614723e-05,4.38356983067933e-06,0,-3.57913017978717e-06,-0.000138766384907285,0,-0.000546913527614379,0,-4.11196747336362e-05,4.94774621984106e-06,0,0,0,-0.000364327257557306,-5.20412413607119e-06,0,0,0,-7.65069594308443e-05,-8.27331823529676e-05,-7.33761685296486e-05,-0.00151813569436854,0,-2.37256240325223e-05,-0.000323521772770619,-0.000784353035442109,0,-9.14893494154967e-05,0,0,-2.67132218141342e-05,0,-6.27799473704727e-05,-0.000708682608774325
-7.26790403859923e-06,-4.25169876052678e-05,-0.00042848413977481,0,-1.58716088662914e-05,-1.01015421023476e-05,-2.53286689257948e-05,-5.49841972770082e-05,-4.99435045639984e-05,0,-3.68103556711574e-05,0,-4.12119850921044e-05,-3.9049154111126e-05,0,-0.000268227674496302,-0.000118904954319987,-1.86400069299708e-05,-8.24610118002056e-05,0,-0.00023716233590676,-4.45412742919871e-05,-0.00184872453019125,-1.77224865183234e-05,-5.01974886901735e-05,-0.000618225379687587,-0.00155166501144777,-1.94159060811216e-05,-2.8321432409939e-05,-5.92808301007608e-05,-8.78106295871817e-05,-1.22326791824889e-05,0,-0.000192676195041486,-0.000316237613333215,-0.00385394554939467,-0.000453637496889314,-0.000608043773445921,-0.00161445998440968,-5.94934854234452e-05,0,-1.04527003941257e-05,-3.38211921189213e-05,-0.000100779153779484,2.73674004347413e-07,-1.60067997967417e-05,0,0,2.22411267714051e-06,0,-7.31783006813203e-05,-5.15006042860477e-05,0,0,0,0,0,0,0,0,0,-1.2033611028528e-05,0,0,-0.000142511641115561,-2.09525137506716e-06,0,0,0,-1.26007880680845e-05,-1.61519965331536e-05,-0.000100004627711314,-7.71354043536121e-05,-1.73810539649821e-05,-7.50941929936744e-05,-0.000717498700097963,-1.17198533189367e-05,0,0,-4.8275830977218e-07,0,0,1.37440656544641e-06,-5.58923607059114e-05,-0.00135126661189133
-2.81986531263101e-05,-2.62878472767625e-05,-0.000613441078030519,-2.63621741396491e-05,-7.47033172956435e-05,-6.12782857842831e-05,-0.000416277120393715,-0.000219284454715307,-0.000128443261473876,-0.000305749032577296,3.8883131611378e-05,-2.79872308510676e-05,-3.4320387982234e-05,-0.00015988427207958,0,-0.000160547511768527,-0.000271865897218504,2.81210485684191e-05,-8.40120406166989e-05,-1.91343510778097e-05,-0.000785864217050403,-2.76287171345757e-05,-0.00319694568656814,-0.000400777002596442,-8.37190759739315e-06,-0.000370778550045969,-0.00210307360890738,-0.000515382703724754,-0.00023065162234559,-0.000596410513253431,-1.50046369640222e-05,-9.5901378855956e-05,-4.90258616991923e-06,-0.000755012428921731,-0.000280214241911381,-0.000863385679565454,-0.000608043773445921,-0.000549663668522271,-0.000529320363341412,-0.000225707695335586,-1.96251030502026e-05,-2.45639493385852e-05,-4.66279725515051e-05,-2.47062611720139e-05,-6.75744274758472e-07,-2.61891245827428e-05,-1.33212515720516e-05,0,-2.99643102152913e-06,0,-3.80669414425938e-05,-7.45859251765069e-05,0,0,0,0,1.4959065453013e-06,-5.81615231567412e-05,0,-3.35046488544322e-05,0,-5.21491654126294e-06,0,0,-0.000170753229667753,0,0,0,0,0,0,-5.93167806073325e-05,-3.58037832484115e-05,-1.81092159436957e-05,-2.45964715759328e-05,-0.00041053392072854,0,0,0,-2.42793203142355e-06,3.46188198818709e-06,0,-1.53790983858926e-06,-1.76515140992706e-06,-0.000610495697948465
-4.9052614485845e-06,-1.33535666009266e-05,-0.000562167459065677,0,0,-2.20220590563258e-05,-6.02929530941765e-05,-6.79878480696061e-05,0,-3.33129883074434e-05,6.04884544941342e-06,-9.92296190815978e-06,-4.15729664382525e-06,-2.98078866762808e-05,0,-0.00022726283305019,-0.00017613511113268,-7.82931286025246e-07,-1.35681873416615e-05,-1.36840922095871e-05,-0.000502584490959634,-2.40704812313197e-05,-0.00263679180716281,-1.47805180858995e-05,0,-0.000192748680518662,-0.00254581842716561,-0.000181975957730174,-1.56937628617015e-05,-0.000115454537990445,0,-1.28598078390496e-05,-9.5101704573608e-06,-0.000942276313196544,-0.000623788227585464,-0.000827053365227925,-0.00161445998440968,-0.000529320363341412,-0.000312497465756678,-0.00024847311931353,-7.04509916431562e-05,-1.91869210084405e-05,-1.29783359170688e-05,1.5947108522596e-06,4.4611180726406e-05,-1.11533890674309e-05,0,0,-3.05472428863141e-06,0,0,-1.76714993358473e-05,0,0,0,0,5.9267813412589e-06,-4.42348173237406e-05,0,2.09981226362288e-06,0,0,0,0,-2.16635744436644e-05,0,0,0,0,0,-5.61417600692948e-05,-8.51193599373801e-05,-1.46517022585613e-05,0,-2.89952140519745e-06,-0.000293509906441614,0,0,0,0,0,0,1.39581993607862e-05,-0.000438946534302431,-0.00444795785006136
-6.68268785375403e-06,-1.83279043994844e-05,0,-6.85172890939612e-05,-0.000476807783250877,-0.000533097813672612,-0.000227021134378447,-0.000200968622607434,-0.000237318832660094,-0.000195622274475227,-1.10380890419037e-05,-7.41578812650801e-05,-2.058454924736e-05,-1.90326095435012e-05,-0.000124703510834934,-1.80943152372492e-05,0,0,0,-4.00135841687188e-05,-5.82877987653774e-05,0,-8.72385935508646e-05,-0.000240677137071543,0,0,-3.63410217687488e-05,-0.000217295563061271,-6.55731677738913e-05,-6.79059730828158e-05,0,-7.57229511236801e-05,-1.25656624732073e-05,-0.000458851123312343,-6.18669896539359e-05,-0.00164294204259363,-5.94934854234452e-05,-0.000225707695335586,-0.00024847311931353,-0.00035796055678361,-0.000139317661215443,-7.12942910467973e-05,-2.18093819057685e-05,0,0,0,1.61525767907733e-05,-1.79707803908968e-05,-1.04489690784249e-05,0,0,0,2.22913107563727e-05,0,0,-0.000138649964355864,0,0,6.02836953476071e-05,-0.000234122511301393,5.47160423707282e-05,0,0,6.97596180998517e-06,0,0,0,0,3.3617071039771e-05,0,0,0,-0.000343253371795527,0,0,0,-8.61061562318355e-05,0,0,0,0,0,0,0,-2.30370897043031e-05
0,0,0,-2.08227879738843e-06,-0.000303832740286225,-3.83023916583625e-06,-3.64304414688377e-05,-9.06496643438004e-06,0,-1.82264125214715e-05,0,-2.6080535917572e-05,0,0,2.62449214005755e-06,0,0,0,0,0,-9.45294959819876e-06,0,-1.65226610988611e-05,-3.63773892786412e-06,0,0,0,-3.99607370127342e-05,-8.53909705256228e-06,-3.13213122353773e-05,0,-5.70412757951999e-05,0,-5.12110477757233e-05,-6.3921704168024e-05,-0.000470134561510349,0,-1.96251030502026e-05,-7.04509916431562e-05,-0.000139317661215443,-3.38790664500266e-06,0,0,0,0,0,0,0,0,0,0,0,0,0,0,0,0,0,0,0,0,0,0,0,0,0,0,0,0,0,0,0,0,0,0,0,0,0,0,0,0,0,0,0,-0.000119132807412825
0,0,0,0,0,-1.17491090350086e-05,0,-2.97633869195124e-06,0,0,-1.55013433555951e-05,-1.08209296740824e-05,-8.393218593028e-06,-7.17881357559236e-06,0,0,0,1.631925726997e-06,0,0,0,0,0,0,-3.55714360011916e-06,0,-6.44940939764638e-07,-2.87662351183826e-05,-2.3014403268462e-05,0,0,-1.19013778743238e-05,0,-3.8288223379368e-05,0,-4.61702953202803e-05,-1.04527003941257e-05,-2.45639493385852e-05,-1.91869210084405e-05,-7.12942910467973e-05,0,0,0,4.22128050558968e-06,7.46603643619892e-06,5.33738466401701e-06,-3.78524691768689e-05,0,-1.25571148146264e-07,0,0,0,0,0,6.23082428319321e-07,0,0,0,0,-2.37362837651744e-06,0,2.02357753664728e-07,0,0,-1.83027168532135e-05,0,0,0,0,0,0,0,-3.21357147186063e-05,4.16548016346496e-06,0,0,0,2.53866733146424e-06,0,1.40888585065113e-06,-2.5248282611301e-06,0,2.02787814487237e-05,0,0
0,-3.30131015289226e-05,-5.92207879890339e-05,1.27531973248551e-06,0,0,-0.000121009408758255,0,-6.42235954728676e-05,0,0,3.48311027664749e-06,0,0,0,-0.000233854127145605,-6.8612685026892e-06,0,0,7.43429581007149e-07,-0.000146940885315416,-1.64507814588433e-05,-6.76244903843326e-05,-0.00135128756483027,0,0,-0.000306278850985109,-0.000475021848615143,0,-4.9925418352359e-05,0,-3.50291929862578e-06,0,-7.34660939656351e-05,-6.73830394362085e-05,-0.000350328377408005,-3.38211921189213e-05,-4.66279725515051e-05,-1.29783359170688e-05,-2.18093819057685e-05,0,0,-0.000749573668684889,-0.00131343957386026,-0.000396051983560852,-0.000322235830804374,-0.000468859942007072,-7.27057030189826e-05,-2.23152655962622e-05,-4.14752180404321e-05,-3.36268431624376e-05,-0.000232539146111321,-1.28320974681628e-05,-1.33188868858269e-05,-9.85248720155596e-05,-0.00091297975757243,-0.000200924788053669,-0.000237306928056569,-8.73052632783811e-05,-0.0003591613746039,0.000108436550817714,0,-0.000299022606043309,-1.07079654299014e-05,-0.000467444270270789,-1.50392478204253e-05,7.14077036718663e-05,9.40175486849881e-05,7.69610235051843e-06,-0.000693169890155332,-2.76501286862185e-05,-0.00213391460971479,-0.000854564474593644,0,1.2014444099151e-05,-0.00178380930838529,-0.00216648071551617,-0.000186240776656632,-0.000828092659503454,0,-0.000164946391009835,0,-0.000160362964021665,-0.000487509929186558,-0.000460674395299066
0,-1.10465096554435e-05,-3.75209865524084e-05,0,0,0,0,0,0,0,-2.13027919500064e-05,0,-4.75912633630671e-05,0,0,-0.000138405303914624,0,-8.31485181151947e-07,-1.63055130997236e-06,0,-1.52181851262867e-05,-6.67582826281432e-05,-0.000128211826677216,-3.13844639094896e-05,-2.95405526014036e-05,-6.13663377180274e-05,-0.000529288507095771,0,2.96229222840338e-06,0,-1.27919122405729e-05,0,0,-8.86323444104775e-06,-1.38472216804075e-06,-2.62865924014477e-05,-0.000100779153779484,-2.47062611720139e-05,1.5947108522596e-06,0,0,4.22128050558968e-06,-0.00131343957386026,-9.20182606254372e-05,-4.55752197154879e-05,-0.000246604595101729,-6.63849152715557e-06,0,1.93451967334113e-07,0,-6.77848117902613e-06,-8.32302722812983e-05,0,0,0,-0.000112179252482747,-3.66677031706786e-05,-1.73988591996022e-05,0,2.53693084140139e-06,0,-6.10944718393291e-05,-3.76261284884549e-06,0,-0.000174839350165712,2.55107607358696e-05,0.00016430767550446,0.000149413168546886,0,-0.000204805776661487,-2.09927111427533e-05,-0.00113808895059719,-7.74726877352805e-05,1.75907193806779e-05,0.000133979666154249,-0.000536653874917636,-9.03296181604674e-05,1.79142631395734e-07,-4.16857883465127e-05,-5.94331548242621e-05,-1.03947195384535e-06,-7.25530981071643e-06,2.48230450541342e-05,-6.88507931130289e-05,-9.51586107582614e-05
0,-5.75503509026021e-06,-3.23267058774945e-05,0,0,-1.08402201703939e-06,0,1.02527155831922e-05,-4.92527624373906e-06,0,6.74184320814675e-07,0,-1.20074230380851e-06,0,0,-5.03408409713302e-05,0,0,0,0,0,0,-7.15326218596601e-05,-0.000179325312274159,6.31415758789444e-07,-1.26878312585177e-05,-0.000298288179010342,0,1.98606926460343e-06,0,0,0,0,5.83185053528723e-05,-2.0931176322847e-05,-0.000101468850843389,2.73674004347413e-07,-6.75744274758472e-07,4.4611180726406e-05,0,0,7.46603643619892e-06,-0.000396051983560852,-4.55752197154879e-05,1.76527598743093e-05,-3.3414096323181e-05,-4.24335875095494e-05,-2.58166597859599e-05,6.11293824093195e-06,-2.90051866613794e-06,1.2084480545127e-05,-0.000178207388103147,-3.05441921710781e-06,0,-1.52692483510464e-05,-0.000545108945004813,-5.55740237899727e-05,-1.47260443554842e-05,-1.79184850814806e-05,0.000237282166447805,-2.08017822345141e-05,5.29692226791667e-06,-9.8106919281804e-05,-4.54309993074276e-05,-0.000120245146263187,9.1963113248994e-05,0.000509474804744059,0.000280285328514651,-8.81138538488813e-06,-0.000411917311691212,-9.78252228378551e-06,-0.000970147046963632,-0.000264987321315857,1.96961543270646e-05,0.000120864685449362,-0.00064227215930579,-0.00112084710091409,-0.000121385173166288,-0.000244625922519504,-1.28051756860259e-05,-4.36989237471153e-05,-1.20974932542595e-05,-0.000120241761892625,-0.000114510523417266,-0.000248839664649836
0,-1.9297442122479e-05,-1.80911711140652e-05,0,0,-3.39668468996024e-06,0,4.74399394079228e-06,-9.64497394306818e-06,0,0,0,3.58713941750466e-06,0,0,0,-3.6532955164148e-05,0,0,0,0,0,-6.08825821473147e-05,-2.84557099803351e-05,0,-3.45725743500225e-06,-0.000281176466614852,0,2.73351110990916e-06,0,0,4.3442801143101e-06,0,1.11561189442e-05,-0.000230620574711793,1.50193272929755e-06,-1.60067997967417e-05,-2.61891245827428e-05,-1.11533890674309e-05,0,0,5.33738466401701e-06,-0.000322235830804374,-0.000246604595101729,-3.3414096323181e-05,-9.82220457599325e-05,-0.000413234602348211,-0.000156857148567724,4.05998804353658e-07,0,-1.10152664660745e-05,-0.000167957337936286,0,0,-4.96164995666959e-06,-0.000187824189879393,-9.67728738032747e-07,-2.91746050606889e-05,-1.37621327667148e-07,-0.000327151487113042,-1.93652155644486e-07,3.40472112725365e-08,-2.77914580948391e-05,-1.25308554288495e-06,-0.000197316393041547,5.00976054382818e-05,0.000126672802480243,9.83031707164628e-05,-3.20374761031417e-06,-0.000309100277036123,-1.70600487763295e-05,-0.00207347506196243,-8.91766267159255e-05,3.09445802315622e-07,4.79336034011624e-05,-0.000917001079714486,-0.000537408634954772,-2.17872866983271e-05,-6.2751168620423e-05,-6.47068063130973e-06,-3.71139209391913e-05,-1.45569083542796e-05,-1.83432607414602e-05,-0.00041374228925406,-0.00246278098856578
0,0,0,9.33234912281478e-06,8.69882023835089e-06,9.19717945180309e-06,0,0,-5.15782488719196e-05,9.3080525402911e-05,0,4.60193415392496e-05,-5.21703796039219e-05,0,0,0,0,0,0,5.95583293545587e-05,0,0,0,0,0,0,0,0,0,0,0,0,0,-8.46854898099991e-05,-5.61779233976267e-06,0,0,-1.33212515720516e-05,0,1.61525767907733e-05,0,-3.78524691768689e-05,-0.000468859942007072,-6.63849152715557e-06,-4.24335875095494e-05,-0.000413234602348211,-0.00030267746714685,-4.75017527605814e-05,-7.74169739088393e-05,-5.37803134648129e-06,0,0,-6.64314789133869e-06,-0.00053574805517087,-0.000192153584684718,-0.000178943967952705,-6.20034849987405e-05,-0.000137608439445103,-1.89160392665144e-05,-0.000316694898742753,7.84243630533865e-05,-2.04933799068385e-05,-9.07476018507936e-06,-0.000189686218845964,0,0,0,0,2.57603086168956e-05,-2.76490736723645e-05,-1.27422301829938e-05,-9.41143844102044e-06,-0.000313900269816259,0,0,3.38502377417171e-06,-0.000496905515831259,-1.37547129099858e-05,-1.96853598026792e-05,0,-4.18633064782625e-05,0,-1.61742451041391e-05,-4.64042987005087e-05,-2.1612493583234e-05
0,0,0,0,0,0,0,0,0,0,0,0,0,0,0,0,0,0,0,0,0,0,0,0,0,0,0,0,0,0,0,0,0,0,0,0,0,0,0,-1.79707803908968e-05,0,0,-7.27057030189826e-05,0,-2.58166597859599e-05,-0.000156857148567724,-4.75017527605814e-05,0,0,0,0,0,0,-3.35933930273313e-05,0,-4.58533204437117e-05,0,0,-4.29868123319466e-06,-4.69123060611309e-05,0,0,-6.04548949922901e-06,0,0,0,0,0,-2.72548277280293e-06,0,0,0,0,0,0,0,-4.53410489171802e-05,-1.56174019139144e-06,-2.25996082008351e-05,0,-1.57976519403746e-05,0,-7.43221198717947e-06,-7.48332258808659e-05,-6.28804004918493e-05
0,0,0,0,0,-7.64704691391671e-06,0,-4.03853255193098e-06,0,0,3.05209226780789e-06,0,8.13549538136726e-06,0,0,0,0,0,0,0,0,0,0,0,2.17701023075278e-06,-2.03776608032058e-06,0,0,0,0,0,-4.16564625993487e-06,0,0,0,-1.88295355201262e-05,2.22411267714051e-06,-2.99643102152913e-06,-3.05472428863141e-06,-1.04489690784249e-05,0,-1.25571148146264e-07,-2.23152655962622e-05,1.93451967334113e-07,6.11293824093195e-06,4.05998804353658e-07,-7.74169739088393e-05,0,-2.86839588170551e-06,0,1.81624579909112e-06,0,0,0,0,0,2.52220002039394e-06,-3.58138868250535e-06,0,1.381802871947e-05,0,-9.14111732441825e-06,0,0,0,0,0,0,-5.5010514188325e-06,-4.55125427833991e-06,-6.32130422673072e-06,0,-2.89325562334852e-05,4.64811521680986e-05,1.21062851121678e-06,-2.09858517337125e-05,-1.75848963408498e-05,2.66522874881048e-06,0,-4.23670326199499e-06,-3.68167934539088e-06,0,8.90341749482104e-06,0,0
0,0,0,0,0,0,0,0,0,0,0,0,0,0,0,0,0,0,0,0,0,0,0,0,0,0,0,-3.28601490764413e-05,0,0,0,0,0,0,0,-2.36947835219325e-05,0,0,0,0,0,0,-4.14752180404321e-05,0,-2.90051866613794e-06,0,-5.37803134648129e-06,0,0,-5.5942421639088e-05,0,-2.96516122944013e-06,0,0,0,-1.5263920374764e-05,4.77322637770783e-06,-7.8399280027952e-06,0,2.01148182554789e-07,0,0,-0.000157382206163348,0,0,-1.23969953165215e-05,0,0,0,-1.88693429663545e-05,0,-3.18651533461889e-05,0,0,-1.58223911057576e-05,-2.63624883700686e-06,-1.1770621767937e-05,-0.000136250537545402,-8.22691010409216e-05,0,0,-8.86871384864207e-06,-5.97516702782741e-07,0,-5.58048304810654e-06
0,-0.000337737297968488,-3.335986843922e-05,0,0,0,0,0,-1.27022631204454e-05,0,0,0,-6.36539355127752e-05,0,0,-4.94911173518631e-05,-1.42701928780298e-05,0,0,0,0,-0.000245759326844563,-2.04455100174528e-05,0,-2.36638302339998e-05,-2.6412593342684e-05,-0.00128106370129899,0,0,0,-5.10175009367231e-05,0,0,-3.36782118210976e-05,0,-4.28612411269569e-05,-7.31783006813203e-05,-3.80669414425938e-05,0,0,0,0,-3.36268431624376e-05,-6.77848117902613e-06,1.2084480545127e-05,-1.10152664660745e-05,0,0,1.81624579909112e-06,0,-0.000307760299165238,0,0,0,0,0,0,-0.000360305495632929,0,0,0,-3.39547891599068e-05,6.72965279591153e-06,0,-0.000453860918241844,-2.47594198299339e-05,0,1.42606427289138e-06,0,0,-0.000543813501735713,-3.67930451830034e-05,-0.000352011066752311,-0.000128351738112542,-1.03984332895379e-05,-0.00206653637246745,-8.82354015629971e-06,0,0,-9.79458582150983e-06,0,0,1.00699647731517e-05,0,0
0,-3.80886392008506e-05,-0.000119772395009932,0,0,0,0,0,0,0,0,0,0,0,0,-3.43582551067811e-05,-2.70359521437058e-05,0,0,0,-7.41095891498844e-06,0,-0.000133067209844739,0,0,-3.25880998843786e-05,-0.000800324590500168,0,0,0,0,0,0,-4.97277724207379e-05,0,-7.82228098614723e-05,-5.15006042860477e-05,-7.45859251765069e-05,-1.76714993358473e-05,0,0,0,-0.000232539146111321,-8.32302722812983e-05,-0.000178207388103147,-0.000167957337936286,0,0,0,-2.96516122944013e-06,0,-0.000615528836062751,0,0,0,-0.000659407509658649,-3.00980309475563e-05,0,-1.6659956145304e-05,-1.74768263150327e-06,0,0,-0.000107631434048017,0,-5.6696931096667e-06,0.00011294587686006,0,2.84826431879992e-05,0,-7.39288920499348e-05,0,-0.0012097344449491,-5.94692710365052e-06,0,-0.000158448038650505,-0.000712417214391081,-0.000173189160022957,-2.80343892882229e-05,-2.97924393635185e-05,0,0,-7.87181215855526e-06,5.78154626396099e-06,0,-1.13444839371368e-05
0,0,0,0,0,0,0,0,-7.22320301065338e-05,0,0,1.77144340796076e-05,0,0,0,0,0,0,0,2.17081178561784e-05,0,0,0,-0.000150058280127041,0,0,0,0,0,0,0,0,0,0,0,4.38356983067933e-06,0,0,0,2.22913107563727e-05,0,0,-1.28320974681628e-05,0,-3.05441921710781e-06,0,-6.64314789133869e-06,0,0,0,0,0,0.000136300078672047,0,-1.22829064252983e-06,-9.78923026195844e-07,-1.01873637561312e-05,-0.000111987923062884,4.76729101761553e-06,0,0.000193239980141868,0,-1.19162463398936e-05,-5.61677557442408e-06,0,0,0,0,0.000218622931026147,0,0,0,-0.0002300344411168,0,0,-6.21306435277802e-06,-0.000178468201804449,-3.2236152378573e-06,0,0,0,0,-3.8546827454411e-06,0,-1.03068578027887e-06
0,0,0,0,0,0,0,0,0,0,0,0,0,0,0,0,0,0,0,0,0,0,0,0,0,0,0,0,0,0,0,0,0,0,0,0,0,0,0,0,0,0,-1.33188868858269e-05,0,0,0,-0.00053574805517087,-3.35933930273313e-05,0,0,0,0,0,-0.000131510362734844,-2.361579817034e-05,0,-1.16680224664378e-05,-2.23362148972228e-05,0,0,-7.58134569878166e-06,0,0,-0.000324505145727016,0,0,0,0,0,0,0,0,0,0,0,0,0,0,0,0,-6.30658882982971e-05,0,-0.000387542922453576,0,-9.9769645203196e-06
0,0,0,0,0,0,0,0,0,0,0,0,0,0,0,0,0,0,0,0,0,0,0,-4.47980637545697e-05,0,0,0,0,0,0,0,0,0,-2.53759526458452e-06,-3.66763739521048e-05,-3.57913017978717e-06,0,0,0,0,0,6.23082428319321e-07,-9.85248720155596e-05,0,-1.52692483510464e-05,-4.96164995666959e-06,-0.000192153584684718,0,0,0,0,0,-1.22829064252983e-06,-2.361579817034e-05,0.00132416913802036,2.15069678546342e-05,0.000182049039252341,0,0.00105866522221731,-1.38376208269619e-05,0.000246363152793805,0,-4.04807406795271e-06,-4.9204796283675e-05,0,0,0,0,2.05511497597399e-05,0,0,0,-6.82553513797757e-06,0,0,0,-8.84904167719469e-07,8.59908638517481e-06,0,0,-1.93974829674204e-05,0,-9.82385505974293e-05,-0.000105676629985396,-1.26525076211692e-05
0,0,0,0,0,0,0,0,-0.000139548568768078,0,0,0,0,0,0,0,0,0,0,0,0,-2.50848188443342e-05,0,-0.00102428137915922,0,0,0,0,0,0,0,0,0,0,0,-0.000138766384907285,0,0,0,-0.000138649964355864,0,0,-0.00091297975757243,-0.000112179252482747,-0.000545108945004813,-0.000187824189879393,-0.000178943967952705,-4.58533204437117e-05,0,-1.5263920374764e-05,0,-0.000659407509658649,-9.78923026195844e-07,0,2.15069678546342e-05,-0.0035936571754529,-0.000306195891454308,-9.3381097940437e-05,0.000319267833897463,-3.3126343623735e-05,3.9046841493473e-06,0,-0.00114126537856851,-1.20869481179398e-05,-3.15827028316562e-05,-3.55438173187395e-05,0,-5.73924864966102e-06,-2.96856694603775e-06,-0.000206909238102071,0,-0.000883476977946884,-0.000211135057725187,0,-6.30516445880858e-05,-8.62176714235829e-05,-0.00355146697313558,-0.000369628744877559,-0.000833574198653153,0,0,-5.22005195762176e-05,-0.000254146787789011,-3.24222896779247e-05,-9.77108663846593e-05
0,0,0,0,0,0,0,0,-0.000165791065228404,0,0,0,0,0,0,0,0,0,0,0,0,0,0,0,0,0,0,0,0,0,0,0,0,0,0,0,0,1.4959065453013e-06,5.9267813412589e-06,0,0,0,-0.000200924788053669,-3.66677031706786e-05,-5.55740237899727e-05,-9.67728738032747e-07,-6.20034849987405e-05,0,2.52220002039394e-06,4.77322637770783e-06,0,-3.00980309475563e-05,-1.01873637561312e-05,-1.16680224664378e-05,0.000182049039252341,-0.000306195891454308,-0.000788514528265338,-8.24225180622307e-05,8.49813548597922e-05,1.12001930574479e-06,3.58503517130515e-05,0,0.000174158754813192,-4.91715718453634e-06,0,0,0,0,1.53024459469964e-05,-5.62397099201917e-06,0,-3.19595264954842e-05,-2.33204514756835e-05,0,0,0,-0.000215365074826224,-1.55187216250852e-05,-2.97028173861236e-05,0,-7.57649281268868e-05,0,1.0215552720183e-05,-4.10829670727253e-06,-1.65213995160229e-05
0,-2.50119364864076e-06,0,-5.80643222747312e-05,0,-2.3630174837308e-05,-9.26675197661098e-05,0,-0.000675406841764925,-0.000561502373443545,0,-6.32330352345889e-06,0,-3.28672867908608e-05,-4.62285879621049e-06,0,0,0,0,-1.16778882102153e-05,0,-0.000109111527763162,0,-0.000963638652820009,0,0,0,-0.000797467485881498,0,-7.0372238951677e-06,0,0,0,0,0,-0.000546913527614379,0,-5.81615231567412e-05,-4.42348173237406e-05,0,0,0,-0.000237306928056569,-1.73988591996022e-05,-1.47260443554842e-05,-2.91746050606889e-05,-0.000137608439445103,0,-3.58138868250535e-06,-7.8399280027952e-06,-0.000360305495632929,0,-0.000111987923062884,-2.23362148972228e-05,0,-9.3381097940437e-05,-8.24225180622307e-05,-0.000564059435646413,-6.19996529849232e-05,-5.6792632676661e-05,-2.33704736558593e-05,-3.88252828997793e-06,-3.13210648528184e-05,-2.17848480588145e-05,-1.32372433654382e-05,0,0,0,-2.17362957499745e-05,0,-0.000911476967530689,0,-0.00298520894648391,-0.000102997890053302,0,-0.000389168649007843,-0.00100247824306621,-1.95844090740138e-05,0,0,0,0,-1.72883692357573e-05,0,-4.71753519377671e-05
0,0,0,0,0,0,0,0,-0.000221636671675185,0,0,-1.44588129842305e-05,0,0,0,0,0,0,0,0,0,0,0,-0.000171244131706771,0,0,0,0,0,0,0,0,0,0,0,0,0,0,0,6.02836953476071e-05,0,0,-8.73052632783811e-05,0,-1.79184850814806e-05,-1.37621327667148e-07,-1.89160392665144e-05,-4.29868123319466e-06,0,0,0,-1.6659956145304e-05,4.76729101761553e-06,0,0.00105866522221731,0.000319267833897463,8.49813548597922e-05,-6.19996529849232e-05,0.00370641297832197,0,0.000364302678889317,0,-1.59912119390704e-06,0,0,0,0,0,9.23964362939955e-05,0,0,-6.01271040068241e-06,-5.78703467510877e-05,0,0,0,-5.21063575709135e-06,-9.11645872747613e-06,0,0,0,0,-1.23053668801276e-05,-2.92624225721738e-05,-8.2413916970836e-06
0,0,0,0,0,-5.49596143173403e-06,0,0,0,0,-8.12882640843782e-06,-8.78403807291761e-06,-4.60591975581792e-05,0,0,0,0,0,0,0,-2.9710336093558e-05,0,-3.53740470018238e-05,-5.09783872075786e-05,-7.30295511175427e-06,-1.09709674234182e-06,-2.85001024167286e-05,-4.50694478786318e-05,0,0,-5.42206362297293e-06,0,0,0,-7.89301611803239e-06,-4.11196747336362e-05,0,-3.35046488544322e-05,2.09981226362288e-06,-0.000234122511301393,0,-2.37362837651744e-06,-0.0003591613746039,2.53693084140139e-06,0.000237282166447805,-0.000327151487113042,-0.000316694898742753,-4.69123060611309e-05,1.381802871947e-05,2.01148182554789e-07,0,-1.74768263150327e-06,0,0,-1.38376208269619e-05,-3.3126343623735e-05,1.12001930574479e-06,-5.6792632676661e-05,0,0.00176227175519905,-4.16092984778516e-06,6.77493269432006e-05,4.16579241004911e-05,0,-6.14762075201725e-06,4.40855060332979e-05,0.0010224627117168,0.000205215226742439,-3.89035270700333e-05,-2.8773664325854e-05,-1.20169252113556e-05,1.80384333248185e-07,-4.2969000787707e-05,1.95800040856398e-05,0.000121600425800006,-3.71195494892618e-05,-0.000189284759926522,3.67583214710976e-05,-4.78786273561127e-06,-1.87985060478013e-05,-2.67380877350121e-06,0,0.000692610146785455,-2.5299853054328e-05,-8.66193804540671e-05
0,0,0,3.9642086449021e-06,4.61277778640579e-07,3.64218226422963e-06,-6.033278623363e-06,0,-6.28850088446598e-07,3.02593634842196e-05,0,3.96769770532046e-05,0,0,3.73219656353285e-05,0,0,0,0,3.47227853012555e-05,0,0,0,-0.000123754037829826,0,0,0,0,0,0,0,0,0,-3.33148068420996e-06,-0.000187664327661707,4.94774621984106e-06,0,0,0,5.47160423707282e-05,0,0,0.000108436550817714,0,-2.08017822345141e-05,-1.93652155644486e-07,7.84243630533865e-05,0,0,0,0,0,0.000193239980141868,-7.58134569878166e-06,0.000246363152793805,3.9046841493473e-06,3.58503517130515e-05,-2.33704736558593e-05,0.000364302678889317,-4.16092984778516e-06,0.00165204000620101,0,5.78568388078793e-05,-7.97253254347652e-06,0,0,0,0,0.000426802146932914,0,0,0,-4.69584792028854e-05,0,0,0,2.40130724762366e-05,1.3899834783615e-05,-3.42171574629901e-06,0,6.64408332795574e-07,0,2.75182927111928e-07,-0.000188638322214274,-2.01166304805156e-05
0,-1.12334059423347e-05,0,0,0,0,0,0,0,0,-0.000109725417802409,0,-0.000927062838357529,0,0,0,0,0,0,0,0,-3.25136556966754e-06,0,0,-0.000197033588420936,-0.000118261591040891,-8.97940258823837e-05,0,0,0,-0.000232444381651931,0,0,-5.53996832053372e-06,0,0,-1.2033611028528e-05,-5.21491654126294e-06,0,0,0,2.02357753664728e-07,0,-6.10944718393291e-05,5.29692226791667e-06,3.40472112725365e-08,-2.04933799068385e-05,0,-9.14111732441825e-06,0,-3.39547891599068e-05,0,0,0,0,0,0,-3.88252828997793e-06,0,6.77493269432006e-05,0,-0.00046308080941948,8.70842768563307e-07,0,0,0,4.79892776183988e-06,6.17755085841054e-06,0,0,0,0,0,-0.000271921418956822,-1.42472893287504e-05,-0.000210253325207077,0,5.64991336204912e-06,0,-0.000100117992815285,3.13456121148192e-06,0,3.18885650330003e-05,0,0
0,0,0,0,0,0,0,0,0,0,0,0,0,0,0,0,0,0,0,0,0,0,0,0,0,0,0,0,0,0,0,0,0,0,0,0,0,0,0,0,0,0,-0.000299022606043309,-3.76261284884549e-06,-9.8106919281804e-05,-2.77914580948391e-05,-9.07476018507936e-06,-6.04548949922901e-06,0,-0.000157382206163348,6.72965279591153e-06,-0.000107631434048017,-1.19162463398936e-05,0,-4.04807406795271e-06,-0.00114126537856851,0.000174158754813192,-3.13210648528184e-05,-1.59912119390704e-06,4.16579241004911e-05,5.78568388078793e-05,8.70842768563307e-07,0.000506006411761906,-3.42240991813014e-06,-6.69291466692812e-06,-1.67227267411363e-06,2.36616974689241e-05,1.02525796137343e-05,-4.09004229595666e-06,-2.84798818483978e-05,0,-0.000306175896071181,-7.33609492584719e-05,3.72488102584612e-07,-3.08320500153059e-06,0,-0.000294695486275032,0.000105145294995168,-0.000373363033287666,6.13053714459966e-07,7.20707042489721e-06,-3.98757833579566e-05,3.94785532762398e-05,0,-3.3226267248665e-07
0,0,0,0,0,1.6733461052354e-06,0,0,0,0,0,0,0,0,0,0,0,0,0,0,0,0,0,0,0,0,0,0,0,0,0,0,0,0,0,0,0,0,0,6.97596180998517e-06,0,0,-1.07079654299014e-05,0,-4.54309993074276e-05,-1.25308554288495e-06,-0.000189686218845964,0,0,0,0,0,-5.61677557442408e-06,-0.000324505145727016,-4.9204796283675e-05,-1.20869481179398e-05,-4.91715718453634e-06,-2.17848480588145e-05,0,0,-7.97253254347652e-06,0,-3.42240991813014e-06,-0.000108130283649643,0,0,0,0,3.81575057417649e-06,0,0,0,-8.73444761282371e-05,0,0,0,-1.45601970871212e-05,-2.60850742961338e-06,0,0,0,0,0,0,0
0,-1.55192865349818e-05,-3.65328992302238e-05,0,0,0,0,0,-4.72082119813422e-05,0,0,0,0,0,0,-0.0024351621709684,0,0,0,0,-0.000584642795729451,-0.000565478485896165,-0.000784228881911986,-0.000833913711630885,0,0,-0.000944329829053459,-0.000172785806626052,0,-0.000169654201272351,0,0,0,0,0,-0.000364327257557306,-0.000142511641115561,-0.000170753229667753,-2.16635744436644e-05,0,0,-1.83027168532135e-05,-0.000467444270270789,-0.000174839350165712,-0.000120245146263187,-0.000197316393041547,0,0,0,0,-0.000453860918241844,-5.6696931096667e-06,0,0,0,-3.15827028316562e-05,0,-1.32372433654382e-05,0,-6.14762075201725e-06,0,0,-6.69291466692812e-06,0,-0.00325481885329282,0,0,0,0,-0.000377087917328822,-0.0015064358303789,-0.000626792203433979,-0.000693281360781839,-2.58501131611411e-05,0,-0.00170608300732056,-0.000194746551869684,-3.19939117616741e-05,-5.32989636212733e-05,0,0,0,-4.23127230533282e-05,0,-5.1719040129683e-05
0,-8.98848497854488e-06,-2.96293228529976e-06,0,0,0,0,0,0,0,0,0,0,0,0,0,-1.57780539211672e-05,0,0,0,0,0,-2.24927816816489e-06,0,0,-1.11739278736422e-05,-0.000121358218166279,0,0,0,0,0,0,0,0,-5.20412413607119e-06,-2.09525137506716e-06,0,0,0,0,0,-1.50392478204253e-05,2.55107607358696e-05,9.1963113248994e-05,5.00976054382818e-05,0,0,0,-1.23969953165215e-05,-2.47594198299339e-05,0.00011294587686006,0,0,0,-3.55438173187395e-05,0,0,0,4.40855060332979e-05,0,0,-1.67227267411363e-06,0,0,0.000532852985170251,0.000107000583511763,0.000764757224999357,0,3.27343801416191e-05,0,0.000325080222346452,0,0,0.000166142835628325,-4.93492163808895e-05,-9.21692881661329e-06,-5.3616659521083e-06,-2.95093178692696e-05,0,0,0,0.000876908807697419,0,0
0,0,0,0,0,0,0,0,0,0,0,0,0,0,0,0,0,0,0,0,0,0,0,0,0,-3.55779343408358e-06,-1.73941334651317e-05,0,0,0,0,0,0,0,0,0,0,0,0,0,0,0,7.14077036718663e-05,0.00016430767550446,0.000509474804744059,0.000126672802480243,0,0,0,0,0,0,0,0,0,0,0,0,0,0.0010224627117168,0,4.79892776183988e-06,2.36616974689241e-05,0,0,0.000107000583511763,0.000703973439044603,0.000851655649512395,0,1.09439733932959e-05,0,9.20494835554564e-06,0,4.50257857664838e-06,0.000602407639798574,2.04584604128755e-05,0,3.16238201776287e-05,0,5.873066015738e-07,1.01983023341745e-05,0,0.000334484373524901,0,1.040500774252e-05
0,2.97575343211065e-06,0,0,0,0,0,0,0,0,0,0,0,0,0,0,-9.21214464710829e-08,0,0,0,0,0,0,0,0,5.25393426187293e-06,-4.86140879729646e-06,0,0,0,0,0,0,0,0,0,0,0,0,0,0,0,9.40175486849881e-05,0.000149413168546886,0.000280285328514651,9.83031707164628e-05,0,0,0,0,1.42606427289138e-06,2.84826431879992e-05,0,0,0,-5.73924864966102e-06,0,0,0,0.000205215226742439,0,6.17755085841054e-06,1.02525796137343e-05,0,0,0.000764757224999357,0.000851655649512395,0.00127069750180908,0,1.57850331561349e-05,0,6.20636690058518e-05,0,-9.36716901378531e-07,0.000441997533116023,0.000154183316220635,0,-2.70444786565349e-07,-1.11974606298304e-05,0,8.68136612552917e-06,0,0.000879230226814798,0,2.47340426540177e-06
0,0,0,2.37113532648436e-05,0,0,0,0,-8.12132103646945e-05,0,0,0,0,0,0,0,0,0,0,0,0,0,0,2.65722121639556e-07,0,0,0,0,0,0,0,0,0,0,0,0,0,0,0,3.3617071039771e-05,0,0,7.69610235051843e-06,0,-8.81138538488813e-06,-3.20374761031417e-06,2.57603086168956e-05,-2.72548277280293e-06,-5.5010514188325e-06,0,0,0,0.000218622931026147,0,2.05511497597399e-05,-2.96856694603775e-06,1.53024459469964e-05,-2.17362957499745e-05,9.23964362939955e-05,-3.89035270700333e-05,0.000426802146932914,0,-4.09004229595666e-06,3.81575057417649e-06,0,0,0,0,8.01489247308496e-05,0,0,0,-1.66501791909468e-05,0,0,0,-2.10911357498844e-05,-7.10951866267351e-08,0,0,-7.61205546950805e-06,0,-2.43781842641511e-05,0,-1.49633831370011e-06
0,0,0,0,0,0,0,0,0,0,0,0,0,0,0,-0.000335909345267282,0,0,0,0,-0.000184071504918393,-2.34257840929786e-05,-0.000199308159153588,-0.000190336998457497,0,0,-2.09401641768636e-05,0,0,-6.92615094521898e-06,0,0,0,0,0,-7.65069594308443e-05,-1.26007880680845e-05,0,0,0,0,0,-0.000693169890155332,-0.000204805776661487,-0.000411917311691212,-0.000309100277036123,-2.76490736723645e-05,0,-4.55125427833991e-06,-1.88693429663545e-05,0,-7.39288920499348e-05,0,0,0,-0.000206909238102071,-5.62397099201917e-06,0,0,-2.8773664325854e-05,0,0,-2.84798818483978e-05,0,-0.000377087917328822,3.27343801416191e-05,1.09439733932959e-05,1.57850331561349e-05,0,-0.00232966469953766,-1.9782765320997e-05,-0.00129910965517155,-7.90353255979426e-05,0,-7.80495315666485e-06,-9.17346802680186e-05,-0.0012553037613543,-1.97497686542647e-05,-0.000816145419108238,0,1.13189389594481e-06,-2.2108368739282e-05,4.20343455873606e-05,-4.51086316388682e-06,-0.000253854627999317
0,0,0,0,0,0,0,0,-0.000133658876620757,0,0,0,-3.68495079783315e-06,0,0,-0.00020171549749648,-8.99653150554514e-06,0,0,0,-0.000147117944834463,-0.00102507626547776,-0.000142490635880677,-0.000447674401812037,0,0,-0.000637120834653615,-5.43288279004628e-05,0,0,0,0,0,-1.54061654029647e-05,0,-8.27331823529676e-05,-1.61519965331536e-05,0,-5.61417600692948e-05,0,0,0,-2.76501286862185e-05,-2.09927111427533e-05,-9.78252228378551e-06,-1.70600487763295e-05,-1.27422301829938e-05,0,-6.32130422673072e-06,0,-0.000543813501735713,0,0,0,0,0,0,-0.000911476967530689,0,-1.20169252113556e-05,0,0,0,0,-0.0015064358303789,0,0,0,0,-1.9782765320997e-05,-0.00128135196041512,0,-0.00218495989793155,-7.07577555658645e-05,0,-0.000950993088281393,-1.49199649968068e-05,0,0,-5.46593037142884e-06,0,0,-4.73234990749916e-07,0,0
0,-2.39056307691499e-05,-0.000167091881507986,0,0,0,0,0,0,0,0,0,-9.68777112575481e-06,0,0,-0.00178203742098049,-3.75655326934066e-06,0,0,0,-0.000156792360940017,-0.000167501650594204,-0.00102122829548534,-2.8151121114206e-05,0,0,-0.00149193675281367,0,0,0,0,0,0,-2.68334110842261e-05,0,-7.33761685296486e-05,-0.000100004627711314,-5.93167806073325e-05,-8.51193599373801e-05,0,0,0,-0.00213391460971479,-0.00113808895059719,-0.000970147046963632,-0.00207347506196243,-9.41143844102044e-06,0,0,-3.18651533461889e-05,-3.67930451830034e-05,-0.0012097344449491,0,0,0,-0.000883476977946884,-3.19595264954842e-05,0,-6.01271040068241e-06,1.80384333248185e-07,0,0,-0.000306175896071181,0,-0.000626792203433979,0.000325080222346452,9.20494835554564e-06,6.20636690058518e-05,0,-0.00129910965517155,0,-0.0037824931374888,-0.000254440377375431,0,4.6099456803006e-06,-0.00138745654259687,-0.000982770348940676,-3.30619442934221e-05,-0.000410237531330182,0,2.17928567280978e-06,-2.60983421185301e-05,8.3052355189045e-05,-4.80447488371283e-06,-0.000420872601466726
0,-2.93641987809679e-05,0,-8.81595690316317e-05,-4.44165925728157e-06,0,-0.000525198438481311,-9.80932400125312e-05,-0.00157698861630706,-0.000250985708589724,0,-3.697002057379e-06,-2.5342846129206e-05,0,0,-0.000571212503018614,0,0,0,-4.2304836057383e-05,-0.00016287975540763,-0.000308203075292113,-0.000185519728802319,-0.00762583363734848,0,0,0,-0.00174150172051668,-7.40262330509722e-05,-1.2344763490546e-05,0,0,-3.09269053104799e-05,0,0,-0.00151813569436854,-7.71354043536121e-05,-3.58037832484115e-05,-1.46517022585613e-05,-0.000343253371795527,0,-3.21357147186063e-05,-0.000854564474593644,-7.74726877352805e-05,-0.000264987321315857,-8.91766267159255e-05,-0.000313900269816259,0,-2.89325562334852e-05,0,-0.000352011066752311,-5.94692710365052e-06,-0.0002300344411168,0,-6.82553513797757e-06,-0.000211135057725187,-2.33204514756835e-05,-0.00298520894648391,-5.78703467510877e-05,-4.2969000787707e-05,-4.69584792028854e-05,0,-7.33609492584719e-05,-8.73444761282371e-05,-0.000693281360781839,0,0,0,-1.66501791909468e-05,-7.90353255979426e-05,-0.00218495989793155,-0.000254440377375431,-0.00950454662302036,-2.01460566131573e-05,0,-0.000480690326867261,-0.00245195330523984,-8.24784121959965e-05,-0.000177521479599818,0,0,-4.46524877588672e-05,-0.000134331758999906,0,-7.38426974749018e-05
0,-1.25362307699106e-05,0,0,0,0,0,0,0,0,-3.37135826384838e-05,0,-0.000242839271656692,0,0,0,0,0,0,0,0,-2.21366972255055e-05,0,0,-0.000275100157182351,-4.63858223156421e-05,-0.000189079118570135,0,0,0,-0.00019548929242319,0,0,3.6883463394588e-07,0,0,-1.73810539649821e-05,-1.81092159436957e-05,0,0,0,4.16548016346496e-06,0,1.75907193806779e-05,1.96961543270646e-05,3.09445802315622e-07,0,0,4.64811521680986e-05,0,-0.000128351738112542,0,0,0,0,0,0,-0.000102997890053302,0,1.95800040856398e-05,0,-0.000271921418956822,3.72488102584612e-07,0,-2.58501131611411e-05,0,4.50257857664838e-06,-9.36716901378531e-07,0,0,-7.07577555658645e-05,0,-2.01460566131573e-05,-6.81018945982714e-05,-5.95574579165259e-06,-0.000640729102201476,0,0,0,-9.77885745214735e-05,0,0,1.20279604960416e-05,0,0
0,-6.43037756731246e-05,-3.56244827344199e-05,0,0,0,0,0,0,0,-3.07593376192017e-05,0,-7.00709393868237e-05,0,0,0,-2.6751252903523e-05,0,-3.10894711219589e-06,0,0,-3.1472723094339e-06,-2.78946527032531e-06,0,-8.78051866948226e-05,-0.000794767641561833,-0.00193003610806386,0,0,0,-0.000367017169992323,0,0,-8.73100009357586e-06,0,-2.37256240325223e-05,-7.50941929936744e-05,-2.45964715759328e-05,-2.89952140519745e-06,0,0,0,1.2014444099151e-05,0.000133979666154249,0.000120864685449362,4.79336034011624e-05,0,0,1.21062851121678e-06,-1.58223911057576e-05,-1.03984332895379e-05,-0.000158448038650505,0,0,0,-6.30516445880858e-05,0,0,0,0.000121600425800006,0,-1.42472893287504e-05,-3.08320500153059e-06,0,0,0.000166142835628325,0.000602407639798574,0.000441997533116023,0,-7.80495315666485e-06,0,4.6099456803006e-06,0,-5.95574579165259e-06,0.00119555625061929,6.37898665374337e-05,-7.32257478830434e-06,2.60392564621625e-06,-6.75427796039685e-05,-6.0648104891925e-05,1.10202329040021e-06,0,0.000100297188069476,0,-6.15766850842192e-08
0,-0.000858354966226216,-0.00107058421940565,0,0,0,0,0,0,0,-3.19178225254291e-05,0,-0.00027059574267696,0,0,-0.000939639061925845,-0.000290948943700187,-2.29256784223253e-05,-2.32426896218385e-05,0,0,-0.000683974831645173,-0.00142269258844863,-6.27953677394544e-05,-0.000180162144033602,-0.00132958772294955,-0.0130283581399482,0,0,0,-0.000380315648953911,0,0,-0.000116315229433894,0,-0.000323521772770619,-0.000717498700097963,-0.00041053392072854,-0.000293509906441614,0,0,0,-0.00178380930838529,-0.000536653874917636,-0.00064227215930579,-0.000917001079714486,3.38502377417171e-06,0,-2.09858517337125e-05,-2.63624883700686e-06,-0.00206653637246745,-0.000712417214391081,-6.21306435277802e-06,0,0,-8.62176714235829e-05,0,-0.000389168649007843,0,-3.71195494892618e-05,0,-0.000210253325207077,0,0,-0.00170608300732056,-4.93492163808895e-05,2.04584604128755e-05,0.000154183316220635,0,-9.17346802680186e-05,-0.000950993088281393,-0.00138745654259687,-0.000480690326867261,-0.000640729102201476,6.37898665374337e-05,-0.0078621311411835,-0.000199336726836918,0,-1.04712673874019e-05,-0.000128969968727688,-9.54810730036115e-06,-1.36682228912832e-05,8.43751842012352e-05,0,-8.46829962029005e-05
0,0,0,0,0,0,-7.76581364334561e-05,0,-0.0010787513995183,0,0,-8.57523536978988e-06,-1.50652913362137e-05,0,0,-9.62568528848351e-05,0,0,0,0,-2.6021010853583e-05,-7.63245025154902e-05,-8.02251815912314e-06,-0.00478667522247633,0,0,0,-0.000515089045620698,0,0,0,0,0,-2.17719098145608e-05,0,-0.000784353035442109,-1.17198533189367e-05,0,0,-8.61061562318355e-05,0,0,-0.00216648071551617,-9.03296181604674e-05,-0.00112084710091409,-0.000537408634954772,-0.000496905515831259,-4.53410489171802e-05,-1.75848963408498e-05,-1.1770621767937e-05,-8.82354015629971e-06,-0.000173189160022957,-0.000178468201804449,0,-8.84904167719469e-07,-0.00355146697313558,-0.000215365074826224,-0.00100247824306621,-5.21063575709135e-06,-0.000189284759926522,2.40130724762366e-05,0,-0.000294695486275032,-1.45601970871212e-05,-0.000194746551869684,-9.21692881661329e-06,0,0,-2.10911357498844e-05,-0.0012553037613543,-1.49199649968068e-05,-0.000982770348940676,-0.00245195330523984,0,-7.32257478830434e-06,-0.000199336726836918,-0.00563139156037451,-0.000445364850634178,-0.00115369522166375,0,0,-0.000169933096231034,-0.000396483214828436,-2.03535082619055e-05,-0.000191923523289006
0,0,0,0,0,0,0,0,-9.41742473514751e-06,0,0,0,0,0,0,-1.43412353281747e-05,0,0,0,0,0,-1.14242102426942e-05,0,0,0,0,0,0,0,0,0,0,0,0,0,0,0,0,0,0,0,2.53866733146424e-06,-0.000186240776656632,1.79142631395734e-07,-0.000121385173166288,-2.17872866983271e-05,-1.37547129099858e-05,-1.56174019139144e-06,2.66522874881048e-06,-0.000136250537545402,0,-2.80343892882229e-05,-3.2236152378573e-06,0,8.59908638517481e-06,-0.000369628744877559,-1.55187216250852e-05,-1.95844090740138e-05,-9.11645872747613e-06,3.67583214710976e-05,1.3899834783615e-05,5.64991336204912e-06,0.000105145294995168,-2.60850742961338e-06,-3.19939117616741e-05,-5.3616659521083e-06,3.16238201776287e-05,-2.70444786565349e-07,-7.10951866267351e-08,-1.97497686542647e-05,0,-3.30619442934221e-05,-8.24784121959965e-05,0,2.60392564621625e-06,0,-0.000445364850634178,0.000246157346831311,-0.000274425341899587,3.7917200756965e-07,6.69993397650614e-06,-7.34267801894006e-05,3.86526661744213e-05,-4.49667504653917e-06,-3.81769512500796e-05
0,0,0,0,0,0,0,0,-2.89862837234978e-05,0,0,0,0,0,0,-6.12475514571997e-05,0,0,0,0,-9.86302516139403e-05,-2.78356128546875e-05,-2.10505022550933e-05,-6.60075088489975e-05,0,0,0,-9.72160187302507e-05,0,0,0,0,0,0,0,-9.14893494154967e-05,0,0,0,0,0,0,-0.000828092659503454,-4.16857883465127e-05,-0.000244625922519504,-6.2751168620423e-05,-1.96853598026792e-05,-2.25996082008351e-05,0,-8.22691010409216e-05,0,-2.97924393635185e-05,0,0,0,-0.000833574198653153,-2.97028173861236e-05,0,0,-4.78786273561127e-06,-3.42171574629901e-06,0,-0.000373363033287666,0,-5.32989636212733e-05,-2.95093178692696e-05,0,-1.11974606298304e-05,0,-0.000816145419108238,0,-0.000410237531330182,-0.000177521479599818,0,-6.75427796039685e-05,-1.04712673874019e-05,-0.00115369522166375,-0.000274425341899587,-0.00151788583895729,0,-6.51408208796056e-06,-5.33544891823112e-05,-0.000183428498450766,0,-0.000159316644385399
0,0,0,0,0,0,0,0,0,0,-8.57400046356815e-05,0,-0.000389936401262503,0,0,0,0,0,0,0,0,0,0,0,-6.96866997031975e-05,-0.00027486670143162,-0.000104819450143623,0,0,0,-0.000366187573945354,0,0,-5.29735780219198e-06,0,0,-4.8275830977218e-07,-2.42793203142355e-06,0,0,0,1.40888585065113e-06,0,-5.94331548242621e-05,-1.28051756860259e-05,-6.47068063130973e-06,0,0,-4.23670326199499e-06,0,-9.79458582150983e-06,0,0,0,0,0,0,0,0,-1.87985060478013e-05,0,-0.000100117992815285,6.13053714459966e-07,0,0,0,5.873066015738e-07,0,0,0,-5.46593037142884e-06,0,0,-9.77885745214735e-05,-6.0648104891925e-05,-0.000128969968727688,0,3.7917200756965e-07,0,-0.000112660311629043,0,0,-6.60152574027961e-06,0,0
0,0,0,0,0,0,0,0,0,0,0,0,0,0,0,0,0,0,0,0,0,0,0,0,0,0,0,0,0,0,0,0,0,0,0,0,0,3.46188198818709e-06,0,0,0,-2.5248282611301e-06,-0.000164946391009835,-1.03947195384535e-06,-4.36989237471153e-05,-3.71139209391913e-05,-4.18633064782625e-05,-1.57976519403746e-05,-3.68167934539088e-06,0,0,0,0,-6.30658882982971e-05,-1.93974829674204e-05,0,-7.57649281268868e-05,0,0,-2.67380877350121e-06,6.64408332795574e-07,3.13456121148192e-06,7.20707042489721e-06,0,0,0,1.01983023341745e-05,8.68136612552917e-06,-7.61205546950805e-06,1.13189389594481e-06,0,2.17928567280978e-06,0,0,1.10202329040021e-06,-9.54810730036115e-06,0,6.69993397650614e-06,-6.51408208796056e-06,0,-0.00032133469881046,-2.9631053621415e-05,-0.000870238489227404,0,-5.4073448723102e-05
0,0,0,0,0,0,0,0,-7.5363877840573e-05,0,0,0,0,0,0,-2.41468169406289e-05,0,0,0,0,-3.12282027152833e-05,0,0,-0.000380501245672349,0,0,0,0,0,0,0,0,0,0,0,-2.67132218141342e-05,0,0,0,0,0,0,0,-7.25530981071643e-06,-1.20974932542595e-05,-1.45569083542796e-05,0,0,0,-8.86871384864207e-06,0,-7.87181215855526e-06,0,0,0,-5.22005195762176e-05,0,0,0,0,0,0,-3.98757833579566e-05,0,0,0,0,0,0,-2.2108368739282e-05,0,-2.60983421185301e-05,-4.46524877588672e-05,0,0,-1.36682228912832e-05,-0.000169933096231034,-7.34267801894006e-05,-5.33544891823112e-05,0,-2.9631053621415e-05,-5.9741095764565e-05,-2.58711358469554e-06,-8.99301630852278e-06,0
0,0,0,0,0,0,0,0,0,0,0,0,-3.27681402723101e-06,1.45612065125533e-05,0,0,0,0,0,0,0,0,-8.80806965142256e-06,-5.48628468095558e-05,1.92514198715799e-06,0,-1.64739758474752e-05,-5.58673636987805e-05,3.05417233903427e-06,0,0,0,0,2.32436150326976e-05,-2.57721308116743e-06,0,1.37440656544641e-06,-1.53790983858926e-06,1.39581993607862e-05,0,0,2.02787814487237e-05,-0.000160362964021665,2.48230450541342e-05,-0.000120241761892625,-1.83432607414602e-05,-1.61742451041391e-05,-7.43221198717947e-06,8.90341749482104e-06,-5.97516702782741e-07,1.00699647731517e-05,5.78154626396099e-06,-3.8546827454411e-06,-0.000387542922453576,-9.82385505974293e-05,-0.000254146787789011,1.0215552720183e-05,-1.72883692357573e-05,-1.23053668801276e-05,0.000692610146785455,2.75182927111928e-07,3.18885650330003e-05,3.94785532762398e-05,0,-4.23127230533282e-05,0.000876908807697419,0.000334484373524901,0.000879230226814798,-2.43781842641511e-05,4.20343455873606e-05,-4.73234990749916e-07,8.3052355189045e-05,-0.000134331758999906,1.20279604960416e-05,0.000100297188069476,8.43751842012352e-05,-0.000396483214828436,3.86526661744213e-05,-0.000183428498450766,-6.60152574027961e-06,-0.000870238489227404,-2.58711358469554e-06,0.00058053666615443,-2.09860085078617e-05,-8.49393040880386e-05
0,0,0,0,0,-8.93678461579839e-05,0,0,0,0,0,-0.000181583941753161,0,0,-9.46770512655348e-06,0,0,0,0,0,0,0,0,0,0,0,0,0,0,0,0,0,0,-2.27575287681248e-05,-0.0118656194294386,-6.27799473704727e-05,-5.58923607059114e-05,-1.76515140992706e-06,-0.000438946534302431,0,0,0,-0.000487509929186558,-6.88507931130289e-05,-0.000114510523417266,-0.00041374228925406,-4.64042987005087e-05,-7.48332258808659e-05,0,0,0,0,0,0,-0.000105676629985396,-3.24222896779247e-05,-4.10829670727253e-06,0,-2.92624225721738e-05,-2.5299853054328e-05,-0.000188638322214274,0,0,0,0,0,0,0,0,-4.51086316388682e-06,0,-4.80447488371283e-06,0,0,0,0,-2.03535082619055e-05,-4.49667504653917e-06,0,0,0,-8.99301630852278e-06,-2.09860085078617e-05,-0.013945156306749,-0.00610557402540923
0,0,-4.48575906375481e-05,0,-2.51321384894254e-05,-8.31687934805814e-05,-5.34444698132575e-05,-2.28844751291035e-05,-0.000180039007318555,-5.81996728215017e-05,2.70589112005837e-06,-6.34175239611068e-05,0,0,-2.44436796492664e-06,-7.61395876907045e-05,-3.69423260053736e-05,0,0,0,-0.000621690853677137,-2.5668581656646e-05,-0.00102170390618994,-6.34427260592929e-05,0,-2.9958749337311e-05,-0.000267213069037098,-0.000170264817825228,-8.93931262737624e-05,-0.000428916861892503,0,-2.3612877157575e-05,0,-0.000250362179485819,-0.00795902210157351,-0.000708682608774325,-0.00135126661189133,-0.000610495697948465,-0.00444795785006136,-2.30370897043031e-05,-0.000119132807412825,0,-0.000460674395299066,-9.51586107582614e-05,-0.000248839664649836,-0.00246278098856578,-2.1612493583234e-05,-6.28804004918493e-05,0,-5.58048304810654e-06,0,-1.13444839371368e-05,-1.03068578027887e-06,-9.9769645203196e-06,-1.26525076211692e-05,-9.77108663846593e-05,-1.65213995160229e-05,-4.71753519377671e-05,-8.2413916970836e-06,-8.66193804540671e-05,-2.01166304805156e-05,0,-3.3226267248665e-07,0,-5.1719040129683e-05,0,1.040500774252e-05,2.47340426540177e-06,-1.49633831370011e-06,-0.000253854627999317,0,-0.000420872601466726,-7.38426974749018e-05,0,-6.15766850842192e-08,-8.46829962029005e-05,-0.000191923523289006,-3.81769512500796e-05,-0.000159316644385399,0,-5.4073448723102e-05,0,-8.49393040880386e-05,-0.00610557402540923,-0.000589980328811635
