303.263018906116,204.061687529087,9.03251051902771,0.986762642860413,542.956398427486,18.6678336858749,1.99746686220169,649.40784406662,36.6953865885735,8.87234407663345,668.107278287411,14.9055592417717,65.2729827165604,0,2.98020529747009,41.9088951349258
204.061687529087,171.390434205532,39.1461032629013,28.5662403106689,10.9914227128029,40.6118331551552,5.90289527177811,36.5138634443283,274.649122714996,322.632140576839,9.00678664445877,3.00349473953247,36.6477430462837,1.99554526805878,156.283942461014,33.0110940933228
9.03251051902771,39.1461032629013,198.224829912186,96.1322805285454,482.187229394913,827.491171121597,94.2694049477577,454.702782452106,85.5788923501968,3.90126180648804,0,8.9049152135849,11.7828513979912,0,8.79407012462616,0.983471810817719
0.986762642860413,28.5662403106689,96.1322805285454,16.9803075790405,10.8452065587044,85.9377760887146,50.903671503067,107.529498457909,583.164331793785,31.3021937608719,0,90.3419364690781,0,1.97084146738052,344.67608833313,5.873783826828
542.956398427486,10.9914227128029,482.187229394913,10.8452065587044,370.699081778526,348.996979892254,166.703025400639,15.8143934607506,4.9451225399971,2.01546466350555,3.01875436306,28.7755922079086,37.5837445259094,0,24.713095664978,7.0152930021286
18.6678336858749,40.6118331551552,827.491171121597,85.9377760887146,348.996979892254,257.303034842014,77.8727813959122,180.324290931225,4.99856144189835,1.01454985141754,0,17.7132161259651,220.726386070251,0,383.743142068386,14.862615942955
1.99746686220169,5.90289527177811,94.2694049477577,50.903671503067,166.703025400639,77.8727813959122,91.0051667690277,35.3340553045273,0,0,0,914.686310350895,10.8059480190277,0,44.4762814640999,0
649.40784406662,36.5138634443283,454.702782452106,107.529498457909,15.8143934607506,180.324290931225,35.3340553045273,82.9096544981003,0.984737038612366,0.979531109333038,0,657.573264360428,57.6121146678925,4.99288481473923,47.4165103435516,38.4155395030975
36.6953865885735,274.649122714996,85.5788923501968,583.164331793785,4.9451225399971,4.99856144189835,0,0.984737038612366,260.418424487114,22.7536287903786,0.989996433258057,0.972762584686279,0,811.945608556271,84.6312619447708,277.068748116493
8.87234407663345,322.632140576839,3.90126180648804,31.3021937608719,2.01546466350555,1.01454985141754,0,0.979531109333038,22.7536287903786,118.977402150631,0,0,0,423.717148661613,46.1189672350883,402.095123708248
668.107278287411,9.00678664445877,0,0,3.01875436306,0,0,0,0.989996433258057,0,167.232419550419,0,1.96433520317078,0,0.9971062541008,453.12274056673
14.9055592417717,3.00349473953247,8.9049152135849,90.3419364690781,28.7755922079086,17.7132161259651,914.686310350895,657.573264360428,0.972762584686279,0,0,222.401300430298,134.423373103142,0,3.8885258436203,1.99313861131668
65.2729827165604,36.6477430462837,11.7828513979912,0,37.5837445259094,220.726386070251,10.8059480190277,57.6121146678925,0,0,1.96433520317078,134.423373103142,157.941774845123,2.00034636259079,10.7851147651672,225.005648851395
0,1.99554526805878,0,1.97084146738052,0,0,0,4.99288481473923,811.945608556271,423.717148661613,0,0,2.00034636259079,203.456621527672,0.997875690460205,99.1756558418274
2.98020529747009,156.283942461014,8.79407012462616,344.67608833313,24.713095664978,383.743142068386,44.4762814640999,47.4165103435516,84.6312619447708,46.1189672350883,0.9971062541008,3.8885258436203,10.7851147651672,0.997875690460205,166.186207294464,3.92217987775803
41.9088951349258,33.0110940933228,0.983471810817719,5.873783826828,7.0152930021286,14.862615942955,0,38.4155395030975,277.068748116493,402.095123708248,453.12274056673,1.99313861131668,225.005648851395,99.1756558418274,3.92217987775803,108.946241915226
