531.799860715866,267.882114857435,10.1465430259705,0,550.243452221155,21.7266150414944,2.77565932273865,550.820967331529,27.64528170228,1.81970316171646,597.94931140542,19.8486317396164,45.5714060366154,0.86292564868927,1.60020449757576,31.7582286149263
267.882114857435,422.140275254846,69.7161096036434,14.480177462101,18.2119888961315,29.8963040709496,4.19026964902878,20.1460723876953,265.09354031086,223.515206158161,3.58244302868843,8.40420770645142,22.6558441072702,8.03722405433655,203.220475703478,26.5542085021734
10.1465430259705,69.7161096036434,435.474042326212,64.8259647041559,532.920237123966,749.589142054319,49.2532623261213,232.677095383406,41.8127089738846,1.56072430312634,0,12.6686839461327,11.5023653954268,0.395427227020264,10.1764970272779,0
0,14.480177462101,64.8259647041559,13.3858371078968,9.89430151879787,41.4311720877886,21.3507285714149,66.8589081019163,335.255694493651,14.5761411190033,0,77.3663681149483,0,4.38082093000412,170.468177989125,4.15641517937183
550.243452221155,18.2119888961315,532.920237123966,9.89430151879787,826.463662967086,452.416485205293,117.801940619946,11.368730455637,3.38998964428902,0.585966050624847,0.50244152545929,16.2133725881577,23.6434785276651,0,38.5252301245928,15.3462132066488
21.7266150414944,29.8963040709496,749.589142054319,41.4311720877886,452.416485205293,616.772432222962,34.7086932808161,101.73213262856,10.7588893473148,2.36525915563107,0,5.77292819321156,120.356442555785,0,216.343039989471,6.34171284735203
2.77565932273865,4.19026964902878,49.2532623261213,21.3507285714149,117.801940619946,34.7086932808161,189.197197362781,20.0090589523315,0,0,0,1040.98191204667,4.77309633791447,0,17.1598064750433,0
550.820967331529,20.1460723876953,232.677095383406,66.8589081019163,11.368730455637,101.73213262856,20.0090589523315,139.26133877039,1.04138737916946,1.4106437265873,0.402215749025345,539.382999747992,63.0612265616655,6.05243989825249,23.1398299783468,24.7265862822533
27.64528170228,265.09354031086,41.8127089738846,335.255694493651,3.38998964428902,10.7588893473148,0,1.04138737916946,594.877045214176,11.5230228900909,0.276678949594498,0,0,1130.4491302222,31.6497399061918,172.986385032535
1.81970316171646,223.515206158161,1.56072430312634,14.5761411190033,0.585966050624847,2.36525915563107,0,1.4106437265873,11.5230228900909,188.393654078245,0.216031804680824,0,0,425.277739912271,33.9661862403154,190.368992298841
597.94931140542,3.58244302868843,0,0,0.50244152545929,0,0,0.402215749025345,0.276678949594498,0.216031804680824,325.222080200911,0,0.231014832854271,0,0,447.132450610399
19.8486317396164,8.40420770645142,12.6686839461327,77.3663681149483,16.2133725881577,5.77292819321156,1040.98191204667,539.382999747992,0,0,0,624.592890039086,107.860371351242,0,2.80358000099659,6.18008694052696
45.5714060366154,22.6558441072702,11.5023653954268,0,23.6434785276651,120.356442555785,4.77309633791447,63.0612265616655,0,0,0.231014832854271,107.860371351242,188.940982252359,2.16502252221107,6.43523848056793,174.777920648456
0.86292564868927,8.03722405433655,0.395427227020264,4.38082093000412,0,0,0,6.05243989825249,1130.4491302222,425.277739912271,0,0,2.16502252221107,494.1166061759,0,162.311437562108
1.60020449757576,203.220475703478,10.1764970272779,170.468177989125,38.5252301245928,216.343039989471,17.1598064750433,23.1398299783468,31.6497399061918,33.9661862403154,0,2.80358000099659,6.43523848056793,0,190.259120374918,3.2787418961525
31.7582286149263,26.5542085021734,0,4.15641517937183,15.3462132066488,6.34171284735203,0,24.7265862822533,172.986385032535,190.368992298841,447.132450610399,6.18008694052696,174.777920648456,162.311437562108,3.2787418961525,80.3171643912792
