-37.5699016883445,5.86490160110407,-3.5022820495069,-2.11455765366554,-18.3744220391382,-3.86628503445536,-1.08884048461914,-103.330494508555,-13.8411397263408,-1.60279388725758,-7.78724348565447,0.71002883464098,5.52801899984479,0,-3.92997735925019,16.4442980881431
5.86490160110407,11.4840770438313,8.63290409557521,-5.08231443911791,-0.125410303473473,-24.1655425532954,-4.7002462297678,-13.8737551681697,-31.5137010239996,-5.64400275656953,0,-1.38282278180122,0.194281226024032,-0.694627016782761,-3.4694989619893,0.410735141485929
-3.5022820495069,8.63290409557521,-32.7710083960555,-1.35549917537719,2.65264782225131,-21.4418286062246,0.800072817131877,-22.2734400192276,1.45263955579139,2.9114308655262,-0.541861534118652,-3.70255156606436,-13.6736099626869,0,1.42024360597134,0
-2.11455765366554,-5.08231443911791,-1.35549917537719,-2.61261881887913,-1.75965875387192,-10.3589112348855,0.497468332760036,6.65047940611839,-143.880008602166,-8.17594343051314,0,0.42036057356745,0.40767166018486,0,-52.3259927015533,-0.594776421785355
-18.3744220391382,-0.125410303473473,2.65264782225131,-1.75965875387192,-20.1682234345935,9.046293784515,-1.19791143573821,-11.785764020693,-3.87656038254499,0,-0.326608687639236,1.30295840650797,-32.4062412813655,0,-4.12526174727827,-0.691997036337852
-3.86628503445536,-24.1655425532954,-21.4418286062246,-10.3589112348855,9.046293784515,-2.83487753360532,4.25966646289453,-10.4155720882118,-9.02846153080463,-2.85305789113045,0,0.933092623949051,-15.0454522185028,0,-90.9805374043062,-5.63033381104469
-1.08884048461914,-4.7002462297678,0.800072817131877,0.497468332760036,-1.19791143573821,4.25966646289453,-13.2045176587999,-9.82584109343588,-8.56241357326508,-3.80075998976827,0,-24.7864932566299,-5.24133998155594,0,-28.176930822432,-1.45858669281006
-103.330494508555,-13.8737551681697,-22.2734400192276,6.65047940611839,-11.785764020693,-10.4155720882118,-9.82584109343588,-7.89551163092256,-7.39876532368362,-1.97972548007965,0,-21.0328885946074,-3.88689079508185,0.272882645949721,-31.8714681509882,-6.09134068200365
-13.8411397263408,-31.5137010239996,1.45263955579139,-143.880008602166,-3.87656038254499,-9.02846153080463,-8.56241357326508,-7.39876532368362,-49.9381609978154,0.0999942566268146,0,-3.70155808329582,0.0657670199871063,24.5526753265294,-14.3768436862156,1.2607112590922
-1.60279388725758,-5.64400275656953,2.9114308655262,-8.17594343051314,0,-2.85305789113045,-3.80075998976827,-1.97972548007965,0.0999942566268146,-2.51939618051983,0,-0.725910186767578,0,-7.52310606712126,-6.04944602400064,8.52154960023472
-7.78724348565447,0,-0.541861534118652,0,-0.326608687639236,0,0,0,0,0,1.45315173105337,0,0,0,-0.585669696331024,-0.825391609687358
0.71002883464098,-1.38282278180122,-3.70255156606436,0.42036057356745,1.30295840650797,0.933092623949051,-24.7864932566299,-21.0328885946074,-3.70155808329582,-0.725910186767578,0,-15.7040082144085,-1.48256093403324,0,-9.84654553979635,-3.21977734565735
5.52801899984479,0.194281226024032,-13.6736099626869,0.40767166018486,-32.4062412813655,-15.0454522185028,-5.24133998155594,-3.88689079508185,0.0657670199871063,0,0,-1.48256093403324,-1.38981409545522,-0.293341249227524,-10.2617766018957,-0.0221953173168004
0,-0.694627016782761,0,0,0,0,0,0.272882645949721,24.5526753265294,-7.52310606712126,0,0,-0.293341249227524,10.0080221090466,0,-5.02850184729323
-3.92997735925019,-3.4694989619893,1.42024360597134,-52.3259927015533,-4.12526174727827,-90.9805374043062,-28.176930822432,-31.8714681509882,-14.3768436862156,-6.04944602400064,-0.585669696331024,-9.84654553979635,-10.2617766018957,0,-27.5239086810907,-0.91950798779726
16.4442980881431,0.410735141485929,0,-0.594776421785355,-0.691997036337852,-5.63033381104469,-1.45858669281006,-6.09134068200365,1.2607112590922,8.52154960023472,-0.825391609687358,-3.21977734565735,-0.0221953173168004,-5.02850184729323,-0.91950798779726,-7.93596193380654
