272.04904961586,223.525488913059,16.9970129728317,2.98094075918198,450.76032948494,22.9306880235672,10.968990623951,766.803210794926,88.7579687833786,4.98852980136871,606.393107116222,19.9531893730164,74.7644966244698,0,17.9284942746162,42.9484527111053
223.525488913059,134.088384211063,32.9959316849709,24.8346287608147,13.9897276759148,92.7231676578522,7.96573424339294,38.8827265501022,290.661171674728,260.340496897697,0,1.9951758980751,34.8754660487175,1.99791043996811,204.989426374435,28.0135684609413
16.9970129728317,32.9959316849709,188.058301329613,109.447971940041,436.94094979763,823.018459796906,60.7865378856659,387.761568486691,72.54360049963,11.9450461864471,0,9.96991384029388,69.5751365423203,0,20.8723945021629,0
2.98094075918198,24.8346287608147,109.447971940041,39.9464903473854,9.97045469284058,68.461951315403,20.8934523463249,90.5502544641495,919.821557044983,55.544165790081,0,77.5006431341171,2.9689131975174,3.97433757781982,435.288527607918,7.91765737533569
450.76032948494,13.9897276759148,436.94094979763,9.97045469284058,314.167214274406,304.112709760666,86.8418880701065,11.9859123826027,3.99957090616226,0.998762488365173,3.00582563877106,17.007034778595,118.5411708951,0,45.8749771714211,9.00163191556931
22.9306880235672,92.7231676578522,823.018459796906,68.461951315403,304.112709760666,300.031233370304,88.7639098763466,103.597535431385,26.8448129892349,16.9038299322128,0,18.9607387781143,187.996418535709,0,501.507064640522,8.96553361415863
10.968990623951,7.96573424339294,60.7865378856659,20.8934523463249,86.8418880701065,88.7639098763466,88.0042861104012,57.8305522203445,35.7584440112114,8.93578863143921,0,813.182550191879,22.8944144248962,0.996230125427246,108.158036112785,4.97081369161606
766.803210794926,38.8827265501022,387.761568486691,90.5502544641495,11.9859123826027,103.597535431385,57.8305522203445,112.94423109293,23.8620520830154,12.9165100455284,0,554.955776691437,59.8534576892853,4.99089008569717,158.858221888542,53.7831439375877
88.7579687833786,290.661171674728,72.54360049963,919.821557044983,3.99957090616226,26.8448129892349,35.7584440112114,23.8620520830154,218.076838970184,10.967380464077,0,5.97668486833572,0,685.887342751026,88.5391525626183,278.220220148563
4.98852980136871,260.340496897697,11.9450461864471,55.544165790081,0.998762488365173,16.9038299322128,8.93578863143921,12.9165100455284,10.967380464077,131.998733758926,0,2.98472422361374,1.9903410077095,416.687402129173,69.7666959762573,339.184788644314
606.393107116222,0,0,0,3.00582563877106,0,0,0,0,0,172.058997094631,0,0.996032536029816,0,0,428.007615923882
19.9531893730164,1.9951758980751,9.96991384029388,77.5006431341171,17.007034778595,18.9607387781143,813.182550191879,554.955776691437,5.97668486833572,2.98472422361374,0,226.099776029587,136.587919771671,0,46.7043873667717,3.98565918207169
74.7644966244698,34.8754660487175,69.5751365423203,2.9689131975174,118.5411708951,187.996418535709,22.8944144248962,59.8534576892853,0,1.9903410077095,0.996032536029816,136.587919771671,159.941166341305,1.99538123607635,56.5878707766533,221.206444680691
0,1.99791043996811,0,3.97433757781982,0,0,0.996230125427246,4.99089008569717,685.887342751026,416.687402129173,0,0,1.99538123607635,174.081947684288,0,86.0478079319
17.9284942746162,204.989426374435,20.8723945021629,435.288527607918,45.8749771714211,501.507064640522,108.158036112785,158.858221888542,88.5391525626183,69.7666959762573,0,46.7043873667717,56.5878707766533,0,140.987587749958,13.9385980963707
42.9484527111053,28.0135684609413,0,7.91765737533569,9.00163191556931,8.96553361415863,4.97081369161606,53.7831439375877,278.220220148563,339.184788644314,428.007615923882,3.98565918207169,221.206444680691,86.0478079319,13.9385980963707,86.9743845462799
