-0.000689660692267946,-0.004561280983431,-0.000397707201045705,-5.07360091432929e-05,-0.0227423084167526,-0.000513497628617188,-0.000178646078893507,-0.029082805461595,-0.00211245277233729,-0.000296911259283661,-0.00759433904106022,-0.000402828905357921,-0.000782894545181989,-6.00622797719552e-06,-0.000401669721213693,-0.000246673886834969
-0.004561280983431,-0.000249775423460719,-0.00157146393795671,-0.00109126184997876,-0.000182484048309561,-0.00399988480717184,-0.000560229969778447,-0.00277621856912447,-0.0110864134795587,-0.00437776564220838,-4.4359035200614e-06,-0.000497576755151385,-0.000741456268997354,-9.40598556553596e-05,-0.00822406893848893,-0.000190042106424926
-0.000397707201045705,-0.00157146393795671,-0.000602009266256864,-0.00184660268587322,-0.00896257968923919,-0.0180719913152991,-0.00132784015181642,-0.0066255476230026,-0.000533002980503738,-1.79776890263383e-05,0,-0.000238573805290798,-0.000980407766292046,0,-0.000491319733669116,0
-5.07360091432929e-05,-0.00109126184997876,-0.00184660268587322,-0.000232098079202103,-0.000286417521238036,-0.00307538553806808,-0.000709028903656872,-0.00267003711792313,-0.0294561787465737,-0.000954095482612161,0,-0.00225566778317443,-0.000126326569443336,-3.08507806039415e-05,-0.013885989946175,-7.05384150023747e-05
-0.0227423084167526,-0.000182484048309561,-0.00896257968923919,-0.000286417521238036,-0.00092207902469843,-0.00819848728789907,-0.00314508738330233,-0.000886511014641655,-0.000472176128823776,-5.26010826433776e-05,-0.000108213921521383,-0.00140719850696769,-0.00329457045677373,0,-0.00136224852440137,-2.79519907735448e-05
-0.000513497628617188,-0.00399988480717184,-0.0180719913152991,-0.00307538553806808,-0.00819848728789907,-0.00150304584397165,-0.00171835040760016,-0.00466720735857962,-0.00101151923445286,-0.000585053738632269,0,-0.000407322112550901,-0.00483069707252071,0,-0.0238901730733687,-0.000316331692374661
-0.000178646078893507,-0.000560229969778447,-0.00132784015181642,-0.000709028903656872,-0.00314508738330233,-0.00171835040760016,-0.000232126096184171,-0.00222851183889361,-0.000892390393346432,-0.000216424898098921,0,-0.0165799649873959,-0.000334002122400534,0,-0.00320213150598647,-0.000122847618513333
-0.029082805461595,-0.00277621856912447,-0.0066255476230026,-0.00267003711792313,-0.000886511014641655,-0.00466720735857962,-0.00222851183889361,-0.00055890906948175,-0.00107231959191267,-0.000223897926844074,0,-0.0229606376760447,-0.00178501259199493,-0.00027381350628275,-0.00458005166092335,-0.000914696487548383
-0.00211245277233729,-0.0110864134795587,-0.000533002980503738,-0.0294561787465737,-0.000472176128823776,-0.00101151923445286,-0.000892390393346432,-0.00107231959191267,-0.00070920526518492,-0.000234922528761672,0,-0.000288873052340932,-3.77732685592491e-05,-0.0138487764343047,-0.00355268871203407,-0.0042712879057234
-0.000296911259283661,-0.00437776564220838,-1.79776890263383e-05,-0.000954095482612161,-5.26010826433776e-05,-0.000585053738632269,-0.000216424898098921,-0.000223897926844074,-0.000234922528761672,-5.53723764471492e-05,0,0,0,-0.00121175861088529,-0.00175442802674297,-0.00184974395161319
-0.00759433904106022,-4.4359035200614e-06,0,0,-0.000108213921521383,0,0,0,0,0,2.9047690603079e-05,0,-2.72342936114001e-06,0,-6.65121115162037e-05,-0.00112492781219764
-0.000402828905357921,-0.000497576755151385,-0.000238573805290798,-0.00225566778317443,-0.00140719850696769,-0.000407322112550901,-0.0165799649873959,-0.0229606376760447,-0.000288873052340932,0,0,-0.00106090592599362,-0.00219961746542197,0,-0.00167574049555697,-0.000542847190445173
-0.000782894545181989,-0.000741456268997354,-0.000980407766292046,-0.000126326569443336,-0.00329457045677373,-0.00483069707252071,-0.000334002122400534,-0.00178501259199493,-3.77732685592491e-05,0,-2.72342936114001e-06,-0.00219961746542197,-0.00032586869711837,-0.000231313383210363,-0.00144275515231129,-0.00185211233167593
-6.00622797719552e-06,-9.40598556553596e-05,0,-3.08507806039415e-05,0,0,0,-0.00027381350628275,-0.0138487764343047,-0.00121175861088529,0,0,-0.000231313383210363,0.000102690944720873,0,-0.000398839585521671
-0.000401669721213693,-0.00822406893848893,-0.000491319733669116,-0.013885989946175,-0.00136224852440137,-0.0238901730733687,-0.00320213150598647,-0.00458005166092335,-0.00355268871203407,-0.00175442802674297,-6.65121115162037e-05,-0.00167574049555697,-0.00144275515231129,0,-0.000963203969999604,-0.000260724305917392
-0.000246673886834969,-0.000190042106424926,0,-7.05384150023747e-05,-2.79519907735448e-05,-0.000316331692374661,-0.000122847618513333,-0.000914696487548383,-0.0042712879057234,-0.00184974395161319,-0.00112492781219764,-0.000542847190445173,-0.00185211233167593,-0.000398839585521671,-0.000260724305917392,-7.52217315240777e-05
