14.8196433205158,0,-0.15314058214426,0,0,-0.251795798540115,0.221914265537634,-0.187361171119846,0,0.0368104428052902,0,-0.292929023504257,0,3.28568148973864,0,0,-0.0675757601857185,0,0,0,0.161370046436787,0,-0.958820138126612,0.284545511007309,0,0,0,0.144337177276611,2.97544090822339,4.71799976564944,0,0,0,-0.20232281088829,0,0,0.138953298330307,-0.191551856696606,0.0957939028739929,0.0048675574362278,0,0,0,0,0,0,0,0,0,0,0,0,0,0,0,0,0,0,0,0,0,0,0,0,0,0,0,0,0,0,0,0,0,0,0,0,0,0,0,0,0,0,0,0,0
0,4.90568926837295,0,0,0,0,0,0,-1.36677985452116,0,0.200856924988329,0,0.776400532573462,0,0,-1.63346515316516,0,0.0437908917665482,0,0,0.0664286240935326,-1.08981198724359,0.103319279849529,-0.979016901866999,-1.88054797018413,0.258848428726196,-4.75464099930832,0,0.0850184485316277,0,0.107201021164656,0,0.0382200442254543,-0.476257510483265,0,-0.0494919568300247,-0.298354612663388,0.153579473495483,0.0107443984597921,-0.0943780168890953,0,0,-0.25505805015564,0.235161716118455,0.1426693610847,-0.0995861813426018,0,0,0,0,-0.543654504464939,-0.0906690917909145,0,0,0,0,0,0.0811048597097397,0,0,0,-0.197290312498808,0,0,-0.0100551983341575,0.344337165355682,0,0.148285269737244,0,0,0,-0.0159559994935989,0.0849370732903481,0.0204263180494308,0.157472632126883,-4.83405467754346,0,0,0,0,0,0,0,0,0
-0.15314058214426,0,0.261829500552267,0,0,0,-1.70113114945707,-0.203593304104288,0,0,0,0,0,-0.150586718460545,0,0.146744817495346,3.53405844781082,0.128466168418527,-0.465109685435891,0,-1.00753877172247,-0.130726665258408,-0.493986462422072,-0.129119668155909,0,0.773117930162698,-10.3524784300243,-0.892355196177959,-0.270763194188476,0.0235825954005122,0,0,0,0.424175696447492,0,-0.450093573424965,-1.7998072670307,-1.95681501738727,-0.0916455689584836,0,0,0,-0.609080728143454,-0.146032575517893,0.138457421213388,0.182211758568883,0,0,0,0,0.101014158688486,-0.366610438271891,0,0,0,0,0,0,0,0,0,0,0,0,0.138423539698124,0.0670438185334206,0,0,0,0,0,1.59305694117211,0,0,0.165829129517078,-1.74231808446348,0,0,0,0,0,0,0,0,0.0579103482887149
0,0,0,-1.19243187532993,-0.0155390342697501,-0.154019978828728,0,-0.159914886578918,-1.13200292922556,-2.18562154890969,0,-0.455249899532646,0,0,-2.27165592927486,0,0,0,0,5.0942374849692,0,0,0,1.35920824389905,0,0,0,-0.0635731643997133,0.219614636152983,0,0,0,0,0.228474527597427,0,0.0661649573594332,0,-0.10504424571991,0,0.125901038292795,-0.169770434498787,0,0.103462420403957,0,0,0,0.310829715803266,0,0,0,0,0,0,0,0,0,0,0.610470123589039,0,0,-0.0515187755227089,0,0,0,0,0,0,0,0.722712188959122,0,0,0,-0.716643271967769,0,0,0,0,0,0,0,0,0,0,0,0
0,0,0,-0.0155390342697501,0.815008008852601,-5.20435291872127,-0.148502014577389,-0.107960678869858,0.0928968787193298,-0.335010901093483,0,0.110638499259949,0,0,-1.29835262242705,0,0,0,0,-0.340222471160814,0,0,0,-0.430709979496896,0,0,0,-0.0247133113443851,0,0,0,-0.651500001549721,0,0.349402755498886,0,-2.123356999713,-0.0539147411473095,-0.14421162288636,0,-5.93126809829846,-0.415534788277,0,0,0,0,0,-0.157534331083298,0,0,0,0,0,0,0,0,0,0,0,0,0,0.122885465621948,0,0,0,0,0,0,0,0,0,0,0,-0.102761641144753,0,0,0,0,0,0,0,0,0,0,0,-0.22243857383728
-0.251795798540115,0,0,-0.154019978828728,-5.20435291872127,14.9467462823377,0.0452010547742248,-7.18037728904164,0.000229615718126297,6.10476447944529,-0.141888335347176,1.17329604341649,0,0.944066567346454,0.301116005517542,0,0,0,0,0.944227226311341,0,0,0,0.0140930823981762,0,0,0,-0.202779314480722,0.705470493165194,0,0,-0.184595485683531,0,-2.43925961805508,-10.2155553856865,-3.30029429215938,-0.0545149520039558,0.349817495793104,-0.20519922208041,0.461941459216177,-0.226304575800896,-0.150957480072975,0,0,0.240005562081933,-0.18158246576786,0.441109552979469,0,-0.320018380880356,0,0,0,0,0,0,0,0,0.02291564270854,0,0.164662599563599,0.0330278035253286,0,0,0.167612060904503,0,0,0,0,0,0,0,0,0,0,0,0,0,0,0,0,0,0,0,0.111123245209455,0.0106012584874406
0.221914265537634,0,-1.70113114945707,0,-0.148502014577389,0.0452010547742248,30.2406371464604,-2.06991878332337,-0.463675789535046,1.20115173031809,0,0.00245550274848938,0,-2.24369345109153,-0.181349575519562,0.0539631061255932,0,0,0,0,0.299934962298721,0,-1.02230834518559,-0.696511890506372,0,0,-0.10017772205174,1.1055922845735,-1.09330940572545,3.99412832595408,0,0,0.438005924224854,-1.70403493661433,-0.153197333216667,-6.48815376489074,0.0261437222361565,-2.17750945640728,0.0301186926662922,-1.19600149570033,-0.141117790248245,0,-2.73627229034901e-05,0,0,0,0,0,0,0,0,0,0,0,0,0,0,0.155150903388858,0,0,0.162841737270355,0,0,0,0,0,0,0,0,0,0,0,-1.4063521232456,0,0,0,-0.186597019433975,0,0,0,0,0,0,0,-0.505839000921696
-0.187361171119846,0,-0.203593304104288,-0.159914886578918,-0.107960678869858,-7.18037728904164,-2.06991878332337,-60.9271576375468,-0.931205499917269,5.24849034298677,0.00206586718559265,-1.80324982572347,0,-6.57707631553058,0.0557613838464022,0,0.00774653907865286,0,0,0.273961293743923,0.372326441807672,0,-0.29562074286514,0.503838327713311,0,-0.121304206550121,0,2.14509224239737,-1.16978338360786,-0.509478567168117,0,-0.389067657291889,0,0.126767207868397,-0.179918208159506,0.793581499252468,-0.128458878956735,-0.473461594316177,-0.318234857171774,0.458463707007468,-0.270488828420639,0.620553553104401,0,0,0.143503462895751,0.264109283685684,0,0,-0.231593996286392,0,0,0,0,0,0,0,0,0,0,0,0,0,0,0,0,0,0,0,0,0,0,0,-0.451391391456127,0,0,0,0,0,0,0,0,0,0,0,0.354927442967892
0,-1.36677985452116,0,-1.13200292922556,0.0928968787193298,0.000229615718126297,-0.463675789535046,-0.931205499917269,-0.976243453100324,-0.810928527032956,0.251135177910328,-0.55719155818224,0.0871323943138123,0.0210879445075989,0.676071032881737,0.122333213686943,0,0,0,-0.053439375013113,0,0.37978134304285,0,-10.4734184738554,-0.658374023158103,-0.161506325006485,-0.546702620980795,-1.5763979430194,0.799240812193602,0,0,0,-0.0274049714207649,0.505760004743934,0,-4.36676406068727,0.0737969814799726,-0.233494846150279,0,0.193797519430518,0,0,-0.140425138175488,0,-0.178235411643982,-0.227756783366203,0.708881815895438,0,0,0,-0.268274188041687,0,-0.300115315243602,0,0,-0.391995139187202,-0.0816811993718147,4.23535235645249,-2.16234846413136,0,-1.2043063044548,0,0,0,-0.584698587656021,0,0,0,-0.623266778886318,0,-1.40039744693786,0,-8.87438704259694,0,0,0,-6.68584489694331,-0.0137806413695216,-0.0696211806498468,0,0,-0.297212637960911,0,0,1.21761240810156
0.0368104428052902,0,0,-2.18562154890969,-0.335010901093483,6.10476447944529,1.20115173031809,5.24849034298677,-0.810928527032956,-16.2205008190431,-0.192680820822716,-0.384643424622482,0,3.77004613541067,-0.407406831160188,0,0,0,0,-3.05339798773639,0.100930713117123,0,0,1.64068842399865,0,0,0,-3.02968368632719,0.763130699924659,-0.0718199759721756,0,0,-0.0159722361713648,-1.85243891505525,-1.26642023026943,-2.90075712138787,0,-1.3829706904944,-0.200601808726788,-0.836152374744415,0.080707348883152,0,0,0,0,0,0.960371213033795,0,0,0,0,0,0,0,0,0,0,2.3763996141497,0,0,-0.0103800725191832,0,0,0,0,0,0,0,0,0,0,0,-0.669106875546277,0,0,0,0,0,0,0,0,0,0,0,-0.245347388088703
0,0.200856924988329,0,0,0,-0.141888335347176,0,0.00206586718559265,0.251135177910328,-0.192680820822716,-9.907144244753,0,1.34338247723645,0.460903346538544,0,0,1.11163339950144,8.75179714255501,-0.0247102798894048,0,0,-0.20642001926899,0.0795162990689278,0,0.367249258328229,0.672210122225806,-0.58139202115126,0,1.08966785902157,0,-1.99113413318992,0.609277722542174,0,4.67435982031748,0,-0.0245722942054272,-0.338894255990454,0.548315211664885,0.329183676745743,0.458760723471642,0,0.708077650517225,0,-0.876283498015255,0.038473766297102,0,0,0,-0.00432291533797979,0,0,0,0,0,0,0,0,0,0,0.0958518013358116,0,-0.041311860550195,0,0,0,0,0,0,0,0,0,0,0,0.921792017295957,0.344414941966534,-0.18195685185492,0,0,0,0.142897214391269,0,0,0,0,0.431345999240875
-0.292929023504257,0,0,-0.455249899532646,0.110638499259949,1.17329604341649,0.00245550274848938,-1.80324982572347,-0.55719155818224,-0.384643424622482,0,23.8672868249851,0,-0.0604992583394051,-0.101914041209966,0,0,0,0,-4.85363239137223,0,0,0,0.158831688575447,0,0,0,-0.635455993004143,0.232180307153612,0,0,-0.0114406980574131,0,-0.695947701111436,-8.2322058659629,-0.463226639200002,0,-0.277530107647181,-0.187001809477806,-2.04715526360087,-0.215565243735909,-0.233565241098404,0.240598231554031,0,0,0,0.233897216618061,0,0,0,0,0,0.147837698459625,0,0,0,0,0.0796526297926903,0.127878949046135,-0.0195094477385283,0.357557442039251,0,0,0,0,0,0,0,0,0,0,0,-0.258582629263401,0,0,0,-0.00822510290890932,0,0,0,0,0,0,-4.35773235559464,-0.594464098103344
0,0.776400532573462,0,0,0,0,0,0,0.0871323943138123,0,1.34338247723645,0,-7.13436064310372,0,0,0,0,-0.0519281215965748,0,0,0.168636806309223,-0.0441170558333397,-0.0159861203283072,-0.300145614892244,0.696812534471974,-0.118266627192497,4.18635711446404,-0.256079849787056,-0.905488904565573,0.0300157591700554,-1.37871894054115,0.0963700711727142,0,4.5693136099726,0,0.782133564352989,0.148843133822083,0.394141428172588,-0.342993587255478,-0.028838811442256,0,0.596133258193731,0,1.21767690451816,0.0556724555790424,0.953047692775726,-0.263585526030511,0,0.968864470720291,0,0.13560681976378,0,0,0,0,0,0,0,0,-0.0355213267321233,0,-2.61130938160932,0,0,0,0,0,0,0,0,0.0285353325307369,-0.134818091988564,0.000629413407295942,-2.12114004557952,-0.00981421861797571,0.946939305402339,0.0233391802757978,0,0,-1.58533665607683,0,0,-0.256659851409495,0,0
3.28568148973864,0,-0.150586718460545,0,0,0.944066567346454,-2.24369345109153,-6.57707631553058,0.0210879445075989,3.77004613541067,0.460903346538544,-0.0604992583394051,0,52.4619634429691,-0.31006329273805,0,0.0124988863244653,0.43319383263588,0,0.0371791739016771,1.88321136543527,0,-2.79151841887506,-0.4277712861076,-0.055320966988802,0.0670537016121671,0,0.45383762079291,7.21294476863113,2.31173318799119,0,1.05012106709182,0,0.779049564152956,0,-0.0506154550239444,0.1387609988451,0.00149702792987227,0.339152052998543,0.228270465158857,0,0.358425885438919,0,0,0,0,0,0,0,0,0,0,0,0,0,0,0,0.0372829921543598,0,0,0,0,0,0,0,0,0,0,0,0,0,0,0,0,0,0,0,0,0,0,0,0,0.443122699856758,0,0
0,0,0,-2.27165592927486,-1.29835262242705,0.301116005517542,-0.181349575519562,0.0557613838464022,0.676071032881737,-0.407406831160188,0,-0.101914041209966,0,-0.31006329273805,-0.222669585145923,0,0,0,0,-0.595136098563671,0,0,0,-1.65052283980185,0,0,-0.188827991485596,-0.294214080087841,-0.363968029618263,0,0,-0.00139625160954893,0,-0.018823716789484,0.754035864723846,-0.861552268266678,0,0,0,1.19044182123616,-0.564692169427872,0,0,0,0,0,0,0,0,0,0,0,0,0,0,0,0,0.0500681325793266,0,0,0.69161069393158,0,0,0,0,0,0,0,0,0,0,0,0,0,0,0,0,0,0,0,0,0,0,-0.172197222709656,-0.124367170035839
0,-1.63346515316516,0.146744817495346,0,0,0,0.0539631061255932,0,0.122333213686943,0,0,0,0,0,0,-1.6686042137444,-0.122872173786163,0,0,0,7.93199572199956,-5.35327448137105,14.5506628213334,-0.792972218478099,0.146573423407972,0,-9.8694541718869,-0.273401837534038,0,0.127198733389378,0,0,0,-0.110848773270845,-0.0811396092176437,-1.38434834685177,-0.83065278455615,-1.05865600751713,-0.767730512656271,0.065964373992756,0,0,-1.1696832338348,-0.886574904900044,0.00503256171941757,0,0,0,0,0,-0.0420181509107351,-0.125896723009646,0,0,0,0,0,0,0,0,0,0,0,0,-4.96723744027986,0,0,0,0,-0.727696395711973,-0.313905460759997,-1.27212113153655,-0.845588245429099,0,0,-1.96613254141994,-0.127271064557135,-0.013868116773665,-0.273027218878269,0,0,-0.0718615129590034,0,0,-0.397388476878405
-0.0675757601857185,0,3.53405844781082,0,0,0,0,0.00774653907865286,0,0,1.11163339950144,0,0,0.0124988863244653,0,-0.122872173786163,-5.77565448009409,-0.376163020730019,3.36464657168835,0,0.447142010758398,0,-9.42264677677304,0,0,-1.09329582680948,-2.06538012705278,0,0.136002738028765,-0.230393383651972,0,0,-0.269271899014711,-3.46691552689299,0,-0.857312813983299,-1.0158562567085,-0.40808602143079,-0.916306489147246,0,0,0,-0.071533314883709,0,0,0.0320937409996986,0,0,0,0,0.108527354896069,-0.0360453790053725,0,0,0,0,0,0,0,0,0,0,0,0,0,-0.00342660397291183,0,-0.0307419486343861,0,0,-0.120764374732971,-0.00793286692351103,0,0,-0.33423240785487,-0.618052232079208,0,0,0,0,0,0,0,0,-0.0830899402499199
0,0.0437908917665482,0.128466168418527,0,0,0,0,0,0,0,8.75179714255501,0,-0.0519281215965748,0.43319383263588,0,0,-0.376163020730019,8.64945892803371,7.76181625761092,0,0,0,0.48752449452877,0,-0.22215873003006,3.60741497576237,0.889984000474215,0,-0.160275326576084,0,-0.325628563761711,0.0591043904423714,0,1.01024047937244,0,0.62288574129343,-0.695725527242757,2.26832023332099,0.14125638268888,0,0,-0.0199684947729111,0,0.040838185697794,0,0,0,0,0,0,0,0,0,0,0,0,0,0,0,0,0,0,0,0,0,0,0,0,0,0,0,0,0,0,0,0.0345396343618631,0,0,0,0,0,0,0,0,0
0,0,-0.465109685435891,0,0,0,0,0,0,0,-0.0247102798894048,0,0,0,0,0,3.36464657168835,7.76181625761092,8.54826391657116,0,0.214058503508568,0,-0.000716567039489746,0,0,-4.00521027445211,0.549174236133695,0,0.0359330251812935,0,0,-0.131743937730789,0,-2.86191051104106,0,-0.378996569663286,-0.429829175351188,-0.866603777045384,0.00855611264705658,0,0,0,0,0.0376610234379768,0,0,0,0,0,0,0,0,0,0,0,0,0,0,0,0,0,0,0,0,0,0,0,0,0,0,0,0,0,0,-0.0494011640548706,-0.0268013244494796,0,0,0,0,0,0,0,0,0
0,0,0,5.0942374849692,-0.340222471160814,0.944227226311341,0,0.273961293743923,-0.053439375013113,-3.05339798773639,0,-4.85363239137223,0,0.0371791739016771,-0.595136098563671,0,0,0,0,-0.803303196793422,0,0,0,0.918423533439636,0,0,0,0.163407787680626,0.193455790169537,0,0,0,0,-0.719071627594531,0,-1.3050168059417,0,-0.139459721744061,-0.0864178836345673,-0.657831594347954,0,0,0.184999033808708,0,0,0,0.644124612212181,0,0,0,0,0,0.119096964597702,0,0,0,0,0.0375084280967712,0,0,0.312704049050808,0,0,0,0,0,0,0,0,0,0,0,0.125099305994809,0,0,0,0,0,0,0,0,0,0,0,0
0.161370046436787,0.0664286240935326,-1.00753877172247,0,0,0,0.299934962298721,0.372326441807672,0,0.100930713117123,0,0,0.168636806309223,1.88321136543527,0,7.93199572199956,0.447142010758398,0,0.214058503508568,0,30.6778832407763,-0.149864591658115,-7.9248538223037,-0.203427972272038,0,0,-0.466758215799928,1.84075899084564,-0.807919015176594,2.74905130709521,0,0,-0.362372709496412,-1.34098882647231,0.0907121896743774,-2.87588033203792,-0.213328472222202,-0.621102567587513,-1.84928461629897,0.618978429585695,0.0285893715918064,0,-0.336464798077941,-0.168972868472338,0,0,0,0,0,0,0,-0.0432504564523697,0,0,0,0,0,0,0,-0.26039707660675,0,0,0,0,-1.52510065562092,0,0,0,0,-0.00984519533813,-0.159601657651365,-0.839897348545492,-0.105971392244101,0,0,0,-0.0736745744943619,0,-0.269941860344261,0,0,0.0868122577667236,0,0,-1.32860922510736
0,-1.08981198724359,-0.130726665258408,0,0,0,0,0,0.37978134304285,0,-0.20642001926899,0,-0.0441170558333397,0,0,-5.35327448137105,0,0,0,0,-0.149864591658115,-16.6373884545173,-0.300554141402245,-11.2049486900796,-0.939965428551659,0.203499749302864,-5.92184978141449,-0.437184263020754,0,0,-0.407474800944328,0,0,0.180295296013355,0,-0.229662448167801,-0.228804249316454,-0.0629143118858337,-0.0722749978303909,0,0,0,-0.20028128568083,-0.35121800750494,0,0,0,0,0,0,0.957353707402945,0,0,0,0,-0.222840085625648,0,0.351711576804519,0,0,0,-0.0241218656301498,0,0,-3.0574389975518,0,0,0,0,-0.152652010321617,5.908236077521,0.356566237285733,-0.518205546541139,0.0809558788314462,0.20126836001873,-2.15223207660893,-0.0344760660082102,-0.109345816075802,-0.250381477177143,0,0,0,0,0,-0.109313830733299
-0.958820138126612,0.103319279849529,-0.493986462422072,0,0,0,-1.02230834518559,-0.29562074286514,0,0,0.0795162990689278,0,-0.0159861203283072,-2.79151841887506,0,14.5506628213334,-9.42264677677304,0.48752449452877,-0.000716567039489746,0,-7.9248538223037,-0.300554141402245,21.1912318986142,-0.484516422729939,0,-0.121999435126781,-1.63449756515911,-2.31239063874818,-3.87966872926336,-5.72038354913821,0,0,-0.0915198908187449,-4.83592324133497,-0.14328807964921,-7.47008086473215,-1.94077594974078,-11.5509166377888,-2.71307972865179,-0.35295308381319,-0.192116260528564,0,0.0432347785681486,-0.029341034591198,-0.398873973637819,0.111348643898964,0,0,0,0,0.0949508436024189,0.464541282271966,0,0,0,0,0,0,0,-0.193932548165321,0,0,0,0,-0.384874378098175,0.0270280186086893,0,0,0,0.127735384739935,-0.638497183099389,0.886964764329605,-0.153901930898428,0,0.205201208591461,-3.09765328367939,0.0310314986854792,0,0.0498183593153954,0,0,0,-0.0548984929919243,0,-2.62400335422717
0.284545511007309,-0.979016901866999,-0.129119668155909,1.35920824389905,-0.430709979496896,0.0140930823981762,-0.696511890506372,0.503838327713311,-10.4734184738554,1.64068842399865,0,0.158831688575447,-0.300145614892244,-0.4277712861076,-1.65052283980185,-0.792972218478099,0,0,0,0.918423533439636,-0.203427972272038,-11.2049486900796,-0.484516422729939,-13.4811333807811,-0.754912083037198,0,-2.4522273868788,-1.87728299554146,0.754226377699524,-0.053359292447567,0,0,0.13260804861784,-0.573596991598606,-0.0967745892703533,-3.0927594112618,-0.19390831887722,0.0655998516594991,0.181455131620169,-0.956463721347973,-0.194211840629578,0,-2.16269447596278,0.0428928472101688,-0.228975321631879,-0.0389404371380806,0,0,0,0,0,0,-0.776269231922925,0,-0.00313372467644513,-1.65963398820168,0,0.921301078051329,0.0417086388624739,-0.291040442883968,0.0210189502686262,0,0,0,-1.77122405073897,0,0,0,0.102537125349045,0.527464816346765,0.698372570797801,-0.0191293712705374,-10.9725309927016,0,0,-0.320418799296021,-5.39537244639359,0,0.0221257731318474,0,0,-0.820297256112099,0.16780074685812,0,-0.360776660963893
0,-1.88054797018413,0,0,0,0,0,0,-0.658374023158103,0,0.367249258328229,0,0.696812534471974,-0.055320966988802,0,0.146573423407972,0,-0.22215873003006,0,0,0,-0.939965428551659,0,-0.754912083037198,7.49176917411387,-0.452396214008331,-4.53041984705487,0,0,0,-0.384870593436062,0.092665784060955,0,0.758508225670084,0,-0.157657697796822,-0.0723789026960731,-0.0299015522468835,0,0,0,1.01837113499641,0,0.313249156111851,0.389311566948891,0,0,0,0.595350928604603,0,0.283826656639576,0,0,0,0,0,0,0,0,-0.0210990943014622,0,-3.04780478775501,0,0,0,0,0,0,0,0,0,0,0,-1.34706605831161,0.582427561283112,0.562754452228546,0,0,0,-0.801699217408895,0,0,-0.152180176228285,0,0
0,0.258848428726196,0.773117930162698,0,0,0,0,-0.121304206550121,-0.161506325006485,0,0.672210122225806,0,-0.118266627192497,0.0670537016121671,0,0,-1.09329582680948,3.60741497576237,-4.00521027445211,0,0,0.203499749302864,-0.121999435126781,0,-0.452396214008331,18.7804056204259,-7.87816480337642,0,0.866844024742022,0,-0.94536041142419,-0.126778784208,-0.09531120210886,-1.23462442142772,0,-0.69982625299599,-3.09093100740574,-0.840769191279833,1.3953657951206,0,0,0,0,0.336255912669003,0.140509258955717,-0.0494118519127369,0,0,-0.208263322710991,0,0.633053723722696,-0.193397434428334,0,0,0,0,0,0,0,0.0839731469750404,0,0.18637416139245,0,0,0,0.221812911331654,-0.0152397667989135,0.132550483569503,0,0,0,0,0,-0.186539079062641,-0.458541221218184,-2.38381632737583,0,0,0,0.0110682621598244,0,0,0,0,0.205203317571431
0,-4.75464099930832,-10.3524784300243,0,0,0,-0.10017772205174,0,-0.546702620980795,0,-0.58139202115126,0,4.18635711446404,0,-0.188827991485596,-9.8694541718869,-2.06538012705278,0.889984000474215,0.549174236133695,0,-0.466758215799928,-5.92184978141449,-1.63449756515911,-2.4522273868788,-4.53041984705487,-7.87816480337642,42.5951182136196,-1.80215361714363,0.543612455949187,-0.0348695181310177,-1.31583663805213,-0.0423488132655621,0,-3.41919014742598,-0.491093210875988,-9.89651384216268,-1.63898120308295,-6.30964882625267,-5.12967389053665,-0.117556169629097,0,0.155457988381386,-1.29025641662884,-1.85549817746505,-0.57203763211146,-0.185535564552993,0,0,0,0,-5.76546636968851,-1.93224340351298,0,0,0,0,0,0,0,-0.203145779669285,0,0.670750364661217,0,0,-2.41410290182102,0.62409960385412,-0.0643019662238657,0.123530730605125,0,0.000799722969532013,-1.64453085139394,-0.300906085671159,0,-0.843249282217585,-2.92900682092295,-33.1450707186814,0,0,0,0.135334469377995,0,0,-0.153486609458923,0,-0.299088821746409
0.144337177276611,0,-0.892355196177959,-0.0635731643997133,-0.0247133113443851,-0.202779314480722,1.1055922845735,2.14509224239737,-1.5763979430194,-3.02968368632719,0,-0.635455993004143,-0.256079849787056,0.45383762079291,-0.294214080087841,-0.273401837534038,0,0,0,0.163407787680626,1.84075899084564,-0.437184263020754,-2.31239063874818,-1.87728299554146,0,0,-1.80215361714363,21.2105089981051,0.0806617345660925,0.568722143914783,0,0,-0.0430009178817272,1.53309422824532,0.026775760576129,-2.3850176318083,0.000259833410382271,0.156208124011755,-0.0417432487010956,-0.368420787155628,-0.177711740136147,-0.0188778918236494,-1.4911443896126,0,0,0,0,0,0,-0.0298391450196505,0,0,0,0,0,0,0,-1.35156952601392,0,-0.193375825881958,0,0,0,0,0.0901543343206868,0,0,0,0,0,-0.220343627035618,0,-3.91110443021171,0,0,0,-1.05793506093323,0,-0.0955255944281816,0,0,0,-0.164798781275749,0,-0.511837114579976
2.97544090822339,0.0850184485316277,-0.270763194188476,0.219614636152983,0,0.705470493165194,-1.09330940572545,-1.16978338360786,0.799240812193602,0.763130699924659,1.08966785902157,0.232180307153612,-0.905488904565573,7.21294476863113,-0.363968029618263,0,0.136002738028765,-0.160275326576084,0.0359330251812935,0.193455790169537,-0.807919015176594,0,-3.87966872926336,0.754226377699524,0,0.866844024742022,0.543612455949187,0.0806617345660925,23.5676480755064,1.85812079004245,-0.180942341685295,0.306739227380604,0.585026305168867,4.51974985538982,0.22612176835537,0.768648727913387,0.0847553350031376,-0.0988211492076516,0.139135915786028,0.888785973191261,0.263894021511078,-0.320709459483624,0,0.0154451411217451,-0.0652424097061157,-0.204484850168228,0,0,0,0,0,0,0,0,0,0,0,0,0,0,0,0,0,0,0,0,0,0,0,0,0,0,-0.105115519836545,0,0,0,0,0,0,0,0,0,-0.197282552719116,0,0.615877084434032
4.71799976564944,0,0.0235825954005122,0,0,0,3.99412832595408,-0.509478567168117,0,-0.0718199759721756,0,0,0.0300157591700554,2.31173318799119,0,0.127198733389378,-0.230393383651972,0,0,0,2.74905130709521,0,-5.72038354913821,-0.053359292447567,0,0,-0.0348695181310177,0.568722143914783,1.85812079004245,18.1390223279086,0,0,2.34694406075869,1.14300361042842,-0.589206640841439,-5.03308115736581,-0.86444491147995,-3.67486198758706,-0.990571036934853,0.0592186320573092,-0.231748094782233,0,-0.114835143089294,0,0,0,0,0,0,0,0,0,0,0,0,0,0,0.107573263347149,0,0,0,0,0,0,-0.718852424994111,0,0,0,0,-0.0570101924240589,0,0,-0.136113747954369,0,0,0,0,0,0,0,0,0,0,0,-1.99586842395365
0,0.107201021164656,0,0,0,0,0,0,0,0,-1.99113413318992,0,-1.37871894054115,0,0,0,0,-0.325628563761711,0,0,0,-0.407474800944328,0,0,-0.384870593436062,-0.94536041142419,-1.31583663805213,0,-0.180942341685295,0,-1.4356996063143,-0.0804189369082451,0,-0.270171076059341,0,0,-0.138065557926893,-0.323376532644033,0,0,0,0,0,-0.366429352201521,0,0,0,0,0,0,0.185399498790503,0,0,0,0,0,0,0,0,-0.00276044034399092,0,0.558880773372948,0,0,0,0,0,0,0,0,0,0,0,-0.994319200050086,-1.71001349395374,-1.17134729912505,0,0,0,-2.26532876119018,0,0,0,0,0
0,0,0,0,-0.651500001549721,-0.184595485683531,0,-0.389067657291889,0,0,0.609277722542174,-0.0114406980574131,0.0963700711727142,1.05012106709182,-0.00139625160954893,0,0,0.0591043904423714,-0.131743937730789,0,0,0,0,0,0.092665784060955,-0.126778784208,-0.0423488132655621,0,0.306739227380604,0,-0.0804189369082451,-1.35353292897344,0,-2.41235897234947,0,-0.879882400855422,-0.38905531167984,-1.66272088582627,-0.174128483980894,-1.41241350024939,0.90185085311532,-0.335567198693752,-0.18991807103157,0,0,0.217750146985054,0,0,0.0196598209440708,0,0,0,0,0,0,0,0,0,0,0,0,0,0,0,0,0,0,0,0,0,0,0,0,0,0,0,0,0,0,0,0,0,0,0,0.264611501246691
0,0.0382200442254543,0,0,0,0,0.438005924224854,0,-0.0274049714207649,-0.0159722361713648,0,0,0,0,0,0,-0.269271899014711,0,0,0,-0.362372709496412,0,-0.0915198908187449,0.13260804861784,0,-0.09531120210886,0,-0.0430009178817272,0.585026305168867,2.34694406075869,0,0,2.63302184920758,-0.0858027652575402,-0.116464018821716,0.0649780407547951,0,-0.21047867834568,0.376392245292664,-0.167017936706543,0,0,0,0,0,0,0,0,0,0,0,0,0,0,0,0,0,0,0,0,0,0,0,0,0,0,0,0,0,0,0,0,0.0553912483155727,0,0,0,0,0,0,0,0,0,0,0,0
-0.20232281088829,-0.476257510483265,0.424175696447492,0.228474527597427,0.349402755498886,-2.43925961805508,-1.70403493661433,0.126767207868397,0.505760004743934,-1.85243891505525,4.67435982031748,-0.695947701111436,4.5693136099726,0.779049564152956,-0.018823716789484,-0.110848773270845,-3.46691552689299,1.01024047937244,-2.86191051104106,-0.719071627594531,-1.34098882647231,0.180295296013355,-4.83592324133497,-0.573596991598606,0.758508225670084,-1.23462442142772,-3.41919014742598,1.53309422824532,4.51974985538982,1.14300361042842,-0.270171076059341,-2.41235897234947,-0.0858027652575402,40.8551004287729,-1.16426549199969,2.5928877457045,-0.468702581943944,-2.96818160149269,-2.75257352739573,-2.34472362534143,-0.258321329951286,-1.91938529163599,-0.834551386535168,1.3668447881937,1.23458853550255,1.63707571337,-0.501553250476718,0,0,0,-0.216855850070715,-0.0963540859520435,0,0,0.189362019300461,0,0,0,0,0,-0.00540880672633648,-0.264001458883286,0,0,0,0,0,0,0,0,-0.184934377670288,0.160789525136352,0,0.0294022392481565,0.105360817164183,-0.0771967535838485,-0.00336589408107102,0,0,0.0950460508465767,0,0,0.608069136738777,-1.1730443239212,-0.368109903298318
0,0,0,0,0,-10.2155553856865,-0.153197333216667,-0.179918208159506,0,-1.26642023026943,0,-8.2322058659629,0,0,0.754035864723846,-0.0811396092176437,0,0,0,0,0.0907121896743774,0,-0.14328807964921,-0.0967745892703533,0,0,-0.491093210875988,0.026775760576129,0.22612176835537,-0.589206640841439,0,0,-0.116464018821716,-1.16426549199969,-420.061817393464,-5.56967377728142,-3.64653160981834,0.23222543252632,-1.67521541379392,-0.268186062574387,0.855318417772651,0,3.21340508013964,0.24086192343384,0.123314902186394,0.0668453313410282,0.340738661587238,0,0,0,0,0,0,0,1.10620196536183,0,0,0,0,-0.232249781489372,1.47750840720255,0,0,0,0,0,0,0,0,0,0,0,0,0,0,0,0,0,0,0,0,0,-0.00909074582159519,-53.7144251571772,-16.5988654577232
0,-0.0494919568300247,-0.450093573424965,0.0661649573594332,-2.123356999713,-3.30029429215938,-6.48815376489074,0.793581499252468,-4.36676406068727,-2.90075712138787,-0.0245722942054272,-0.463226639200002,0.782133564352989,-0.0506154550239444,-0.861552268266678,-1.38434834685177,-0.857312813983299,0.62288574129343,-0.378996569663286,-1.3050168059417,-2.87588033203792,-0.229662448167801,-7.47008086473215,-3.0927594112618,-0.157657697796822,-0.69982625299599,-9.89651384216268,-2.3850176318083,0.768648727913387,-5.03308115736581,0,-0.879882400855422,0.0649780407547951,2.5928877457045,-5.56967377728142,-14.9233730144333,-18.9956019287929,-3.15278451284394,-3.66603551665321,-22.9956323869992,-2.0928739272058,-0.310940760187805,0.875156048685312,-0.135438716970384,0.144303830340505,0.453977700322866,0,0,0.217372342944145,-0.220222979784012,-0.301321974024177,0.124117752537131,0.154331728816032,0,0.296972751617432,-0.11140055116266,0,-0.517260301392525,0,0.422072641551495,0.34383874386549,0,0,0,-1.4636697191745,0.0220909453928471,0,0,0,-0.287849694490433,-0.164315540343523,-0.725202575325966,-2.16639306204161,0,-0.157007992267609,-0.24298329371959,-0.0360996853560209,0,-0.315753581468016,0,0,-0.1231929063797,0,0.796838552807458,10.5075388551923
0.138953298330307,-0.298354612663388,-1.7998072670307,0,-0.0539147411473095,-0.0545149520039558,0.0261437222361565,-0.128458878956735,0.0737969814799726,0,-0.338894255990454,0,0.148843133822083,0.1387609988451,0,-0.83065278455615,-1.0158562567085,-0.695725527242757,-0.429829175351188,0,-0.213328472222202,-0.228804249316454,-1.94077594974078,-0.19390831887722,-0.0723789026960731,-3.09093100740574,-1.63898120308295,0.000259833410382271,0.0847553350031376,-0.86444491147995,-0.138065557926893,-0.38905531167984,0,-0.468702581943944,-3.64653160981834,-18.9956019287929,-3.7334083726746,-2.2869405914098,7.28128358157119,-0.960815735161304,0,0.0626249313354492,-0.283213797956705,-1.26176351401955,-0.566376596689224,-0.598639126867056,0,0,0.387013643980026,0,-0.633757665753365,0.189828727394342,0,0,0,0,0,0,0,0,0,-0.00286869704723358,0,0,-0.371977308997884,0.00447084615007043,0,0,0,0.0835437178611755,0.100839622318745,0.471282462589443,0.344584748148918,-0.369852378964424,0.766829499043524,-0.653152703307569,0.0224225781857967,0,0,-0.0758498758077621,0,0,-0.0337614212185144,0.20355720911175,-8.23488787282258
-0.191551856696606,0.153579473495483,-1.95681501738727,-0.10504424571991,-0.14421162288636,0.349817495793104,-2.17750945640728,-0.473461594316177,-0.233494846150279,-1.3829706904944,0.548315211664885,-0.277530107647181,0.394141428172588,0.00149702792987227,0,-1.05865600751713,-0.40808602143079,2.26832023332099,-0.866603777045384,-0.139459721744061,-0.621102567587513,-0.0629143118858337,-11.5509166377888,0.0655998516594991,-0.0299015522468835,-0.840769191279833,-6.30964882625267,0.156208124011755,-0.0988211492076516,-3.67486198758706,-0.323376532644033,-1.66272088582627,-0.21047867834568,-2.96818160149269,0.23222543252632,-3.15278451284394,-2.2869405914098,-0.524155361112207,4.40015998575836,1.82172585465014,0.286772718653083,-1.37195456027985,-0.195675306487828,0.56413172185421,1.09394652396441,0.775310397148132,-0.201724538579583,0,0.146525332704186,0,-0.756077215075493,-0.241380050778389,0,0,0,0,-0.506509883794934,-0.536313876509666,0,-0.0549833029508591,0,0.0820195972919464,0,0,-0.343173130066134,0,0,0,0,0,0,-0.243816205998883,0.0238867923617363,-0.458039939403534,0.313259075395763,-1.49085618997924,0,0,0,0.111292742192745,-0.197593182325363,0,-0.380867511034012,0.419120252132416,6.75574500719085
0.0957939028739929,0.0107443984597921,-0.0916455689584836,0,0,-0.20519922208041,0.0301186926662922,-0.318234857171774,0,-0.200601808726788,0.329183676745743,-0.187001809477806,-0.342993587255478,0.339152052998543,0,-0.767730512656271,-0.916306489147246,0.14125638268888,0.00855611264705658,-0.0864178836345673,-1.84928461629897,-0.0722749978303909,-2.71307972865179,0.181455131620169,0,1.3953657951206,-5.12967389053665,-0.0417432487010956,0.139135915786028,-0.990571036934853,0,-0.174128483980894,0.376392245292664,-2.75257352739573,-1.67521541379392,-3.66603551665321,7.28128358157119,4.40015998575836,2.99952480196953,3.99687889870256,1.19416213035583,-0.359525226056576,-0.723532274365425,-1.24827888607979,2.43462085351348,0.50589644536376,0,0,-1.1886735111475,0,0,-0.552748318761587,0,0,0,0,0.0659120753407478,-0.151210367679596,0,-0.358336836099625,0,0,0,0,0.020089540630579,0,0,0,0,0,0.285620845854282,-0.200938762514852,-0.00942542403936386,0,0.166046470403671,-0.292917355895042,0,0,0,0,0,0,0.447357781231403,0.631530994549394,-14.6811616271734
0.0048675574362278,-0.0943780168890953,0,0.125901038292795,-5.93126809829846,0.461941459216177,-1.19600149570033,0.458463707007468,0.193797519430518,-0.836152374744415,0.458760723471642,-2.04715526360087,-0.028838811442256,0.228270465158857,1.19044182123616,0.065964373992756,0,0,0,-0.657831594347954,0.618978429585695,0,-0.35295308381319,-0.956463721347973,0,0,-0.117556169629097,-0.368420787155628,0.888785973191261,0.0592186320573092,0,-1.41241350024939,-0.167017936706543,-2.34472362534143,-0.268186062574387,-22.9956323869992,-0.960815735161304,1.82172585465014,3.99687889870256,4.55739853996783,2.24490925809368,-0.115702260285616,-0.131746709346771,0,0,0,0.776415968779474,-0.0865088924765587,0.0127956187352538,0,0,0,-0.231958858668804,0,0,-0.141002207994461,0,0,-0.0412773217540234,-1.20005781017244,0.969002489000559,0,0,-0.0963693559169769,0,0,0,0,0.312891976907849,0,0,0,-0.517684379592538,0,0,0,0.354280774481595,0,0,0,0,0,0,0,0.301578477025032
0,0,0,-0.169770434498787,-0.415534788277,-0.226304575800896,-0.141117790248245,-0.270488828420639,0,0.080707348883152,0,-0.215565243735909,0,0,-0.564692169427872,0,0,0,0,0,0.0285893715918064,0,-0.192116260528564,-0.194211840629578,0,0,0,-0.177711740136147,0.263894021511078,-0.231748094782233,0,0.90185085311532,0,-0.258321329951286,0.855318417772651,-2.0928739272058,0,0.286772718653083,1.19416213035583,2.24490925809368,1.49863690137863,0,0,0,0,0,0,0,0,0,0,0,0,0,0,0,0,0,0,0,0,0,0,0,0,0,0,0,0,0,0,0,0,0,0,0,0,0,0,0,0,0,0,0,0.999969989061356
0,0,0,0,0,-0.150957480072975,0,0.620553553104401,0,0,0.708077650517225,-0.233565241098404,0.596133258193731,0.358425885438919,0,0,0,-0.0199684947729111,0,0,0,0,0,0,1.01837113499641,0,0.155457988381386,-0.0188778918236494,-0.320709459483624,0,0,-0.335567198693752,0,-1.91938529163599,0,-0.310940760187805,0.0626249313354492,-1.37195456027985,-0.359525226056576,-0.115702260285616,0,0,0,-0.890215760096908,-0.0730107109993696,0.0269283950328827,-0.24921789765358,0,-0.0134552903473377,0,0,0,0,0,-0.173990324139595,0,0,0,0,0.77509605884552,0,0.154382467269897,0,0,-0.00785537250339985,0,0,0,0,0,0,0,-0.00890506431460381,-0.466119557619095,0,0,0,-0.163957193493843,0,-0.0414666756987572,0.689229279756546,0,0.337360024452209,0,0
0,-0.25505805015564,-0.609080728143454,0.103462420403957,0,0,-2.73627229034901e-05,0,-0.140425138175488,0,0,0.240598231554031,0,0,0,-1.1696832338348,-0.071533314883709,0,0,0.184999033808708,-0.336464798077941,-0.20028128568083,0.0432347785681486,-2.16269447596278,0,0,-1.29025641662884,-1.4911443896126,0,-0.114835143089294,0,-0.18991807103157,0,-0.834551386535168,3.21340508013964,0.875156048685312,-0.283213797956705,-0.195675306487828,-0.723532274365425,-0.131746709346771,0,0,-10.6527099164668,-18.4516594051383,0.494442457682453,-1.02239977568388,-3.75937584380154,1.22153984382749,-0.313464142382145,-0.379712161142379,0.0986596634611487,0.224477882846259,0.426374092698097,0.108553197234869,0.476841930765659,-4.41813979763538,-0.516787621192634,-3.03752941265702,-1.21533332020044,0.954459083266556,1.39703097543679,0,-0.327772852033377,-0.840927204117179,-0.867587456479669,-1.2063812976703,0.495504811173305,0.196153150871396,0.971809614798985,-3.66340718616266,-0.0178893432021141,-5.38376538339071,-4.2850217197556,0,0.291722308378667,-2.50919041218003,-9.98912348365411,-0.465955838561058,-4.54038711381145,0,-1.10764836450107,0,1.03079426370095,-1.14585998165421,-5.76903306692839
0,0.235161716118455,-0.146032575517893,0,0,0,0,0,0,0,-0.876283498015255,0,1.21767690451816,0,0,-0.886574904900044,0,0.040838185697794,0.0376610234379768,0,-0.168972868472338,-0.35121800750494,-0.029341034591198,0.0428928472101688,0.313249156111851,0.336255912669003,-1.85549817746505,0,0.0154451411217451,0,-0.366429352201521,0,0,1.3668447881937,0.24086192343384,-0.135438716970384,-1.26176351401955,0.56413172185421,-1.24827888607979,0,0,-0.890215760096908,-18.4516594051383,-0.0254930921364576,8.04289551195689,18.852315321099,-0.182079808786511,0,-0.299077123403549,0,0.0059516504406929,2.18759811669588,0,0,0,-1.02985855005682,-0.266074935905635,0.0703722834587097,0,5.24345511384308,0,0.819155958481133,0.499102175235748,0,-0.224893146194518,1.79835614003241,0.233134861802682,0.885913262260146,0,0.645180820021778,0.085315965116024,-3.17058856261428,-0.541693691629916,0.662952993996441,10.5713055623346,0.36870608641766,-0.284755898173898,0.18433041870594,-0.224411522969604,-0.808417510474101,0.399910166859627,-0.186289668083191,0.263842470943928,1.66170661477372,-3.96094453521073
0,0.1426693610847,0.138457421213388,0,0,0.240005562081933,0,0.143503462895751,-0.178235411643982,0,0.038473766297102,0,0.0556724555790424,0,0,0.00503256171941757,0,0,0,0,0,0,-0.398873973637819,-0.228975321631879,0.389311566948891,0.140509258955717,-0.57203763211146,0,-0.0652424097061157,0,0,0,0,1.23458853550255,0.123314902186394,0.144303830340505,-0.566376596689224,1.09394652396441,2.43462085351348,0,0,-0.0730107109993696,0.494442457682453,8.04289551195689,-1.22479911614209,-0.367484369780868,-1.20647262223065,0.199889982119203,0.728641133755445,-0.099956888705492,0.136313647031784,-0.917010189034045,0.452243000268936,0,-0.647380229085684,-1.68978646029791,-0.31668337713927,-0.330814182758331,-0.521316386060789,1.91036410816014,-0.579323609359562,1.14218877442181,1.20272589242086,-0.0486973896622658,0.45030714944005,1.8370022533345,0.465642543858849,-0.134092750609852,-0.412728101015091,-0.535701675515156,0.424443587660789,0.349438472607289,-1.20042183762416,1.6672041863203,2.65488926228136,1.4240473844402,-2.76357916119741,-0.739951034542173,0.368804876226932,-0.962620796926785,2.10967395314947,-0.758488144725561,-3.64430259748769,-0.85772758256644,3.71600474137813
0,-0.0995861813426018,0.182211758568883,0,0,-0.18158246576786,0,0.264109283685684,-0.227756783366203,0,0,0,0.953047692775726,0,0,0,0.0320937409996986,0,0,0,0,0,0.111348643898964,-0.0389404371380806,0,-0.0494118519127369,-0.185535564552993,0,-0.204484850168228,0,0,0.217750146985054,0,1.63707571337,0.0668453313410282,0.453977700322866,-0.598639126867056,0.775310397148132,0.50589644536376,0,0,0.0269283950328827,-1.02239977568388,18.852315321099,-0.367484369780868,0.825115042971447,-8.20652942219749,-1.40764874778688,0.161622494459152,0,-0.284931756556034,1.98079773457721,0,0,0.316108345985413,-1.00690232159104,0.149013768881559,-0.0317473523318768,-0.21227724570781,-15.7446968853474,-0.0230628084391356,-0.272110939025879,0.92438593134284,-0.0192067213356495,-0.8075618402072,1.1647728944663,1.37433356477413,-0.752977943280712,-0.137188524007797,-1.61157033010386,-0.10118193924427,0.494773783071651,-0.209071952849627,0.0374654280021787,1.43403274690354,2.51488848717418,-1.55715338513255,-0.261921256780624,-0.776680507697165,0.123014428652823,-0.695586912333965,-0.238061189651489,1.3971724845469,-2.4441615305841,-12.0408352449303
0,0,0,0.310829715803266,-0.157534331083298,0.441109552979469,0,0,0.708881815895438,0.960371213033795,0,0.233897216618061,-0.263585526030511,0,0,0,0,0,0,0.644124612212181,0,0,0,0,0,0,0,0,0,0,0,0,0,-0.501553250476718,0.340738661587238,0,0,-0.201724538579583,0,0.776415968779474,0,-0.24921789765358,-3.75937584380154,-0.182079808786511,-1.20647262223065,-8.20652942219749,-7.42050412413664,0.693737804889679,-0.453737722709775,0.0403881780803204,0,0,1.20537246018648,-6.79065692424774,-5.48894960805774,-0.473837376572192,-0.241500805597752,3.5808272883296,0.603039629757404,-0.541680471971631,3.24380628112704,0.00241986662149429,-1.34208646789193,-7.58991967327893,0,0,0,0,0.350652515888214,-0.35943329334259,-0.415349408984184,-0.0643823146820068,-4.46193916676566,0,0,0.0614850446581841,-2.30215830728412,0.0858263990376145,0.330770023167133,0,-0.86849015718326,0,0.943048924207687,-0.375739812850952,-0.837319787591696
0,0,0,0,0,0,0,0,0,0,0,0,0,0,0,0,0,0,0,0,0,0,0,0,0,0,0,0,0,0,0,0,0,0,0,0,0,0,0,-0.0865088924765587,0,0,1.22153984382749,0,0.199889982119203,-1.40764874778688,0.693737804889679,0,0,0,0,0,0,-1.73174065351486,0,-0.486124642193317,0,0,-0.28018718957901,0.852353863418102,0,0,-0.0182068571448326,0,0,0,0,0,-0.131528735160828,0,0,0,0,0,0,0,-0.124201106838882,0.632247358560562,0.0244379378855228,0,-0.187285572290421,0,1.94287210702896,-0.240011613816023,0.715297795832157
0,0,0,0,0,-0.320018380880356,0,-0.231593996286392,0,0,-0.00432291533797979,0,0.968864470720291,0,0,0,0,0,0,0,0,0,0,0,0.595350928604603,-0.208263322710991,0,0,0,0,0,0.0196598209440708,0,0,0,0.217372342944145,0.387013643980026,0.146525332704186,-1.1886735111475,0.0127956187352538,0,-0.0134552903473377,-0.313464142382145,-0.299077123403549,0.728641133755445,0.161622494459152,-0.453737722709775,0,-2.14595544338226,0,0.182210519909859,0,0,0,0,0,-0.16235214471817,0.155427504330873,0,0.0625851918011904,0,0.168387614190578,0,0,0,0,0,0,0.182152092456818,-0.0155723225325346,0.0240417718887329,0,-0.162690714001656,2.05073156952858,0.071441687643528,-0.433429479598999,0.0279528964310884,0.0977740734815598,0,0.144793704152107,-0.0806451141834259,0,-0.176831670105457,0,0
0,0,0,0,0,0,0,0,0,0,0,0,0,0,0,0,0,0,0,0,0,0,0,0,0,0,0,-0.0298391450196505,0,0,0,0,0,0,0,-0.220222979784012,0,0,0,0,0,0,-0.379712161142379,0,-0.099956888705492,0,0.0403881780803204,0,0,1.34783913334832,0,0.205441027879715,0,0,0,1.28507779724896,1.21113585866988,-0.0345344096422195,0,-0.00365343899466097,0,0,3.01060723443516,0,0,-0.127345932647586,0,0,0,-0.251212731003761,0,-0.421859241090715,0,0,-0.267189072910696,0.0432309322059155,-0.0963651798665524,4.07015439961106,2.02318442915566,0,0,0.0017722052289173,-0.0844610258936882,0,-0.0318404585123062
0,-0.543654504464939,0.101014158688486,0,0,0,0,0,-0.268274188041687,0,0,0,0.13560681976378,0,0,-0.0420181509107351,0.108527354896069,0,0,0,0,0.957353707402945,0.0949508436024189,0,0.283826656639576,0.633053723722696,-5.76546636968851,0,0,0,0.185399498790503,0,0,-0.216855850070715,0,-0.301321974024177,-0.633757665753365,-0.756077215075493,0,0,0,0,0.0986596634611487,0.0059516504406929,0.136313647031784,-0.284931756556034,0,0,0.182210519909859,0,5.73823092505336,0,0,0,0,0,0,-0.449897532584146,0,0,0,-0.525469209998846,0.0121726840734482,0,-0.829325030208565,-0.177429221570492,0,0.0667678117752075,0,0,-2.77844542477396,-0.0344936456531286,-0.776411207189085,-0.123050476890057,-0.558596642222255,-0.729575626683072,0.104880265891552,0,0,-0.218207404017448,0,0,-0.159985106438398,0,0
0,-0.0906690917909145,-0.366610438271891,0,0,0,0,0,0,0,0,0,0,0,0,-0.125896723009646,-0.0360453790053725,0,0,0,-0.0432504564523697,0,0.464541282271966,0,0,-0.193397434428334,-1.93224340351298,0,0,0,0,0,0,-0.0963540859520435,0,0.124117752537131,0.189828727394342,-0.241380050778389,-0.552748318761587,0,0,0,0.224477882846259,2.18759811669588,-0.917010189034045,1.98079773457721,0,0,0,0.205441027879715,0,21.2938063733745,0,0,0,-3.17345097003272,0.211033813655376,0,0.165232775732875,-0.047107882797718,0,0,-0.271970018744469,0,-0.170485630631447,5.73184672917705,0,0.409584708278999,0,-0.877678911085241,0,18.8102521533874,0.0520809218287468,0,-4.62159122084267,7.61248563334811,-0.546870956171915,-0.448266535997391,-0.310006707906723,0,0,-0.109085038304329,0.0220328187569976,0,-0.0791207924485207
0,0,0,0,0,0,0,0,-0.300115315243602,0,0,0.147837698459625,0,0,0,0,0,0,0,0.119096964597702,0,0,0,-0.776269231922925,0,0,0,0,0,0,0,0,0,0,0,0.154331728816032,0,0,0,-0.231958858668804,0,0,0.426374092698097,0,0.452243000268936,0,1.20537246018648,0,0,0,0,0,10.4052413847458,0,-0.0215269811451435,0.147015422582626,-1.20858693728223,-0.918583599508565,4.63022920372896,0,-0.905270683462732,0,0.172558017075062,1.19297187775373,0,0,0,0,12.3871170406492,0,0,0,-2.26320745050907,0,0,0.131218835711479,-4.6867116081994,0.0188376903533936,0,0,0,0,-0.18880420923233,0,-0.00170842977240682
0,0,0,0,0,0,0,0,0,0,0,0,0,0,0,0,0,0,0,0,0,0,0,0,0,0,0,0,0,0,0,0,0,0,0,0,0,0,0,0,0,0,0.108553197234869,0,0,0,-6.79065692424774,-1.73174065351486,0,0,0,0,0,-1.9538320847787,-1.12174582714215,0,0.38562274351716,0.0236668139696121,0,0,-0.0633598752319813,0,0,5.1274039731943,0,0,0,0,0,0,0,0,0,0,0,0,0,0,0,0,-2.26417849585414,0,1.13411129731685,0,-0.299995683133602
0,0,0,0,0,0,0,0,0,0,0,0,0,0,0,0,0,0,0,0,0,0,0,-0.00313372467644513,0,0,0,0,0,0,0,0,0,0.189362019300461,1.10620196536183,0.296972751617432,0,0,0,0,0,-0.173990324139595,0.476841930765659,0,-0.647380229085684,0.316108345985413,-5.48894960805774,0,0,0,0,0,-0.0215269811451435,-1.12174582714215,26.0508390200412,0.885735033079982,7.24871635797899,0,17.9879209441424,-0.25699383020401,4.21921347128227,0,0.301411563530564,-0.563644246663898,0,0,0,0,0.438523785211146,0,0,0,0.306536361575127,0,0,0,-0.998580404046152,0.504762228578329,0,0,-0.356756292283535,0,-3.06278456159635,-0.0220584016060457,0.20736937224865
0,0,0,0,0,0,0,0,-0.391995139187202,0,0,0,0,0,0,0,0,0,0,0,0,-0.222840085625648,0,-1.65963398820168,0,0,0,0,0,0,0,0,0,0,0,-0.11140055116266,0,0,0,-0.141002207994461,0,0,-4.41813979763538,-1.02985855005682,-1.68978646029791,-1.00690232159104,-0.473837376572192,-0.486124642193317,0,1.28507779724896,0,-3.17345097003272,0.147015422582626,0,0.885735033079982,56.067029302867,-1.6747115929611,0.140271305222996,12.1833106806153,0.195059597026557,-0.399192154407501,0,6.13559672376141,0.074443057179451,0.219899222254753,-0.381690913345665,0,0.164398782886565,-0.0414215177297592,-0.678729971405119,0,-6.16086144838482,-0.511258268728852,0,-0.699828198470641,-0.104523356072605,-2.70519560412504,0.158472747541964,5.79176059161546,0,0,0.315215140581131,-0.293368604550778,-0.270686130970716,-0.888118470087647
0,0,0,0,0,0,0,0,-0.0816811993718147,0,0,0,0,0,0,0,0,0,0,0,0,0,0,0,0,0,0,0,0,0,0,0,0,0,0,0,0,-0.506509883794934,0.0659120753407478,0,0,0,-0.516787621192634,-0.266074935905635,-0.31668337713927,0.149013768881559,-0.241500805597752,0,-0.16235214471817,1.21113585866988,0,0.211033813655376,-1.20858693728223,0.38562274351716,7.24871635797899,-1.6747115929611,-7.10270962526556,-0.224990135058761,3.51214190700557,-0.320637315511703,-1.69347348983865,0,21.0475024810876,0.156561445444822,0,0,0,0,0.888662239536643,-0.00449534133076668,0,-0.470406632870436,0.332158520817757,0,0,0,2.02451222389936,-0.592388464137912,0.165382213890553,0,-2.07976283691823,0,0.65633399784565,-0.0747430995106697,0.299146872013807
0,0.0811048597097397,0,0.610470123589039,0,0.02291564270854,0.155150903388858,0,4.23535235645249,2.3763996141497,0,0.0796526297926903,0,0.0372829921543598,0.0500681325793266,0,0,0,0,0.0375084280967712,0,0.351711576804519,0,0.921301078051329,0,0,0,-1.35156952601392,0,0.107573263347149,0,0,0,0,0,-0.517260301392525,0,-0.536313876509666,-0.151210367679596,0,0,0,-3.03752941265702,0.0703722834587097,-0.330814182758331,-0.0317473523318768,3.5808272883296,0,0.155427504330873,-0.0345344096422195,-0.449897532584146,0,-0.918583599508565,0.0236668139696121,0,0.140271305222996,-0.224990135058761,-5.2222393846605,0.82200562604703,-0.108542494475842,-0.5227701284457,-0.117896184325218,-0.401040405035019,1.47509340196848,0.132656216621399,0,0,0,-0.212771544232965,0,-4.45300063274044,0,-6.76061969908187,-0.546894049271941,0,0.0575228745583445,-0.00384531123563647,-0.125826616305858,0,0,0,0,0.633222665637732,0,-0.131332322955132
0,0,0,0,0,0,0,0,-2.16234846413136,0,0,0.127878949046135,0,0,0,0,0,0,0,0,0,0,0,0.0417086388624739,0,0,0,0,0,0,0,0,0,0,0,0,0,0,0,-0.0412773217540234,0,0,-1.21533332020044,0,-0.521316386060789,-0.21227724570781,0.603039629757404,-0.28018718957901,0,0,0,0.165232775732875,4.63022920372896,0,17.9879209441424,12.1833106806153,3.51214190700557,0.82200562604703,60.2201460621727,0,4.12672512370045,0,3.4805306608614,0,0,0,0,0,2.24342898651958,0,0,-0.0422380119562149,-0.124726615846157,0,0,0,-8.57775054819649,0.153090581996366,0,0,0,0,-0.574414906091988,-0.627937918528914,-0.150253131985664
0,0,0,0,0,0.164662599563599,0,0,0,0,0.0958518013358116,-0.0195094477385283,-0.0355213267321233,0,0,0,0,0,0,0,-0.26039707660675,0,-0.193932548165321,-0.291040442883968,-0.0210990943014622,0.0839731469750404,-0.203145779669285,-0.193375825881958,0,0,-0.00276044034399092,0,0,0,-0.232249781489372,0.422072641551495,0,-0.0549833029508591,-0.358336836099625,-1.20005781017244,0,0.77509605884552,0.954459083266556,5.24345511384308,1.91036410816014,-15.7446968853474,-0.541680471971631,0.852353863418102,0.0625851918011904,-0.00365343899466097,0,-0.047107882797718,0,0,-0.25699383020401,0.195059597026557,-0.320637315511703,-0.108542494475842,0,30.141798891349,0.0487166196107864,3.92524928465718,-0.250411542365327,0,0.0435779355466366,0.741509430110455,9.26407145307167,2.86331473011523,0.0199293084442616,-0.0707517359405756,0.0710335373878479,-0.219107355922461,-0.174932032823563,0.54126189276576,1.67238689164515,1.01156074926257,0.222300419583917,-0.556571954861283,-0.10954999178648,-0.93643593788147,-0.529571741819382,0,1.17476720130071,3.1051839850843,2.34209122508764
0,0,0,-0.0515187755227089,0.122885465621948,0.0330278035253286,0.162841737270355,0,-1.2043063044548,-0.0103800725191832,0,0.357557442039251,0,0,0.69161069393158,0,0,0,0,0.312704049050808,0,0,0,0.0210189502686262,0,0,0,0,0,0,0,0,0,-0.00540880672633648,1.47750840720255,0.34383874386549,0,0,0,0.969002489000559,0,0,1.39703097543679,0,-0.579323609359562,-0.0230628084391356,3.24380628112704,0,0,0,0,0,-0.905270683462732,-0.0633598752319813,4.21921347128227,-0.399192154407501,-1.69347348983865,-0.5227701284457,4.12672512370045,0.0487166196107864,27.1734295877395,0,0.0603914828971028,1.71222584717907,0,0,0,0,4.22609750839183,0,0,0,-0.736266534775496,0,0,0,2.29248741129413,0.331840328872204,0.0638059824705124,0,-0.204493381083012,0,-0.832698626909405,-10.2088807821274,0.294891024008393
0,-0.197290312498808,0,0,0,0,0,0,0,0,-0.041311860550195,0,-2.61130938160932,0,0,0,0,0,0,0,0,-0.0241218656301498,0,0,-3.04780478775501,0.18637416139245,0.670750364661217,0,0,0,0.558880773372948,0,0,-0.264001458883286,0,0,-0.00286869704723358,0.0820195972919464,0,0,0,0.154382467269897,0,0.819155958481133,1.14218877442181,-0.272110939025879,0.00241986662149429,0,0.168387614190578,0,-0.525469209998846,0,0,0,0,0,0,-0.117896184325218,0,3.92524928465718,0,-2.93548114411533,0.242140024900436,0,0,0,-0.650078609585762,-0.007877167314291,0,0,0,0,0,-9.45519901369698,0.384901441633701,2.45895383530296,0,0.279037080705166,0,0.157114129979163,0.580082001164556,0,2.56144347786903,0,0
0,0,0,0,0,0,0,0,0,0,0,0,0,0,0,0,0,0,0,0,0,0,0,0,0,0,0,0,0,0,0,0,0,0,0,0,0,0,0,0,0,0,-0.327772852033377,0.499102175235748,1.20272589242086,0.92438593134284,-1.34208646789193,-0.0182068571448326,0,3.01060723443516,0.0121726840734482,-0.271970018744469,0.172558017075062,0,0.301411563530564,6.13559672376141,21.0475024810876,-0.401040405035019,3.4805306608614,-0.250411542365327,0.0603914828971028,0.242140024900436,42.2931676935114,-0.00609224988147616,0.14503838121891,0.732642536982894,0.520282208919525,0.0107747465372086,-0.857215180061758,-0.0797593276947737,0,-2.0149518600083,0.487321179825813,-0.350242912769318,0.0302993785589933,0,0.414605935744476,18.4663932531839,-3.51218591164798,0.160279676318169,-0.3644282463938,0.684982370119542,2.3723816924612,0,0.229735241271555
0,0,0,0,0,0.167612060904503,0,0,0,0,0,0,0,0,0,0,0,0,0,0,0,0,0,0,0,0,0,0,0,0,0,0,0,0,0,0,0,0,0,-0.0963693559169769,0,0,-0.840927204117179,0,-0.0486973896622658,-0.0192067213356495,-7.58991967327893,0,0,0,0,0,1.19297187775373,5.1274039731943,-0.563644246663898,0.074443057179451,0.156561445444822,1.47509340196848,0,0,1.71222584717907,0,-0.00609224988147616,6.15081264078617,0,0,0,0,0.0743759125471115,0,0,0,-0.986436918377876,0,0,0,-0.196520924568176,-0.0595476813614368,0,0,0,0,0,0,0
0,-0.0100551983341575,0.138423539698124,0,0,0,0,0,-0.584698587656021,0,0,0,0,0,0,-4.96723744027986,0,0,0,0,-1.52510065562092,-3.0574389975518,-0.384874378098175,-1.77122405073897,0,0,-2.41410290182102,0.0901543343206868,0,-0.718852424994111,0,0,0,0,0,-1.4636697191745,-0.371977308997884,-0.343173130066134,0.020089540630579,0,0,-0.00785537250339985,-0.867587456479669,-0.224893146194518,0.45030714944005,-0.8075618402072,0,0,0,0,-0.829325030208565,-0.170485630631447,0,0,0,0.219899222254753,0,0.132656216621399,0,0.0435779355466366,0,0,0.14503838121891,0,-8.0984113675222,0,0,0,0,13.9340944816358,-7.15700626326725,5.40104266497656,-0.628645163029432,-0.294209139421582,0,3.37675636203494,0.00979342963546515,-0.12170784920454,0.0828346777707338,0,0,0,-0.193800629000179,0,-0.194469177164137
0,0.344337165355682,0.0670438185334206,0,0,0,0,0,0,0,0,0,0,0,0,0,-0.00342660397291183,0,0,0,0,0,0.0270280186086893,0,0,0.221812911331654,0.62409960385412,0,0,0,0,0,0,0,0,0.0220909453928471,0.00447084615007043,0,0,0,0,0,-1.2063812976703,1.79835614003241,1.8370022533345,1.1647728944663,0,0,0,-0.127345932647586,-0.177429221570492,5.73184672917705,0,0,0,-0.381690913345665,0,0,0,0.741509430110455,0,0,0.732642536982894,0,0,18.2027876281645,0.648883420974016,7.97994927503169,0,1.04093878157437,0,14.911205116543,0,0,5.37164396233857,1.96685735299252,0.124646838754416,-0.199241338297725,-0.882148397620767,0,0,0,9.79914100689348,0,0
0,0,0,0,0,0,0,0,0,0,0,0,0,0,0,0,0,0,0,0,0,0,0,0,0,-0.0152397667989135,-0.0643019662238657,0,0,0,0,0,0,0,0,0,0,0,0,0,0,0,0.495504811173305,0.233134861802682,0.465642543858849,1.37433356477413,0,0,0,0,0,0,0,0,0,0,0,0,0,9.26407145307167,0,-0.650078609585762,0.520282208919525,0,0,0.648883420974016,5.72498942352831,6.1524003688246,0,-0.118461214005947,0,0.142455178312957,0,0.131267473101616,7.59483631700277,0.696162240579724,0,-0.213032458908856,0,-0.219276234507561,0.291131136007607,0,1.83136042254046,0,0.0698743597604334
0,0.148285269737244,0,0,0,0,0,0,0,0,0,0,0,0,0,0,-0.0307419486343861,0,0,0,0,0,0,0,0,0.132550483569503,0.123530730605125,0,0,0,0,0,0,0,0,0,0,0,0,0,0,0,0.196153150871396,0.885913262260146,-0.134092750609852,-0.752977943280712,0,0,0,0,0.0667678117752075,0.409584708278999,0,0,0,0.164398782886565,0,0,0,2.86331473011523,0,-0.007877167314291,0.0107747465372086,0,0,7.97994927503169,6.1524003688246,21.4736543364852,0,0.116618659347296,0,-0.130849502282217,0,0.121061891317368,3.87166093837004,-0.0606177513254806,0,-0.120922140777111,-0.72248496604152,0,-0.0621397271752357,0,7.4538490929408,0,0.151864320039749
0,0,0,0.722712188959122,0,0,0,0,-0.623266778886318,0,0,0,0,0,0,0,0,0,0,0,0,0,0,0.102537125349045,0,0,0,0,0,0,0,0,0,0,0,0,0,0,0,0.312891976907849,0,0,0.971809614798985,0,-0.412728101015091,-0.137188524007797,0.350652515888214,-0.131528735160828,0.182152092456818,0,0,0,12.3871170406492,0,0.438523785211146,-0.0414215177297592,0.888662239536643,-0.212771544232965,2.24342898651958,0.0199293084442616,4.22609750839183,0,-0.857215180061758,0.0743759125471115,0,0,0,0,2.1758271753788,0,0,0,0.12808686029166,0,0,0,1.11838879110292,-0.594323260709643,0,0,-0.541344523429871,0,-0.797958116978407,0,-0.0728467330336571
0,0,0,0,0,0,0,0,0,0,0,0,0,0,0,-0.727696395711973,0,0,0,0,-0.00984519533813,-0.152652010321617,0.127735384739935,0.527464816346765,0,0,0.000799722969532013,0,0,-0.0570101924240589,0,0,0,0,0,-0.287849694490433,0.0835437178611755,0,0,0,0,0,-3.66340718616266,0.645180820021778,-0.535701675515156,-1.61157033010386,-0.35943329334259,0,-0.0155723225325346,-0.251212731003761,0,-0.877678911085241,0,0,0,-0.678729971405119,-0.00449534133076668,0,0,-0.0707517359405756,0,0,-0.0797593276947737,0,13.9340944816358,1.04093878157437,-0.118461214005947,0.116618659347296,0,35.3510097850885,0.164489336311817,12.7750626548077,1.17487425822765,0,-0.0687565505504608,-0.109448847360909,-6.23981118923984,-0.403932291548699,-6.24225117417518,0,0.187069714069366,0.0444013774394989,5.60143196035642,0.0138922687619925,-0.507075377739966
0,0,0,0,0,0,0,0,-1.40039744693786,0,0,0,0.0285353325307369,0,0,-0.313905460759997,-0.120764374732971,0,0,0,-0.159601657651365,5.908236077521,-0.638497183099389,0.698372570797801,0,0,-1.64453085139394,-0.220343627035618,0,0,0,0,0,-0.184934377670288,0,-0.164315540343523,0.100839622318745,0,0.285620845854282,0,0,0,-0.0178893432021141,0.085315965116024,0.424443587660789,-0.10118193924427,-0.415349408984184,0,0.0240417718887329,0,-2.77844542477396,0,0,0,0,0,0,-4.45300063274044,0,0.0710335373878479,0,0,0,0,-7.15700626326725,0,0,0,0,0.164489336311817,-8.03227226657327,0,-2.29807269328739,-0.333810300566256,0,-3.87562379427254,0.0431511625647545,0,0,0.0209797825664282,0,0,0.29544597864151,0,0
0,-0.0159559994935989,1.59305694117211,0,0,0,0,0,0,0,0,0,-0.134818091988564,0,0,-1.27212113153655,-0.00793286692351103,0,0,0,-0.839897348545492,0.356566237285733,0.886964764329605,-0.0191293712705374,0,0,-0.300906085671159,0,0,0,0,0,0,0.160789525136352,0,-0.725202575325966,0.471282462589443,-0.243816205998883,-0.200938762514852,0,0,0,-5.38376538339071,-3.17058856261428,0.349438472607289,0.494773783071651,-0.0643823146820068,0,0,-0.421859241090715,-0.0344936456531286,18.8102521533874,0,0,0,-6.16086144838482,-0.470406632870436,0,-0.0422380119562149,-0.219107355922461,0,0,-2.0149518600083,0,5.40104266497656,14.911205116543,0.142455178312957,-0.130849502282217,0,12.7750626548077,0,54.2968794858316,-0.846117752138525,0,0.934425242710859,12.3195728017017,-4.41784880225896,0.926440921641188,-2.78356463881209,0,-0.111194493569201,-0.299032814800739,4.7159112932568,0.0666315108537674,-1.82883677771315
0,0.0849370732903481,0,-0.716643271967769,-0.102761641144753,0,-1.4063521232456,-0.451391391456127,-8.87438704259694,-0.669106875546277,0,-0.258582629263401,0.000629413407295942,0,0,-0.845588245429099,0,0,0,0.125099305994809,-0.105971392244101,-0.518205546541139,-0.153901930898428,-10.9725309927016,0,0,0,-3.91110443021171,-0.105115519836545,-0.136113747954369,0,0,0.0553912483155727,0,0,-2.16639306204161,0.344584748148918,0.0238867923617363,-0.00942542403936386,-0.517684379592538,0,-0.00890506431460381,-4.2850217197556,-0.541693691629916,-1.20042183762416,-0.209071952849627,-4.46193916676566,0,-0.162690714001656,0,-0.776411207189085,0.0520809218287468,-2.26320745050907,0,0.306536361575127,-0.511258268728852,0.332158520817757,-6.76061969908187,-0.124726615846157,-0.174932032823563,-0.736266534775496,0,0.487321179825813,-0.986436918377876,-0.628645163029432,0,0,0,0.12808686029166,1.17487425822765,-2.29807269328739,-0.846117752138525,-21.9441820374923,0.129765652120113,0,0.719688923447393,-0.27637281391344,-0.452923973090947,-0.289289663080126,0,0,-0.386340721976012,-0.0157897248864174,0,-0.41575613617897
0,0.0204263180494308,0,0,0,0,0,0,0,0,0.921792017295957,0,-2.12114004557952,0,0,0,0,0,0,0,0,0.0809558788314462,0,0,-1.34706605831161,-0.186539079062641,-0.843249282217585,0,0,0,-0.994319200050086,0,0,0.0294022392481565,0,0,-0.369852378964424,-0.458039939403534,0,0,0,-0.466119557619095,0,0.662952993996441,1.6672041863203,0.0374654280021787,0,0,2.05073156952858,0,-0.123050476890057,0,0,0,0,0,0,-0.546894049271941,0,0.54126189276576,0,-9.45519901369698,-0.350242912769318,0,-0.294209139421582,0,0.131267473101616,0.121061891317368,0,0,-0.333810300566256,0,0.129765652120113,-2.80876695399638,-0.263855904340744,0.785129769588821,0,0,0,-2.43477078981232,0,0,0.37527079321444,0,0
0,0.157472632126883,0.165829129517078,0,0,0,0,0,0,0,0.344414941966534,0,-0.00981421861797571,0,0,0,-0.33423240785487,0,-0.0494011640548706,0,0,0.20126836001873,0.205201208591461,0,0.582427561283112,-0.458541221218184,-2.92900682092295,0,0,0,-1.71001349395374,0,0,0.105360817164183,0,-0.157007992267609,0.766829499043524,0.313259075395763,0.166046470403671,0,0,0,0.291722308378667,10.5713055623346,2.65488926228136,1.43403274690354,0,0,0.071441687643528,-0.267189072910696,-0.558596642222255,-4.62159122084267,0,0,0,-0.699828198470641,0,0,0,1.67238689164515,0,0.384901441633701,0.0302993785589933,0,0,5.37164396233857,7.59483631700277,3.87166093837004,0,-0.0687565505504608,0,0.934425242710859,0,-0.263855904340744,47.3395226453104,4.52865393055254,-0.284074451774359,0.259558627614751,-0.68453808221966,-2.63222541846335,-0.0744936615228653,0,0.393505276646465,0,0.194253511726856
0,-4.83405467754346,-1.74231808446348,0,0,0,0,0,0,0,-0.18195685185492,0,0.946939305402339,0,0,-1.96613254141994,-0.618052232079208,0.0345396343618631,-0.0268013244494796,0,0,-2.15223207660893,-3.09765328367939,-0.320418799296021,0.562754452228546,-2.38381632737583,-33.1450707186814,0,0,0,-1.17134729912505,0,0,-0.0771967535838485,0,-0.24298329371959,-0.653152703307569,-1.49085618997924,-0.292917355895042,0,0,0,-2.50919041218003,0.36870608641766,1.4240473844402,2.51488848717418,0.0614850446581841,0,-0.433429479598999,0.0432309322059155,-0.729575626683072,7.61248563334811,0.131218835711479,0,0,-0.104523356072605,0,0.0575228745583445,0,1.01156074926257,0,2.45895383530296,0,0,3.37675636203494,1.96685735299252,0.696162240579724,-0.0606177513254806,0,-0.109448847360909,-3.87562379427254,12.3195728017017,0.719688923447393,0.785129769588821,4.52865393055254,24.5080253375963,-0.223921421449631,0,-0.262416962534189,-3.12974768690765,-0.00855625607073307,0.0811115726828575,3.14895707624964,0,0.13443722948432
0,0,0,0,0,0,-0.186597019433975,0,-6.68584489694331,0,0,-0.00822510290890932,0.0233391802757978,0,0,-0.127271064557135,0,0,0,0,-0.0736745744943619,-0.0344760660082102,0.0310314986854792,-5.39537244639359,0,0,0,-1.05793506093323,0,0,0,0,0,-0.00336589408107102,0,-0.0360996853560209,0.0224225781857967,0,0,0.354280774481595,0,0,-9.98912348365411,-0.284755898173898,-2.76357916119741,-1.55715338513255,-2.30215830728412,-0.124201106838882,0.0279528964310884,-0.0963651798665524,0.104880265891552,-0.546870956171915,-4.6867116081994,0,-0.998580404046152,-2.70519560412504,2.02451222389936,-0.00384531123563647,-8.57775054819649,0.222300419583917,2.29248741129413,0,0.414605935744476,-0.196520924568176,0.00979342963546515,0.124646838754416,0,0,1.11838879110292,-6.23981118923984,0.0431511625647545,-4.41784880225896,-0.27637281391344,0,-0.284074451774359,-0.223921421449631,50.8535277331903,0.138004456704948,8.59298514772672,0,0,0.531665561255068,1.01578132878058,-0.0998739069327712,-0.0029900181107223
0,0,0,0,0,0,0,0,-0.0137806413695216,0,0,0,0,0,0,-0.013868116773665,0,0,0,0,0,-0.109345816075802,0,0,0,0,0,0,0,0,0,0,0,0,0,0,0,0,0,0,0,-0.163957193493843,-0.465955838561058,0.18433041870594,-0.739951034542173,-0.261921256780624,0.0858263990376145,0.632247358560562,0.0977740734815598,4.07015439961106,0,-0.448266535997391,0.0188376903533936,0,0.504762228578329,0.158472747541964,-0.592388464137912,-0.125826616305858,0.153090581996366,-0.556571954861283,0.331840328872204,0.279037080705166,18.4663932531839,-0.0595476813614368,-0.12170784920454,-0.199241338297725,-0.213032458908856,-0.120922140777111,-0.594323260709643,-0.403932291548699,0,0.926440921641188,-0.452923973090947,0,0.259558627614751,0,0.138004456704948,38.0362835257838,3.05731839453802,0.0882130786776543,-0.578989781439304,1.75566390622407,0.0915772337466478,0.0377147160470486,0.037719963118434
0,0,0,0,0,0,0,0,-0.0696211806498468,0,0,0,0,0,0,-0.273027218878269,0,0,0,0,-0.269941860344261,-0.250381477177143,0.0498183593153954,0.0221257731318474,0,0,0,-0.0955255944281816,0,0,0,0,0,0,0,-0.315753581468016,0,0,0,0,0,0,-4.54038711381145,-0.224411522969604,0.368804876226932,-0.776680507697165,0.330770023167133,0.0244379378855228,0,2.02318442915566,0,-0.310006707906723,0,0,0,5.79176059161546,0.165382213890553,0,0,-0.10954999178648,0.0638059824705124,0,-3.51218591164798,0,0.0828346777707338,-0.882148397620767,0,-0.72248496604152,0,-6.24225117417518,0,-2.78356463881209,-0.289289663080126,0,-0.68453808221966,-0.262416962534189,8.59298514772672,3.05731839453802,29.6494701461052,0,0.023441394791007,0.0170271024107933,2.62461229425389,0,-0.508119255304337
0,0,0,0,0,0,0,0,0,0,0.142897214391269,0,-1.58533665607683,0,0,0,0,0,0,0,0,0,0,0,-0.801699217408895,0.0110682621598244,0.135334469377995,0,0,0,-2.26532876119018,0,0,0.0950460508465767,0,0,-0.0758498758077621,0.111292742192745,0,0,0,-0.0414666756987572,0,-0.808417510474101,-0.962620796926785,0.123014428652823,0,0,0.144793704152107,0,-0.218207404017448,0,0,0,0,0,0,0,0,-0.93643593788147,0,0.157114129979163,0.160279676318169,0,0,0,-0.219276234507561,0,0,0,0.0209797825664282,0,0,-2.43477078981232,-2.63222541846335,-3.12974768690765,0,0.0882130786776543,0,-3.5277093090117,0,0,-0.448857344686985,0,0
0,0,0,0,0,0,0,0,0,0,0,0,0,0,0,0,0,0,0,0,0,0,0,0,0,0,0,0,0,0,0,0,0,0,0,0,0,-0.197593182325363,0,0,0,0.689229279756546,-1.10764836450107,0.399910166859627,2.10967395314947,-0.695586912333965,-0.86849015718326,-0.187285572290421,-0.0806451141834259,0,0,0,0,-2.26417849585414,-0.356756292283535,0,-2.07976283691823,0,0,-0.529571741819382,-0.204493381083012,0.580082001164556,-0.3644282463938,0,0,0,0.291131136007607,-0.0621397271752357,-0.541344523429871,0.187069714069366,0,-0.111194493569201,0,0,-0.0744936615228653,-0.00855625607073307,0,-0.578989781439304,0.023441394791007,0,-9.70162898721173,-0.0386950597167015,-9.92492135043722,0,0.0378896314650774
0,0,0,0,0,0,0,0,-0.297212637960911,0,0,0,0,0,0,-0.0718615129590034,0,0,0,0,0.0868122577667236,0,0,-0.820297256112099,0,0,0,0,0,0,0,0,0,0,0,-0.1231929063797,0,0,0,0,0,0,0,-0.186289668083191,-0.758488144725561,-0.238061189651489,0,0,0,0.0017722052289173,0,-0.109085038304329,0,0,0,0.315215140581131,0,0,0,0,0,0,0.684982370119542,0,0,0,0,0,0,0.0444013774394989,0,-0.299032814800739,-0.386340721976012,0,0,0.0811115726828575,0.531665561255068,1.75566390622407,0.0170271024107933,0,-0.0386950597167015,0.879475806017581,0.85114261507988,0.485675096511841,0
0,0,0,0,0,0,0,0,0,0,0,0,-0.256659851409495,0.443122699856758,0,0,0,0,0,0,0,0,-0.0548984929919243,0.16780074685812,-0.152180176228285,0,-0.153486609458923,-0.164798781275749,-0.197282552719116,0,0,0,0,0.608069136738777,-0.00909074582159519,0,-0.0337614212185144,-0.380867511034012,0.447357781231403,0,0,0.337360024452209,1.03079426370095,0.263842470943928,-3.64430259748769,1.3971724845469,0.943048924207687,1.94287210702896,-0.176831670105457,-0.0844610258936882,-0.159985106438398,0.0220328187569976,-0.18880420923233,1.13411129731685,-3.06278456159635,-0.293368604550778,0.65633399784565,0.633222665637732,-0.574414906091988,1.17476720130071,-0.832698626909405,2.56144347786903,2.3723816924612,0,-0.193800629000179,9.79914100689348,1.83136042254046,7.4538490929408,-0.797958116978407,5.60143196035642,0.29544597864151,4.7159112932568,-0.0157897248864174,0.37527079321444,0.393505276646465,3.14895707624964,1.01578132878058,0.0915772337466478,2.62461229425389,-0.448857344686985,-9.92492135043722,0.85114261507988,28.8032218269072,0.279563058167696,0.545022072270513
0,0,0,0,0,0.111123245209455,0,0,0,0,0,-4.35773235559464,0,0,-0.172197222709656,0,0,0,0,0,0,0,0,0,0,0,0,0,0,0,0,0,0,-1.1730443239212,-53.7144251571772,0.796838552807458,0.20355720911175,0.419120252132416,0.631530994549394,0,0,0,-1.14585998165421,1.66170661477372,-0.85772758256644,-2.4441615305841,-0.375739812850952,-0.240011613816023,0,0,0,0,0,0,-0.0220584016060457,-0.270686130970716,-0.0747430995106697,0,-0.627937918528914,3.1051839850843,-10.2088807821274,0,0,0,0,0,0,0,0,0.0138922687619925,0,0.0666315108537674,0,0,0,0,-0.0998739069327712,0.0377147160470486,0,0,0,0.485675096511841,0.279563058167696,-183.966182763572,-14.3563833244552
0,0,0.0579103482887149,0,-0.22243857383728,0.0106012584874406,-0.505839000921696,0.354927442967892,1.21761240810156,-0.245347388088703,0.431345999240875,-0.594464098103344,0,0,-0.124367170035839,-0.397388476878405,-0.0830899402499199,0,0,0,-1.32860922510736,-0.109313830733299,-2.62400335422717,-0.360776660963893,0,0.205203317571431,-0.299088821746409,-0.511837114579976,0.615877084434032,-1.99586842395365,0,0.264611501246691,0,-0.368109903298318,-16.5988654577232,10.5075388551923,-8.23488787282258,6.75574500719085,-14.6811616271734,0.301578477025032,0.999969989061356,0,-5.76903306692839,-3.96094453521073,3.71600474137813,-12.0408352449303,-0.837319787591696,0.715297795832157,0,-0.0318404585123062,0,-0.0791207924485207,-0.00170842977240682,-0.299995683133602,0.20736937224865,-0.888118470087647,0.299146872013807,-0.131332322955132,-0.150253131985664,2.34209122508764,0.294891024008393,0,0.229735241271555,0,-0.194469177164137,0,0.0698743597604334,0.151864320039749,-0.0728467330336571,-0.507075377739966,0,-1.82883677771315,-0.41575613617897,0,0.194253511726856,0.13443722948432,-0.0029900181107223,0.037719963118434,-0.508119255304337,0,0.0378896314650774,0,0.545022072270513,-14.3563833244552,0.526901435106993
