3.5026337220188,0,-0.0899817384779453,0,0,-0.156694233417511,0.616546816308983,-0.234748037881218,0,0.0248701404780149,0,-0.00678262021392584,0,3.70195114084618,0,0,-0.060578640550375,0,0,0,0.083646398037672,0,-0.53364396665711,0.179685354232788,0,0,0,0.123017657548189,1.54174627037719,3.87123861245345,0,0,0,-0.119347438216209,0,0,0.0757561028003693,-0.197917275130749,0.0190736148506403,0.0449984408915043,0,0,0,0,0,0,0,0,0,0,0,0,0,0,0,0,0,0,0,0,0,0,0,0,0,0,0,0,0,0,0,0,0,0,0,0,0,0,0,0,0,0,0,0,0
0,1.11710702679557,0,0,0,0,0,0,-1.23914520291146,0,-0.280928762163967,0,0.675781289115548,0,0,-1.3153626434505,0,0.0557648651301861,0,0,0.0571728348731995,-1.20629322901368,0.010671928524971,-0.843168651685119,-1.53387688100338,0.174033052287996,-4.08886737751982,0,0.05244798399508,0,0.0283490312285721,0,0.00821937620639801,-0.301839522784576,0,-0.0407681800425053,-0.403339188080281,-0.209282701835036,-0.0399144468829036,-0.0749335587024689,0,0,-0.200276022776961,0.218972722068429,0.0874368436634541,-0.0859622657299042,0,0,0,0,0.288249981123954,-0.108265392482281,0,0,0,0,0,0.00196752976626158,0,0,0,-0.0772725623100996,0,0,-0.00371697661466897,0.253011308610439,0,0.192188680171967,0,0,0,-0.0754883224435616,-0.00739417504519224,0.0650826329365373,0.10191742805182,-2.80707562924363,0,0,0,0,0,0,0,0,0
-0.0899817384779453,0,-1.20135445857886,0,0,0,-1.03202902188059,-0.224148008041084,0,0,0,0,0,-0.224327585427091,0,0.0181137230247259,1.23295738280285,0.0794925536029041,-0.170862285420299,0,-0.605309340317035,-0.100946724414825,-4.65565749548841,-0.127149019157514,0,0.0962015484692529,-10.2654234386864,-0.590964044444263,-0.00362568534910679,-0.0315492092631757,0,0,0,0.19091511843726,0,-1.24763928237371,-2.15543988067657,-1.91641730978154,-0.634713372215629,0,0,0,-0.261636178242043,0.122433077078313,0.0373260239139199,0.221562568098307,0,0,0,0,0.0877157393842936,-0.306635153712705,0,0,0,0,0,0,0,0,0,0,0,0,0.0899366373196244,0.0702563747763634,0,0,0,0,0,0.84873603284359,0,0,-0.0449988679029047,-2.12552162696375,0,0,0,0,0,0,0,0,0.188601244240999
0,0,0,3.17842710470723,-0.00904176046606153,0.0142458002083004,0,-0.0730775967240334,-0.968493688851595,-1.71821759676095,0,1.0004247125471,0,0,-1.02221991168335,0,0,0,0,-0.0748498175344139,0,0,0,1.20234113401966,0,0,0,-0.544594894803595,0.107112566009164,0,0,0,0,0.16370864212513,0,0.282030688133091,0,-0.120260201394558,0,-0.254389477995574,-0.05085214599967,0,0.0325487963855267,0,0,0,0.204097328707576,0,0,0,0,0,0,0,0,0,0,0.293814854696393,0,0,-0.0350392162799835,0,0,0,0,0,0,0,0.406123667955399,0,0,0,-0.708760999143124,0,0,0,0,0,0,0,0,0,0,0,0
0,0,0,-0.00904176046606153,-3.00489371911681,-2.76465568644926,-0.180200830101967,-0.217761263251305,0.000390628294553608,-0.130430679768324,0,-0.364014354832761,0,0,-2.81447586603463,0,0,0,0,-0.082337828236632,0,0,0,-0.414500825107098,0,0,0,-0.0347449500113726,0,0,0,-0.741668507456779,0,-1.62661133246729,0,-2.28003358095884,-0.111146519891918,-0.256012299098074,0,-1.07294452039059,-1.44452881871257,0,0,0,0,0,-0.0580184943974018,0,0,0,0,0,0,0,0,0,0,0,0,0,0.0418637990951538,0,0,0,0,0,0,0,0,0,0,0,-0.0918075442314148,0,0,0,0,0,0,0,0,0,0,0,-0.290300939232111
-0.156694233417511,0,0,0.0142458002083004,-2.76465568644926,10.7360945287874,-0.387020961374219,-7.25038042053347,-0.146108082961291,4.71255159180146,-0.158214792609215,3.78544350480661,0,0.799388003069907,-0.464588749688119,0,0,0,0,0.608910832554102,0,0,0,-0.0534492991864681,0,0,0,0.0755503153777681,0.385272454004735,0,0,-0.123554327059537,0,-1.5388002935797,-6.39304737956263,-3.2908051777631,-0.0366150960326195,-0.00688847526907921,-0.0433991951867938,-1.37144547211938,-0.173421174287796,-0.0988804027438164,0,0,0.157903973013163,0.00236689765006304,0.330241918563843,0,-0.253903806209564,0,0,0,0,0,0,0,0,-0.101309232413769,0,0.184682667255402,0.0611015930771828,0,0,0.0500521436333656,0,0,0,0,0,0,0,0,0,0,0,0,0,0,0,0,0,0,0,-0.869819758227095,0.089325066190213
0.616546816308983,0,-1.03202902188059,0,-0.180200830101967,-0.387020961374219,13.916722719463,-1.03890903358115,-0.303515044972301,0.998023709573317,0,0.000698404386639595,0,-3.2468318523147,-0.000934676383621991,0.0152348140254617,0,0,0,0,0.387008618796244,0,-0.928774100029841,-0.679578647948802,0,0,-0.17027341388166,-1.12022963214986,-0.247720030391065,1.25253089051694,0,0,0.285755932331085,-1.58814190351404,-0.190143302083015,-5.91276282691979,0.0216799173504114,-1.90497400215827,-0.0459445277228951,-1.06024440331385,-0.071810994297266,0,-0.0172088560066186,0,0,0,0,0,0,0,0,0,0,0,0,0,0,-0.0186282014474273,0,0,0.125068083405495,0,0,0,0,0,0,0,0,0,0,0,-1.01366937626153,0,0,0,-0.171680852770805,0,0,0,0,0,0,0,-0.231072145979851
-0.234748037881218,0,-0.224148008041084,-0.0730775967240334,-0.217761263251305,-7.25038042053347,-1.03890903358115,-53.2037491820811,-1.05820014653727,3.2822641923558,0.177892064675689,-0.604362389654852,0,-11.1183181654924,-0.0491410053800792,0,-0.0256974920630455,0,0,0.229068320943043,0.0757843585161027,0,-0.54073394543957,0.243496790528297,0,-0.0564564429223537,0,1.27028898504796,-0.569658728432842,-0.781585517572239,0,-0.245539779309183,0,-0.294872749364004,0.066608851775527,0.189340247074142,-0.12364847632125,-0.109751427633455,-0.256322155706584,0.0763591913855635,-0.162062451243401,0.273857146501541,0,0,0.235038578510284,0.286036938428879,0,0,-0.133069068193436,0,0,0,0,0,0,0,0,0,0,0,0,0,0,0,0,0,0,0,0,0,0,0,-0.292950853705406,0,0,0,0,0,0,0,0,0,0,0,0.26053591510572
0,-1.23914520291146,0,-0.968493688851595,0.000390628294553608,-0.146108082961291,-0.303515044972301,-1.05820014653727,-2.94915749318898,-0.416147693526,0.00455568404868245,-0.19274852797389,0.00406277552247047,-0.139887169003487,-0.00639317557215691,0.035272853448987,0,0,0,-0.0443434114567935,0,-0.692816779948771,0,-6.38523648571572,-0.680721872020513,-0.0904896110296249,-0.704185567446984,-2.25789987685857,0.0810478522034828,0,0,0,0.021886870265007,0.16237827250734,0,-4.22734783031046,0.142822913825512,-0.0417846299824305,0,-0.314027491956949,0,0,-0.226407539099455,0,-0.00781301967799664,-0.0344191193580627,0.0607804823666811,0,0,0,-0.163109391927719,0,-0.505981816910207,0,0,-0.369571138173342,-0.163583748973906,-2.76193663757294,-1.24714905535802,0,-0.571269102394581,0,0,0,-0.439270004630089,0,0,0,-0.270250707864761,0,-0.163645477965474,0,-6.99547259192332,0,0,0,-5.6023372397176,0.0429019816219807,-0.0918839909136295,0,0,-0.265584602952003,0,0,0.754363034153357
0.0248701404780149,0,0,-1.71821759676095,-0.130430679768324,4.71255159180146,0.998023709573317,3.2822641923558,-0.416147693526,-11.5584175542826,-0.184072330594063,1.32941730134189,0,2.42329944282028,-0.337611463852227,0,0,0,0,-2.14824275672436,0.130969867110252,0,0,1.55460766132273,0,0,0,-0.0216835258761421,0.745483395789051,-0.00160718464758247,0,0,-0.0541374534368515,-1.14663710154127,-1.33119156211615,-2.4579474698985,0,-1.18952860214631,-0.177138939499855,-0.584481757327012,-0.0383828766644001,0,0,0,0,0,1.08132778201252,0,0,0,0,0,0,0,0,0,0,1.11202599050011,0,0,0.0256258565932512,0,0,0,0,0,0,0,0,0,0,0,-0.745558179914951,0,0,0,0,0,0,0,0,0,0,0,-0.194504592567682
0,-0.280928762163967,0,0,0,-0.158214792609215,0,0.177892064675689,0.00455568404868245,-0.184072330594063,6.91222379451938,0,-3.14715069159865,0.267391741275787,0,0,0.740392644889653,6.15719612938119,0.444039455614984,0,0,-0.00121102540288121,0.00357704167254269,0,0.833194265142083,1.22866786672967,0.0943822429981083,0,1.03321885527112,0,-1.17556931823492,0.46913377288729,0,4.08608479698887,0,0.191655816975981,-0.246042150793073,0.267962293932214,0.758866693402524,0.108886633068323,0,0.136257224716246,0,-0.171502710320055,0.00977894850075245,0,0,0,0.160949939396232,0,0,0,0,0,0,0,0,0,0,0.0577783803455532,0,0.439642404442566,0,0,0,0,0,0,0,0,0,0,0,0.603678731247783,0.104932155460119,-0.126932643353939,0,0,0,-0.00145123759284616,0,0,0,0,0.35466668009758
-0.00678262021392584,0,0,1.0004247125471,-0.364014354832761,3.78544350480661,0.000698404386639595,-0.604362389654852,-0.19274852797389,1.32941730134189,0,22.2177387011761,0,0.0164069002494216,1.06463093054481,0,0,0,0,-0.307353509357199,0,0,0,0.110009584575891,0,0,0,-0.295897356350906,0.106960211182013,0,0,-0.0362915615551174,0,-0.618589435704052,-8.79950139118591,-0.0225555661600083,0,-0.268045127391815,-0.246824681758881,-0.642480971058831,-0.220150653272867,-0.142609819769859,0.176031142473221,0,0,0,0.27820480056107,0,0,0,0,0,0.127045888453722,0,0,0,0,-0.0713693238794804,0.0193476434797049,-0.00581869389861822,0.312532352283597,0,0,0,0,0,0,0,0,0,0,0,-0.140904910862446,0,0,0,-0.0957613736391068,0,0,0,0,0,0,-2.83207074226812,-0.60476237279363
0,0.675781289115548,0,0,0,0,0,0,0.00406277552247047,0,-3.14715069159865,0,-4.09803865797585,0,0,0,0,0.0192129369825125,0,0,-0.0522089167498052,-0.0143122840672731,-0.032983809709549,-0.215482149273157,0.762370313983411,-0.102924209437333,3.40042715705931,-0.191333957947791,-0.318389242514968,-0.112873364239931,0.125162962416653,0.0454082600772381,0,2.35769087634981,0,0.23528766882373,0.144178602582542,0.268956902786158,-0.277277916669846,-0.0613298341631889,0,0.586704209796153,0,1.23480293247849,0.0307979844510555,0.776371836662292,-0.194756354088895,0,1.02946580573916,0,0.041991563513875,0,0,0,0,0,0,0,0,0.14950791496085,0,-3.64422563835979,0,0,0,0,0,0,0,0,0.049818255007267,-0.0783531293272972,-0.0560189783573151,-1.6439807494171,-0.0857509654015303,0.346669371585449,-0.00272509246133268,0,0,-1.17466067480564,0,0,-0.144113142043352,0,0
3.70195114084618,0,-0.224327585427091,0,0,0.799388003069907,-3.2468318523147,-11.1183181654924,-0.139887169003487,2.42329944282028,0.267391741275787,0.0164069002494216,0,24.3031400870532,-0.31173519231379,0,-0.00344569096341729,0.249721884727478,0,-0.0799505647155456,0.866408021422103,0,-2.49388823530171,-0.0768033601343632,-0.00686855660751462,0.0539288371801376,0,0.0403080061078072,6.58217015094124,0.825196048623184,0,1.16400884839823,0,0.194433699827641,0,-0.238324633217417,0.0622416324913502,-0.144492847379297,0.171628689393401,0.160509653389454,0,0.172739416360855,0,0,0,0,0,0,0,0,0,0,0,0,0,0,0,0.0511415526270866,0,0,0,0,0,0,0,0,0,0,0,0,0,0,0,0,0,0,0,0,0,0,0,0,0.32904989272356,0,0
0,0,0,-1.02221991168335,-2.81447586603463,-0.464588749688119,-0.000934676383621991,-0.0491410053800792,-0.00639317557215691,-0.337611463852227,0,1.06463093054481,0,-0.31173519231379,0.185241687548114,0,0,0,0,-0.390918983546726,0,0,0,-0.926647182030138,0,0,-0.133206367492676,-0.0882041080039926,-0.132381189614534,0,0,-0.00166758615523577,0,-0.0314834481105208,0.711992948781699,-0.571635216474533,0,0,0,-2.67419707542285,0.0480461660772562,0,0,0,0,0,0,0,0,0,0,0,0,0,0,0,0,-5.6737095292192e-05,0,0,0.514609232544899,0,0,0,0,0,0,0,0,0,0,0,0,0,0,0,0,0,0,0,0,0,0,-0.138272345066071,0.0740850567817688
0,-1.3153626434505,0.0181137230247259,0,0,0,0.0152348140254617,0,0.035272853448987,0,0,0,0,0,0,-4.68997945294541,-0.0800797864794731,0,0,0,4.70405281349667,-4.45480236137519,5.44859815202653,-2.25928750634193,0.0563123426400125,0,-7.15919692732859,-0.055420360295102,0,0.105913236737251,0,0,0,-0.191340513527393,-0.0230788793414831,-1.0338629935577,-0.821395027451217,-0.93883310072124,-0.597832818748429,0.0325803565792739,0,0,-1.00208079558797,-0.589550033211708,0.0165722775273025,0,0,0,0,0,0.0211199931800365,-0.10471004806459,0,0,0,0,0,0,0,0,0,0,0,0,-5.3866143784835,0,0,0,0,-0.570831000106409,-0.49423587298952,-2.0672597491648,-0.884795580292121,0,0,-2.34698995086364,-0.187855442985892,-0.0188810918480158,-0.229553781449795,0,0,-0.0606330223381519,0,0,-0.298904031515121
-0.060578640550375,0,1.23295738280285,0,0,0,0,-0.0256974920630455,0,0,0.740392644889653,0,0,-0.00344569096341729,0,-0.0800797864794731,-2.31994440348353,-0.0618735663592815,3.34201345476322,0,-0.0653127592086094,0,-7.17546639103966,0,0,-1.03926679954748,-2.93112126429332,0,-0.0404439102858305,-0.227384775876999,0,0,-0.323359176516533,-2.01035493274685,0,-0.817272031679749,-0.667714772513136,-0.587399896932766,-0.517468662001193,0,0,0,-0.00465484452433884,0,0,-0.0252727791666985,0,0,0,0,0.0588640309870243,-0.0891400016844273,0,0,0,0,0,0,0,0,0,0,0,0,0,-0.0562083534896374,0,-2.32135425903834e-05,0,0,-0.0788924172520638,0.0394369103014469,0,0,-0.256678469479084,-1.10442588932347,0,0,0,0,0,0,0,0,-0.080156221985817
0,0.0557648651301861,0.0794925536029041,0,0,0,0,0,0,0,6.15719612938119,0,0.0192129369825125,0.249721884727478,0,0,-0.0618735663592815,5.95094520342536,4.13883132627234,0,0,0,0.342066749930382,0,-0.0513015799224377,0.245739673147909,0.746448677033186,0,0.0924098906107247,0,-0.25166704878211,0.118644057773054,0,0.711707174777985,0,0.166582618840039,0.0219243665342219,1.05651860874787,0.122500212863088,0,0,0.00143742561340332,0,0.0573847815394402,0,0,0,0,0,0,0,0,0,0,0,0,0,0,0,0,0,0,0,0,0,0,0,0,0,0,0,0,0,0,0,0.0204743463546038,0,0,0,0,0,0,0,0,0
0,0,-0.170862285420299,0,0,0,0,0,0,0,0.444039455614984,0,0,0,0,0,3.34201345476322,4.13883132627234,4.03907102812082,0,0.0574790686368942,0,-0.41174513567239,0,0,-3.46185476426035,0.157804278495405,0,0.238331310567446,0,0,0.00212275353260338,0,-1.11115627142135,0,-0.48082768774475,-0.410048833175097,-0.665767615311779,0.111745272763073,0,0,0,0,0.0194835606962442,0,0,0,0,0,0,0,0,0,0,0,0,0,0,0,0,0,0,0,0,0,0,0,0,0,0,0,0,0,0,-0.0159047413617373,0.00199513463303447,0,0,0,0,0,0,0,0,0
0,0,0,-0.0748498175344139,-0.082337828236632,0.608910832554102,0,0.229068320943043,-0.0443434114567935,-2.14824275672436,0,-0.307353509357199,0,-0.0799505647155456,-0.390918983546726,0,0,0,0,0.242190748685971,0,0,0,0.261404000222683,0,0,0,0.0826768516562879,0.112265044590458,0,0,0,0,-0.626462958287448,0,-0.526295469084289,0,-0.131302785128355,-0.125214310362935,-0.518511704634875,0,0,0.113335747271776,0,0,0,0.491697065532207,0,0,0,0,0,0.110487945377827,0,0,0,0,0.0748016983270645,0,0,0.152042174711823,0,0,0,0,0,0,0,0,0,0,0,-0.0244545969180763,0,0,0,0,0,0,0,0,0,0,0,0
0.083646398037672,0.0571728348731995,-0.605309340317035,0,0,0,0.387008618796244,0.0757843585161027,0,0.130969867110252,0,0,-0.0522089167498052,0.866408021422103,0,4.70405281349667,-0.0653127592086094,0,0.0574790686368942,0,24.0971486899434,-0.0687112733721733,-9.83717013257774,0.353582685813308,0,0,-0.172310634050518,0.00226902762005921,-0.688992684707046,1.29122982889567,0,0,-0.461896376684308,-1.1164877351257,-0.00282159633934498,-3.89689443458337,-0.475287921261042,-0.902596357860602,-0.914950251579285,0.387505203485489,-0.0406435057520866,0,-0.353346057236195,-0.0963093005120754,0,0,0,0,0,0,0,-0.0406811237335205,0,0,0,0,0,0,0,-0.197388738393784,0,0,0,0,-1.39017071695707,0,0,0,0,-0.171088633127511,-0.185647898120806,-0.659236579202116,-0.177295132540166,0,0,0,-0.0673979967832565,0,-0.261757575441152,0,0,0.0291304588317871,0,0,-0.932010651798919
0,-1.20629322901368,-0.100946724414825,0,0,0,0,0,-0.692816779948771,0,-0.00121102540288121,0,-0.0143122840672731,0,0,-4.45480236137519,0,0,0,0,-0.0687112733721733,-10.8520298942458,-0.085249510128051,-10.0206005892251,-1.09409664862324,0.072507344186306,-5.30684309237404,-0.298944555222988,0,0,-0.276712328195572,0,0,0.0887256599962711,0,-0.243451133370399,-0.259166494128294,-0.0636302642524242,-0.0532783158123493,0,0,0,-0.113501660525799,-0.217650050297379,0,0,0,0,0,0,-1.01176204625517,0,0,0,0,-0.146080195903778,0,0.132043099030852,0,0,0,0.00470041926018894,0,0,-2.25667117908597,0,0,0,0,-0.13159404695034,-0.151854350726353,0.218186577316374,-0.0197926127584651,0.0958167668431997,0.0450035370886326,-2.23177904915065,-0.0032947501167655,-0.076033815741539,-0.153110213577747,0,0,0,0,0,-0.0215892549604177
-0.53364396665711,0.010671928524971,-4.65565749548841,0,0,0,-0.928774100029841,-0.54073394543957,0,0,0.00357704167254269,0,-0.032983809709549,-2.49388823530171,0,5.44859815202653,-7.17546639103966,0.342066749930382,-0.41174513567239,0,-9.83717013257774,-0.085249510128051,12.8119894469852,-0.256316798448097,0,-0.27328972844407,-3.09633724966261,-2.02771725141793,-3.72947192913853,-4.37053094507428,0,0,-0.0538585530593991,-3.57387775709503,-0.138918448239565,-7.47183407237753,-2.17942111811135,-10.4897421092901,-3.49640668148641,-0.210037002339959,-0.0743853598833084,0,-0.0375804910436273,-0.300585239194334,-0.163786724209785,-0.00644102692604065,0,0,0,0,0.0656288526952267,0.146057918609586,0,0,0,0,0,0,0,-0.157615527510643,0,0,0,0,-0.554684562259354,0.00925873592495918,0,0,0,-0.127178684924729,-0.45103931799531,0.231850618673889,-0.18927070312202,0,0.00530495261773467,-3.1177498435718,-0.0458424650132656,0,-0.0109873674809933,0,0,0,-0.0230571310967207,0,-2.36790902637586
0.179685354232788,-0.843168651685119,-0.127149019157514,1.20234113401966,-0.414500825107098,-0.0534492991864681,-0.679578647948802,0.243496790528297,-6.38523648571572,1.55460766132273,0,0.110009584575891,-0.215482149273157,-0.0768033601343632,-0.926647182030138,-2.25928750634193,0,0,0,0.261404000222683,0.353582685813308,-10.0206005892251,-0.256316798448097,-4.89054586540533,-0.84441389888525,0,-2.73661386605181,-0.595579591776186,0.0213884043623693,0.126160921528935,0,0,-0.0416079005226493,-0.73496858542785,-0.110694251954556,-2.68548200011719,0.036768936086446,-0.816115346271545,0.0427161399275064,-0.941053073154762,-0.0257871095091105,0,-2.2049912866205,-0.0256889844313264,-0.251254243776202,-0.0520250871777534,0,0,0,0,0,0,-0.454265054315329,0,-0.00234988145530224,-1.30180545896292,0,0.316503509238828,-0.0664772071759216,-0.219892039895058,0.112952504539862,0,0,0,-1.6208396628499,0,0,0,0.062809981405735,0.136998882400803,0.171781770884991,-0.0356512032449245,-10.3747361977003,0,0,-0.328276615589857,-5.39366482529294,0,0.0248640635982156,0,0,-0.633764512836933,0.116179730277508,0,-0.227389698848128
0,-1.53387688100338,0,0,0,0,0,0,-0.680721872020513,0,0.833194265142083,0,0.762370313983411,-0.00686855660751462,0,0.0563123426400125,0,-0.0513015799224377,0,0,0,-1.09409664862324,0,-0.84441389888525,-0.935219882579986,-0.34698014613241,-2.81843947817106,0,0,0,-0.499918294139206,0.0804551281034946,0,0.879375770688057,0,-0.0643539130687714,-0.193906027823687,-0.0696093626320362,0,0,0,0.486451454460621,0,0.279745746403933,0.245707899332047,0,0,0,0.472118325531483,0,0.150801979005337,0,0,0,0,0,0,0,0,0.362552896142006,0,-1.88307559490204,0,0,0,0,0,0,0,0,0,0,0,-1.76421769033186,0.0562913343310356,-0.321393239777535,0,0,0,-0.502202855423093,0,0,0.019197341054678,0,0
0,0.174033052287996,0.0962015484692529,0,0,0,0,-0.0564564429223537,-0.0904896110296249,0,1.22866786672967,0,-0.102924209437333,0.0539288371801376,0,0,-1.03926679954748,0.245739673147909,-3.46185476426035,0,0,0.072507344186306,-0.27328972844407,0,-0.34698014613241,14.7910589574894,-3.14646233330313,0,0.492774601560086,0,-0.83873158856295,-0.0500655402429402,-0.071000374853611,-0.739600515109487,0,-0.864411870603362,-3.21462402961333,-1.08737003608258,0.766702022810932,0,0,0,0,-0.0651730030076578,0.0430555795319378,-0.0193096678704023,0,0,-0.0334492921829224,0,0.156665027141571,-0.161716356873512,0,0,0,0,0,0,0,0.101730152964592,0,0.428467717021704,0,0,0,0.0946957841515541,-0.0274929720908403,0.0990441776812077,0,0,0,0,0,-0.278900781646371,0.860046013152896,-1.96361719666311,0,0,0,0.366294147679582,0,0,0,0,0.0200410736724734
0,-4.08886737751982,-10.2654234386864,0,0,0,-0.17027341388166,0,-0.704185567446984,0,0.0943822429981083,0,3.40042715705931,0,-0.133206367492676,-7.15919692732859,-2.93112126429332,0.746448677033186,0.157804278495405,0,-0.172310634050518,-5.30684309237404,-3.09633724966261,-2.73661386605181,-2.81843947817106,-3.14646233330313,11.295904767152,-1.18716610735282,0.369048758875579,-0.0175418611615896,-2.50956191471778,0.00711351865902543,0,-3.06933280001977,-0.435064852237701,-8.07132958513102,-2.90647226628062,-4.95770346769132,-4.99925465916749,-0.143361806869507,0,0.0671020299196243,-0.834615361876786,-1.18202802236192,-0.652340405067662,-0.380916681140661,0,0,0,0,-4.60135644086404,-1.62098043126753,0,0,0,0,0,0,0,-0.135527044534683,0,0.334041183383306,0,0,-2.40368149406277,0.397896050824784,-0.0025973729789257,0.0669508595019579,0,-0.0512909746612422,-2.37267736904323,-0.224359328421997,0,-0.683755330974236,-2.90036553534446,-31.3795149337893,0,0,0,-0.0319020005408674,0,0,-0.0718538090586662,0,-0.278388582752086
0.123017657548189,0,-0.590964044444263,-0.544594894803595,-0.0347449500113726,0.0755503153777681,-1.12022963214986,1.27028898504796,-2.25789987685857,-0.0216835258761421,0,-0.295897356350906,-0.191333957947791,0.0403080061078072,-0.0882041080039926,-0.055420360295102,0,0,0,0.0826768516562879,0.00226902762005921,-0.298944555222988,-2.02771725141793,-0.595579591776186,0,0,-1.18716610735282,0.871973946042999,-0.160708774114028,-2.43745537658106,0,0,-0.224327514879405,0.638591342823929,-0.0680329538881779,-3.73175414270372,-0.028063268517144,-0.234004124300554,-0.150295095285401,-0.447356620803475,-0.243216633796692,-0.0510431118309498,-1.20522502530366,0,0,0,0,0,0,-0.0217843391001225,0,0,0,0,0,0,0,-2.09666655026376,0,-0.0831743665039539,0,0,0,0,-0.0335605485597625,0,0,0,0,0,-0.13596086576581,0,-3.70398636770551,0,0,0,-0.81511190533638,0,-0.105652809143066,0,0,0,-0.11548487842083,0,-0.408752783667296
1.54174627037719,0.05244798399508,-0.00362568534910679,0.107112566009164,0,0.385272454004735,-0.247720030391065,-0.569658728432842,0.0810478522034828,0.745483395789051,1.03321885527112,0.106960211182013,-0.318389242514968,6.58217015094124,-0.132381189614534,0,-0.0404439102858305,0.0924098906107247,0.238331310567446,0.112265044590458,-0.688992684707046,0,-3.72947192913853,0.0213884043623693,0,0.492774601560086,0.369048758875579,-0.160708774114028,14.5738317763025,-1.64673670638877,-0.0631781071424484,0.953619413136039,-1.24198389914818,1.37007460111636,0.239957213401794,0.243856958113611,-0.236467001028359,-0.960606424021535,0.0105315614491701,0.757047852501273,0.221780002117157,-0.489527679979801,0,0.0730485767126083,-0.00526334997266531,-0.0674584433436394,0,0,0,0,0,0,0,0,0,0,0,0,0,0,0,0,0,0,0,0,0,0,0,0,0,0,-0.13766404427588,0,0,0,0,0,0,0,0,0,-0.00021512717648875,0,0.301662497222424
3.87123861245345,0,-0.0315492092631757,0,0,0,1.25253089051694,-0.781585517572239,0,-0.00160718464758247,0,0,-0.112873364239931,0.825196048623184,0,0.105913236737251,-0.227384775876999,0,0,0,1.29122982889567,0,-4.37053094507428,0.126160921528935,0,0,-0.0175418611615896,-2.43745537658106,-1.64673670638877,10.8383900281842,0,0,0.720676480501425,-0.0303451120125828,-0.608183994889259,-3.14685295964591,-0.54243915528059,-3.22690949495882,-0.390990473330021,-0.0256130322813988,-0.223601521924138,0,-0.1228510402143,0,0,0,0,0,0,0,0,0,0,0,0,0,0,0.0107533512637019,0,0,0,0,0,0,-0.531571575440466,0,0,0,0,-0.0140519021078944,0,0,-0.105165153741837,0,0,0,0,0,0,0,0,0,0,0,-1.92973830550909
0,0.0283490312285721,0,0,0,0,0,0,0,0,-1.17556931823492,0,0.125162962416653,0,0,0,0,-0.25166704878211,0,0,0,-0.276712328195572,0,0,-0.499918294139206,-0.83873158856295,-2.50956191471778,0,-0.0631781071424484,0,-0.84736121102469,-0.000627467292360961,0,-0.0977251715958118,0,0,-0.84200430061901,-0.187666745856404,0,0,0,0,0,-0.0504854349128436,0,0,0,0,0,0,0.0134492212091573,0,0,0,0,0,0,0,0,0.0272428374737501,0,0.444405205809744,0,0,0,0,0,0,0,0,0,0,0,-1.11072435230017,-1.58171989792027,-1.04774905974045,0,0,0,-1.8452316360781,0,0,0,0,0
0,0,0,0,-0.741668507456779,-0.123554327059537,0,-0.245539779309183,0,0,0.46913377288729,-0.0362915615551174,0.0454082600772381,1.16400884839823,-0.00166758615523577,0,0,0.118644057773054,0.00212275353260338,0,0,0,0,0,0.0804551281034946,-0.0500655402429402,0.00711351865902543,0,0.953619413136039,0,-0.000627467292360961,-1.93643260840327,0,-0.358473322034115,0,-0.723556999349967,-0.242400571703911,-1.0022096298635,0.0529849333688617,-0.745372019009665,-0.0846852482354734,-0.221967320889235,-0.120362423360348,0,0,0.228354528546333,0,0,0.0626894980669022,0,0,0,0,0,0,0,0,0,0,0,0,0,0,0,0,0,0,0,0,0,0,0,0,0,0,0,0,0,0,0,0,0,0,0,0.0968399252742529
0,0.00821937620639801,0,0,0,0,0.285755932331085,0,0.021886870265007,-0.0541374534368515,0,0,0,0,0,0,-0.323359176516533,0,0,0,-0.461896376684308,0,-0.0538585530593991,-0.0416079005226493,0,-0.071000374853611,0,-0.224327514879405,-1.24198389914818,0.720676480501425,0,0,1.87247229227796,-0.546332644298673,-0.106326803565025,-0.000703878700733185,0,-0.0282037779688835,0.220496878027916,-0.133120194077492,0,0,0,0,0,0,0,0,0,0,0,0,0,0,0,0,0,0,0,0,0,0,0,0,0,0,0,0,0,0,0,0,0.0320510715246201,0,0,0,0,0,0,0,0,0,0,0,0
-0.119347438216209,-0.301839522784576,0.19091511843726,0.16370864212513,-1.62661133246729,-1.5388002935797,-1.58814190351404,-0.294872749364004,0.16237827250734,-1.14663710154127,4.08608479698887,-0.618589435704052,2.35769087634981,0.194433699827641,-0.0314834481105208,-0.191340513527393,-2.01035493274685,0.711707174777985,-1.11115627142135,-0.626462958287448,-1.1164877351257,0.0887256599962711,-3.57387775709503,-0.73496858542785,0.879375770688057,-0.739600515109487,-3.06933280001977,0.638591342823929,1.37007460111636,-0.0303451120125828,-0.0977251715958118,-0.358473322034115,-0.546332644298673,15.9969792102929,0.0244611327070743,-1.36231889948249,-0.302861141972244,-0.769206483048038,-1.36440390790813,-2.16699163461453,0.325714200735092,-1.20686544105411,-0.335023410618305,0.0916476151905954,1.49487115396187,1.79824151843786,-0.522671655111481,0,0,0,-0.166230425355025,-0.272076994180679,0,0,0.168763786554337,0,0,0,0,0,-0.04501698538661,-0.0719118025153875,0,0,0,0,0,0,0,0,-0.112640202045441,0.131245516240597,0,0.0689888030756265,0.0625229142606258,-0.256647658767179,0.0516043677926064,0,0,0.045087493956089,0,0,0.626750752329826,-1.04256488382816,-0.325280122458935
0,0,0,0,0,-6.39304737956263,-0.190143302083015,0.066608851775527,0,-1.33119156211615,0,-8.79950139118591,0,0,0.711992948781699,-0.0230788793414831,0,0,0,0,-0.00282159633934498,0,-0.138918448239565,-0.110694251954556,0,0,-0.435064852237701,-0.0680329538881779,0.239957213401794,-0.608183994889259,0,0,-0.106326803565025,0.0244611327070743,-247.799583218613,-2.61379287953605,-2.32839006697759,-0.435270936926827,-2.50771917030215,-0.0737722897902131,-0.358017129881773,0,1.46296925470233,0.462024040520191,0.225426156073809,0.066818349994719,0.333453848958015,0,0,0,0,0,0,0,0.655717804795131,0,0,0,0,-0.39084780216217,-0.873164753858873,0,0,0,0,0,0,0,0,0,0,0,0,0,0,0,0,0,0,0,0,0,0.0853491127490997,-29.693655509539,-17.7163744160207
0,-0.0407681800425053,-1.24763928237371,0.282030688133091,-2.28003358095884,-3.2908051777631,-5.91276282691979,0.189340247074142,-4.22734783031046,-2.4579474698985,0.191655816975981,-0.0225555661600083,0.23528766882373,-0.238324633217417,-0.571635216474533,-1.0338629935577,-0.817272031679749,0.166582618840039,-0.48082768774475,-0.526295469084289,-3.89689443458337,-0.243451133370399,-7.47183407237753,-2.68548200011719,-0.0643539130687714,-0.864411870603362,-8.07132958513102,-3.73175414270372,0.243856958113611,-3.14685295964591,0,-0.723556999349967,-0.000703878700733185,-1.36231889948249,-2.61379287953605,-6.39441080261531,-17.0579165274976,-2.94606279663276,-3.02706240850966,-15.6567040088121,-3.83088908449281,0.00805837661027908,-0.422874737530947,-0.0869909687899053,-0.0626590885221958,0.546818554401398,0,0,0.152334101498127,-0.192273765802383,-0.226472282782197,0.0162728607974714,0.0706447064876556,0,0.137422367930412,-0.158793743699789,0,-0.33397731743753,0,0.244713711785153,0.30438494682312,0,0,0,-1.1531801475212,0.00999458506703377,0,0,0,-0.0695684943348169,-0.219421530142426,-0.334452183917165,-2.53587957331911,0,-0.18187914788723,-0.585310334106907,-0.296514033398125,0,-0.200747414492071,0,0,-0.0935888290405273,0,0.460956396447727,3.91663970286027
0.0757561028003693,-0.403339188080281,-2.15543988067657,0,-0.111146519891918,-0.0366150960326195,0.0216799173504114,-0.12364847632125,0.142822913825512,0,-0.246042150793073,0,0.144178602582542,0.0622416324913502,0,-0.821395027451217,-0.667714772513136,0.0219243665342219,-0.410048833175097,0,-0.475287921261042,-0.259166494128294,-2.17942111811135,0.036768936086446,-0.193906027823687,-3.21462402961333,-2.90647226628062,-0.028063268517144,-0.236467001028359,-0.54243915528059,-0.84200430061901,-0.242400571703911,0,-0.302861141972244,-2.32839006697759,-17.0579165274976,-2.87965699791675,-0.310564579966012,2.43502433161484,-1.21631388366222,0,0.227984387427568,-0.151137433946133,-0.651725798845291,-0.307145550847054,-0.0574878193438053,0,0,0.288860738277435,0,-0.315162103623152,0.0863041384145617,0,0,0,0,0,0,0,0,0,-0.0134430825710297,0,0,-0.350009250454605,0.000401729252189398,0,0,0,0.00643349159508944,0.0717946514487267,0.146524231531657,0.140093650668859,-0.198386326432228,0.248556163394824,-1.31306087301346,0.0581651404500008,0,0,-0.00156605348456651,0,0,0.0118723973864689,-0.0221293190261349,-7.31320547359064
-0.197917275130749,-0.209282701835036,-1.91641730978154,-0.120260201394558,-0.256012299098074,-0.00688847526907921,-1.90497400215827,-0.109751427633455,-0.0417846299824305,-1.18952860214631,0.267962293932214,-0.268045127391815,0.268956902786158,-0.144492847379297,0,-0.93883310072124,-0.587399896932766,1.05651860874787,-0.665767615311779,-0.131302785128355,-0.902596357860602,-0.0636302642524242,-10.4897421092901,-0.816115346271545,-0.0696093626320362,-1.08737003608258,-4.95770346769132,-0.234004124300554,-0.960606424021535,-3.22690949495882,-0.187666745856404,-1.0022096298635,-0.0282037779688835,-0.769206483048038,-0.435270936926827,-2.94606279663276,-0.310564579966012,1.00352615996962,-0.786056153126992,-0.589583889348432,0.211254775524139,0.618309175595641,-0.108540745452046,0.128392871469259,0.200531557959039,0.253379033878446,-0.104913230985403,0,0.295312136411667,0,-0.423825584352016,-0.241048989351839,0,0,0,0,-0.214598096907139,-0.331711083650589,0,-0.0700930338352919,0,0.0505294948816299,0,0,-0.474866572767496,0,0,0,0,0,0,-0.114776803646237,0.0173011310398579,-0.386044815182686,0.271236258733552,-1.64197587607487,0,0,0,0.00497489050030708,-0.0367461517453194,0,-0.154864050447941,0.348313093185425,5.27749470202252
0.0190736148506403,-0.0399144468829036,-0.634713372215629,0,0,-0.0433991951867938,-0.0459445277228951,-0.256322155706584,0,-0.177138939499855,0.758866693402524,-0.246824681758881,-0.277277916669846,0.171628689393401,0,-0.597832818748429,-0.517468662001193,0.122500212863088,0.111745272763073,-0.125214310362935,-0.914950251579285,-0.0532783158123493,-3.49640668148641,0.0427161399275064,0,0.766702022810932,-4.99925465916749,-0.150295095285401,0.0105315614491701,-0.390990473330021,0,0.0529849333688617,0.220496878027916,-1.36440390790813,-2.50771917030215,-3.02706240850966,2.43502433161484,-0.786056153126992,0.72579536907142,1.70825682429131,1.69141268107342,-0.0957093387842178,-0.490307122468948,-0.34747314453125,1.64166894555092,1.03994123912707,0,0,-0.446636140346527,0,0,-0.209206573665142,0,0,0,0,0.160085216164589,-0.161661311984062,0,-0.00383918848820031,0,0,0,0,-0.00124112330377102,0,0,0,0,0,-0.000897858291864395,-0.147913083521416,-0.0164037626236677,0,0.0853228345513344,-0.53522661048919,0,0,0,0,0,0,0.292431674897671,-0.610843367874622,-13.1703402795538
0.0449984408915043,-0.0749335587024689,0,-0.254389477995574,-1.07294452039059,-1.37144547211938,-1.06024440331385,0.0763591913855635,-0.314027491956949,-0.584481757327012,0.108886633068323,-0.642480971058831,-0.0613298341631889,0.160509653389454,-2.67419707542285,0.0325803565792739,0,0,0,-0.518511704634875,0.387505203485489,0,-0.210037002339959,-0.941053073154762,0,0,-0.143361806869507,-0.447356620803475,0.757047852501273,-0.0256130322813988,0,-0.745372019009665,-0.133120194077492,-2.16699163461453,-0.0737722897902131,-15.6567040088121,-1.21631388366222,-0.589583889348432,1.70825682429131,-1.25851254351437,2.20103854394984,-0.492653302848339,-0.0393268561456352,0,0,0,0.290555376559496,-0.183689340949059,-0.0306051019579172,0,0,0,0.0226394305936992,0,0,-0.0827894732356071,0,0,0.161875303834677,-0.918576538562775,0.622293076477945,0,0,0.0832756049931049,0,0,0,0,0.394399978220463,0,0,0,-0.479037899523973,0,0,0,0.35716596711427,0,0,0,0,0,0,0,0.417739510536194
0,0,0,-0.05085214599967,-1.44452881871257,-0.173421174287796,-0.071810994297266,-0.162062451243401,0,-0.0383828766644001,0,-0.220150653272867,0,0,0.0480461660772562,0,0,0,0,0,-0.0406435057520866,0,-0.0743853598833084,-0.0257871095091105,0,0,0,-0.243216633796692,0.221780002117157,-0.223601521924138,0,-0.0846852482354734,0,0.325714200735092,-0.358017129881773,-3.83088908449281,0,0.211254775524139,1.69141268107342,2.20103854394984,0.530944019556046,0,0,0,0,0,0,0,0,0,0,0,0,0,0,0,0,0,0,0,0,0,0,0,0,0,0,0,0,0,0,0,0,0,0,0,0,0,0,0,0,0,0,0,1.78745505213737
0,0,0,0,0,-0.0988804027438164,0,0.273857146501541,0,0,0.136257224716246,-0.142609819769859,0.586704209796153,0.172739416360855,0,0,0,0.00143742561340332,0,0,0,0,0,0,0.486451454460621,0,0.0671020299196243,-0.0510431118309498,-0.489527679979801,0,0,-0.221967320889235,0,-1.20686544105411,0,0.00805837661027908,0.227984387427568,0.618309175595641,-0.0957093387842178,-0.492653302848339,0,0,0,-0.116347240284085,-0.2091517560184,0.164982412010431,-0.21558565273881,0,-0.00323841208592057,0,0,0,0,0,-0.0518348440527916,0,0,0,0,0.557225465774536,0,0.0986158549785614,0,0,-1.08042977444711e-05,0,0,0,0,0,0,0,-0.00767217203974724,-0.0409663403406739,0,0,0,-0.0222011562436819,0,0.0260551422834396,0.347276568412781,0,0.36070916056633,0,0
0,-0.200276022776961,-0.261636178242043,0.0325487963855267,0,0,-0.0172088560066186,0,-0.226407539099455,0,0,0.176031142473221,0,0,0,-1.00208079558797,-0.00465484452433884,0,0,0.113335747271776,-0.353346057236195,-0.113501660525799,-0.0375804910436273,-2.2049912866205,0,0,-0.834615361876786,-1.20522502530366,0,-0.1228510402143,0,-0.120362423360348,0,-0.335023410618305,1.46296925470233,-0.422874737530947,-0.151137433946133,-0.108540745452046,-0.490307122468948,-0.0393268561456352,0,0,-4.40718025516253,-12.647826211527,-2.54789653001353,-2.60466776546673,-5.08274152490776,0.120014610700309,-0.182207062840462,-0.364894664846361,0.124805820174515,-0.434458214789629,0.236976074054837,0.11009101010859,-0.237243819050491,-4.12328528030775,-0.225933832814917,-1.66366213583387,-0.749951813719235,1.09845871361904,1.04760631150566,0,0.161354049778311,-0.025954382494092,-0.982607395271771,-0.614430692628957,0.366313713253476,0.532594105694443,0.455112215364352,-2.34755706251599,-0.0704243183135986,-5.6362144913146,-3.58088982378831,0,0.215111904544756,-3.57987671456794,-8.07014407304814,-0.671175175812095,-3.61777352821082,0,-0.7802346732351,0,0.133510128667695,-0.657268901937641,-5.4143971609883
0,0.218972722068429,0.122433077078313,0,0,0,0,0,0,0,-0.171502710320055,0,1.23480293247849,0,0,-0.589550033211708,0,0.0573847815394402,0.0194835606962442,0,-0.0963093005120754,-0.217650050297379,-0.300585239194334,-0.0256889844313264,0.279745746403933,-0.0651730030076578,-1.18202802236192,0,0.0730485767126083,0,-0.0504854349128436,0,0,0.0916476151905954,0.462024040520191,-0.0869909687899053,-0.651725798845291,0.128392871469259,-0.34747314453125,0,0,-0.116347240284085,-12.647826211527,0.972702079103328,1.57367535820231,7.306575352035,-0.115547477500513,0,0.247438808903098,0,0.114679507445544,1.68617717456073,0,0,0,-0.735675815900322,-0.330576859414577,-0.0257552359253168,0,2.36350146168843,0,0.545394127024338,0.383681332692504,0,-0.296961149433628,0.756990242050961,1.59909202804556,1.03079052676912,0,-0.120868669190713,0.00357072614133358,-1.58464218254085,-0.399997968226671,0.580945575609803,6.83697487006418,0.0588253992063983,0.0282079578610137,0.00650031538680196,-0.195801101450343,-0.952949427766725,0.319313287734985,-0.127277687191963,-0.204130549682304,1.09448443725705,-1.98784650769085
0,0.0874368436634541,0.0373260239139199,0,0,0.157903973013163,0,0.235038578510284,-0.00781301967799664,0,0.00977894850075245,0,0.0307979844510555,0,0,0.0165722775273025,0,0,0,0,0,0,-0.163786724209785,-0.251254243776202,0.245707899332047,0.0430555795319378,-0.652340405067662,0,-0.00526334997266531,0,0,0,0,1.49487115396187,0.225426156073809,-0.0626590885221958,-0.307145550847054,0.200531557959039,1.64166894555092,0,0,-0.2091517560184,-2.54789653001353,1.57367535820231,0.115059709554771,0.0989020284032449,-1.23822832060978,0.396452002227306,0.336970856878906,-0.0315973665565252,0.619250392541289,-1.14613269665278,0.294171960093081,0,-0.266498372424394,-1.66752666825778,0.0344682118156925,-0.232208952307701,-0.245766933541745,4.49218243565701,-1.00374757847749,0.97327454254264,0.294335777114611,-0.129626616835594,-0.133290953934193,1.75401110044913,0.484259073549765,-0.0135085957590491,-0.42164122313261,-0.370513541427499,0.241139456629753,1.59646723717424,-1.26821052632295,1.49531711265445,1.81386081542587,1.34337154775858,-2.85717354965163,-0.612396246753633,-0.252660148136783,-0.794699073769152,0.451702150516212,-0.192722450941801,-1.65712656406686,0.0668234985787421,1.65934756631032
0,-0.0859622657299042,0.221562568098307,0,0,0.00236689765006304,0,0.286036938428879,-0.0344191193580627,0,0,0,0.776371836662292,0,0,0,-0.0252727791666985,0,0,0,0,0,-0.00644102692604065,-0.0520250871777534,0,-0.0193096678704023,-0.380916681140661,0,-0.0674584433436394,0,0,0.228354528546333,0,1.79824151843786,0.066818349994719,0.546818554401398,-0.0574878193438053,0.253379033878446,1.03994123912707,0,0,0.164982412010431,-2.60466776546673,7.306575352035,0.0989020284032449,0.0984888561069965,-5.38842906663194,-0.0593900377862155,-0.00969347264617682,0,-0.25402794033289,1.6227425528341,0,0,0.070455938577652,-0.835556221194565,0.103092696517706,-0.0868745953775942,-0.175071373581886,-6.70940188714303,-0.0351711623370647,-0.00219515268690884,0.511805084068328,-0.0206013172864914,-0.561896112689283,1.28451401385246,1.18018607073463,-0.401127833523788,-0.137223318219185,-1.06855561817065,-0.111084476113319,-1.24784334708238,-0.276106268167496,-0.0130870686843991,1.90442366222851,1.98687206214527,-1.85005378976348,-0.0957086384296417,-0.687838993035257,0.0814883727580309,-0.4836645424366,-0.117412619292736,0.561802501790226,-1.80584188387729,-14.0522919293726
0,0,0,0.204097328707576,-0.0580184943974018,0.330241918563843,0,0,0.0607804823666811,1.08132778201252,0,0.27820480056107,-0.194756354088895,0,0,0,0,0,0,0.491697065532207,0,0,0,0,0,0,0,0,0,0,0,0,0,-0.522671655111481,0.333453848958015,0,0,-0.104913230985403,0,0.290555376559496,0,-0.21558565273881,-5.08274152490776,-0.115547477500513,-1.23822832060978,-5.38842906663194,-7.19579278305173,-0.554897131223697,-0.119105566758662,0.043231163173914,0,0,0.813072867225856,-3.78353277873248,-4.30123503983486,-0.82489307562355,-0.714191517792642,1.03258512634784,0.650733506307006,-1.14394291148346,1.38860827311873,0.0198080716654658,-0.782358646858484,-6.30595970898867,0,0,0,0,0.368523459415883,-0.270796477794647,-0.204631917178631,-0.0830492302775383,-2.61152637423947,0,0,0.078527607023716,-2.06530223693699,-0.160124060697854,0.143546792096458,0,-0.956442963331938,0,0.211140007013455,-0.555456876754761,-0.00344539363868535
0,0,0,0,0,0,0,0,0,0,0,0,0,0,0,0,0,0,0,0,0,0,0,0,0,0,0,0,0,0,0,0,0,0,0,0,0,0,0,-0.183689340949059,0,0,0.120014610700309,0,0.396452002227306,-0.0593900377862155,-0.554897131223697,0,0,0,0,0,0,-0.792322920635343,0,-0.386470094323158,0,0,-0.133763015270233,1.87114951014519,0,0,9.16269273147918e-05,0,0,0,0,0,-0.0808415189385414,0,0,0,0,0,0,0,-0.0654848529957235,0.376453027129173,-0.0863121673464775,0,-0.137842640280724,0,1.70480173826218,-0.527718359604478,0.726729441434145
0,0,0,0,0,-0.253903806209564,0,-0.133069068193436,0,0,0.160949939396232,0,1.02946580573916,0,0,0,0,0,0,0,0,0,0,0,0.472118325531483,-0.0334492921829224,0,0,0,0,0,0.0626894980669022,0,0,0,0.152334101498127,0.288860738277435,0.295312136411667,-0.446636140346527,-0.0306051019579172,0,-0.00323841208592057,-0.182207062840462,0.247438808903098,0.336970856878906,-0.00969347264617682,-0.119105566758662,0,-1.83663660287857,0,0.192469567060471,0,0,0,0,0,-0.0599737949669361,0.00235220731701702,0,0.887805121019483,0,0.769045742694288,0,0,0,0,0,0,0.131855398416519,0.0116610946133733,0.0492916069924831,0,-0.0739792436361313,1.35971038974822,-0.106677852571011,-0.26069512963295,0.00160184863489121,0.145940214395523,0,0.0523287877440453,-0.043342437595129,0,0.400503424927592,0,0
0,0,0,0,0,0,0,0,0,0,0,0,0,0,0,0,0,0,0,0,0,0,0,0,0,0,0,-0.0217843391001225,0,0,0,0,0,0,0,-0.192273765802383,0,0,0,0,0,0,-0.364894664846361,0,-0.0315973665565252,0,0.043231163173914,0,0,6.60246766300406,0,0.120759665966034,0,0,0,0.467349932296202,0.72192796098534,-0.0155399376526475,0,-0.0244487170130014,0,0,3.038117779186,0,0,-0.168296169489622,0,0,0,-0.177191741764545,0,-0.390963941812515,0,0,-0.210640547797084,0.0109263304620981,-0.0475734111387283,1.64730248181149,1.03098060656339,0,0,-0.045899536460638,-0.0439033396542072,0,-0.0411512702703476
0,0.288249981123954,0.0877157393842936,0,0,0,0,0,-0.163109391927719,0,0,0,0.041991563513875,0,0,0.0211199931800365,0.0588640309870243,0,0,0,0,-1.01176204625517,0.0656288526952267,0,0.150801979005337,0.156665027141571,-4.60135644086404,0,0,0,0.0134492212091573,0,0,-0.166230425355025,0,-0.226472282782197,-0.315162103623152,-0.423825584352016,0,0,0,0,0.124805820174515,0.114679507445544,0.619250392541289,-0.25402794033289,0,0,0.192469567060471,0,1.12804283131845,0,0,0,0,0,0,-0.274581829085946,0,0,0,-0.613124255090952,0.032719362527132,0,0.262272155378014,-0.179655856452882,0,0.00134376878850162,0,0,-2.69309113401687,-0.0344708878546953,-0.603595581138507,-0.159238760359585,-0.255722715053707,-4.27918183061411,0.0666002184152603,0,0,-0.169805020093918,0,0,0.170860040932894,0,0
0,-0.108265392482281,-0.306635153712705,0,0,0,0,0,0,0,0,0,0,0,0,-0.10471004806459,-0.0891400016844273,0,0,0,-0.0406811237335205,0,0.146057918609586,0,0,-0.161716356873512,-1.62098043126753,0,0,0,0,0,0,-0.272076994180679,0,0.0162728607974714,0.0863041384145617,-0.241048989351839,-0.209206573665142,0,0,0,-0.434458214789629,1.68617717456073,-1.14613269665278,1.6227425528341,0,0,0,0.120759665966034,0,7.15530418392154,0,0,0,-3.52121294000972,-0.0237861366476864,0,0.130202129483223,-0.101439394056797,0,0,-0.376259313197806,0,-0.0705503821372986,6.05686907831114,0,0.243344901362434,0,-0.447542490437627,0,10.5834859209499,0.0146312033757567,0,-3.39554937536741,5.01885003301868,-0.747385098133236,-0.356706559658051,-0.300439786165953,0,0,-0.104589223861694,-0.0194602302508429,0,-0.128937184810638
0,0,0,0,0,0,0,0,-0.505981816910207,0,0,0.127045888453722,0,0,0,0,0,0,0,0.110487945377827,0,0,0,-0.454265054315329,0,0,0,0,0,0,0,0,0,0,0,0.0706447064876556,0,0,0,0.0226394305936992,0,0,0.236976074054837,0,0.294171960093081,0,0.813072867225856,0,0,0,0,0,9.29247330245562,0,0.00345798581838608,0.121553398668766,-1.0059873622522,-0.432833171915263,0.970696719552507,0,1.44367143511772,0,-0.00523910531774163,0.698440097272396,0,0,0,0,5.55045687663369,0,0,0,-1.77211056195665,0,0,-0.0146627333015203,-2.93714664976324,-0.00642281025648117,0,0,0,0,-0.127312809228897,0,-0.0113348169252276
0,0,0,0,0,0,0,0,0,0,0,0,0,0,0,0,0,0,0,0,0,0,0,0,0,0,0,0,0,0,0,0,0,0,0,0,0,0,0,0,0,0,0.11009101010859,0,0,0,-3.78353277873248,-0.792322920635343,0,0,0,0,0,-0.737773543805815,-0.643017075955868,0,-0.195169872604311,0.087441474199295,0,0,-0.246835328638554,0,0,1.35344432340935,0,0,0,0,0,0,0,0,0,0,0,0,0,0,0,0,-1.64883379638195,0,-1.00607931101695,0,-0.026545574888587
0,0,0,0,0,0,0,0,0,0,0,0,0,0,0,0,0,0,0,0,0,0,0,-0.00234988145530224,0,0,0,0,0,0,0,0,0,0.168763786554337,0.655717804795131,0.137422367930412,0,0,0,0,0,-0.0518348440527916,-0.237243819050491,0,-0.266498372424394,0.070455938577652,-4.30123503983486,0,0,0,0,0,0.00345798581838608,-0.643017075955868,23.693126528,0.579674601787701,4.89040096835379,0,14.434983928455,-0.121923923492432,0.5637051424128,0,0.249701329739764,-0.458110492210835,0,0,0,0,0.378132855519652,0,0,0,0.184187494218349,0,0,0,-0.214403721154667,0.251875745598227,0,0,-0.37692142452579,0,-2.40792126208544,0.917428441374796,-0.235063895583153
0,0,0,0,0,0,0,0,-0.369571138173342,0,0,0,0,0,0,0,0,0,0,0,0,-0.146080195903778,0,-1.30180545896292,0,0,0,0,0,0,0,0,0,0,0,-0.158793743699789,0,0,0,-0.0827894732356071,0,0,-4.12328528030775,-0.735675815900322,-1.66752666825778,-0.835556221194565,-0.82489307562355,-0.386470094323158,0,0.467349932296202,0,-3.52121294000972,0.121553398668766,0,0.579674601787701,21.6423370340808,-0.698385349154705,0.221149031538516,8.46251207219029,-0.0569146452471614,-0.243988525122404,0,0.0215543418453308,0.0275387428700924,0.205487422645092,-0.180521407048218,0,0.0570270046591759,-0.0418847133405507,-1.03099477809155,0,-5.84930892306147,-0.177515017334372,0,-0.67752004461363,-0.306036153779132,-5.54048950760605,-0.240926295227837,7.78135063801892,0,0,0.179710246622562,-0.8874013540335,-0.112622627057135,-0.690875821979716
0,0,0,0,0,0,0,0,-0.163583748973906,0,0,0,0,0,0,0,0,0,0,0,0,0,0,0,0,0,0,0,0,0,0,0,0,0,0,0,0,-0.214598096907139,0.160085216164589,0,0,0,-0.225933832814917,-0.330576859414577,0.0344682118156925,0.103092696517706,-0.714191517792642,0,-0.0599737949669361,0.72192796098534,0,-0.0237861366476864,-1.0059873622522,-0.195169872604311,4.89040096835379,-0.698385349154705,-7.70600144847413,-0.21338433586061,2.77459067713062,-0.104933328926563,-0.98398943603388,0,10.3062398607799,-0.0528706479817629,0,0,0,0,0.431767948670313,0.0210078619420528,0,-0.320921560749412,-0.0581026887521148,0,0,0,0.63379720098601,-0.377811286598444,-0.0983503395691514,0,-1.14777389261872,0,0.449432783294469,-0.0553548038005829,-0.0494990404695272
0,0.00196752976626158,0,0.293814854696393,0,-0.101309232413769,-0.0186282014474273,0,-2.76193663757294,1.11202599050011,0,-0.0713693238794804,0,0.0511415526270866,-5.6737095292192e-05,0,0,0,0,0.0748016983270645,0,0.132043099030852,0,0.316503509238828,0,0,0,-2.09666655026376,0,0.0107533512637019,0,0,0,0,0,-0.33397731743753,0,-0.331711083650589,-0.161661311984062,0,0,0,-1.66366213583387,-0.0257552359253168,-0.232208952307701,-0.0868745953775942,1.03258512634784,0,0.00235220731701702,-0.0155399376526475,-0.274581829085946,0,-0.432833171915263,0.087441474199295,0,0.221149031538516,-0.21338433586061,-4.22465713694692,0.413716026116163,-0.0599766708910465,-0.814473008736968,-0.0791210532188416,-0.314793944358826,0.0296686389483511,0.149322122335434,0,0,0,-0.073938487097621,0,-2.97214783192612,0,-9.44121251557954,-0.244960337877274,0,-0.0727578054411424,-1.01101265707985,-0.108562609180808,0,0,0,0,0.503376469016075,0,-0.17556719481945
0,0,0,0,0,0,0,0,-1.24714905535802,0,0,0.0193476434797049,0,0,0,0,0,0,0,0,0,0,0,-0.0664772071759216,0,0,0,0,0,0,0,0,0,0,0,0,0,0,0,0.161875303834677,0,0,-0.749951813719235,0,-0.245766933541745,-0.175071373581886,0.650733506307006,-0.133763015270233,0,0,0,0.130202129483223,0.970696719552507,0,14.434983928455,8.46251207219029,2.77459067713062,0.413716026116163,42.9911526244905,0,5.09876351291314,0,2.90963021543575,0,0,0,0,0,1.45306286681443,0,0,-0.065311998128891,0.128375006839633,0,0,0,-2.18874097687876,0.0869198651053011,0,0,0,0,-0.412525792140514,-0.297495571896434,-0.095521442592144
0,0,0,0,0,0.184682667255402,0,0,0,0,0.0577783803455532,-0.00581869389861822,0.14950791496085,0,0,0,0,0,0,0,-0.197388738393784,0,-0.157615527510643,-0.219892039895058,0.362552896142006,0.101730152964592,-0.135527044534683,-0.0831743665039539,0,0,0.0272428374737501,0,0,0,-0.39084780216217,0.244713711785153,0,-0.0700930338352919,-0.00383918848820031,-0.918576538562775,0,0.557225465774536,1.09845871361904,2.36350146168843,4.49218243565701,-6.70940188714303,-1.14394291148346,1.87114951014519,0.887805121019483,-0.0244487170130014,0,-0.101439394056797,0,0,-0.121923923492432,-0.0569146452471614,-0.104933328926563,-0.0599766708910465,0,11.5491055439925,-0.0333353979513049,3.61471922730561,-0.188137298449874,0,-0.0572871342301369,0.560862619429827,8.30133938521612,2.37105268519372,-0.131564501672983,-0.19673252850771,0.00534486258402467,-0.0215164385735989,-0.0944793112576008,0.466655405471101,0.72790636960417,0.770521959289908,0.0224411338567734,-0.119363578734919,-0.0206946171820164,-0.597954010096146,-0.362746449827682,0,1.63003656388901,2.33100771903992,0.661754535511136
0,0,0,-0.0350392162799835,0.0418637990951538,0.0611015930771828,0.125068083405495,0,-0.571269102394581,0.0256258565932512,0,0.312532352283597,0,0,0.514609232544899,0,0,0,0,0.152042174711823,0,0,0,0.112952504539862,0,0,0,0,0,0,0,0,0,-0.04501698538661,-0.873164753858873,0.30438494682312,0,0,0,0.622293076477945,0,0,1.04760631150566,0,-1.00374757847749,-0.0351711623370647,1.38860827311873,0,0,0,0,0,1.44367143511772,-0.246835328638554,0.5637051424128,-0.243988525122404,-0.98398943603388,-0.814473008736968,5.09876351291314,-0.0333353979513049,16.2781350337755,0,0.354290776303969,0.014009612146765,0,0,0,0,6.88534036488272,0,0,0,-1.14177967532305,0,0,0,1.39744704711484,0.098741639405489,-0.00585495820268989,0,-0.131543688476086,0,-0.633007059339434,-1.60434754690505,-0.000165526289492846
0,-0.0772725623100996,0,0,0,0,0,0,0,0,0.439642404442566,0,-3.64422563835979,0,0,0,0,0,0,0,0,0.00470041926018894,0,0,-1.88307559490204,0.428467717021704,0.334041183383306,0,0,0,0.444405205809744,0,0,-0.0719118025153875,0,0,-0.0134430825710297,0.0505294948816299,0,0,0,0.0986158549785614,0,0.545394127024338,0.97327454254264,-0.00219515268690884,0.0198080716654658,0,0.769045742694288,0,-0.613124255090952,0,0,0,0,0,0,-0.0791210532188416,0,3.61471922730561,0,-2.2501708893833,0.0129701271653175,0,0,0,-0.517858415842056,0.0613345187157393,0,0,0,0,0,-4.49257871921873,0.270379397086799,2.42585145914927,0,0.279134906828403,0,-0.112636406440288,0.298526950180531,0,1.05465576250572,0,0
0,0,0,0,0,0,0,0,0,0,0,0,0,0,0,0,0,0,0,0,0,0,0,0,0,0,0,0,0,0,0,0,0,0,0,0,0,0,0,0,0,0,0.161354049778311,0.383681332692504,0.294335777114611,0.511805084068328,-0.782358646858484,9.16269273147918e-05,0,3.038117779186,0.032719362527132,-0.376259313197806,-0.00523910531774163,0,0.249701329739764,0.0215543418453308,10.3062398607799,-0.314793944358826,2.90963021543575,-0.188137298449874,0.354290776303969,0.0129701271653175,24.1335232390411,-0.096015177667141,0.104026712477207,0.437706893309951,0.254895813763142,0.0391461681574583,-0.472811010666192,-0.0190650187432766,0,-1.77922587073408,0.459217535099015,-0.0229065995663404,-0.0315385088324547,0,0.135568799218163,11.8219607564388,-2.91444796003634,0.0452068075537682,0.249843552010134,0.470911046839319,1.96095678769052,0,0.177000053226948
0,0,0,0,0,0.0500521436333656,0,0,0,0,0,0,0,0,0,0,0,0,0,0,0,0,0,0,0,0,0,0,0,0,0,0,0,0,0,0,0,0,0,0.0832756049931049,0,0,-0.025954382494092,0,-0.129626616835594,-0.0206013172864914,-6.30595970898867,0,0,0,0,0,0.698440097272396,1.35344432340935,-0.458110492210835,0.0275387428700924,-0.0528706479817629,0.0296686389483511,0,0,0.014009612146765,0,-0.096015177667141,3.98730427399278,0,0,0,0,0.133628260344267,0,0,0,-1.12795280665159,0,0,0,-0.171253085136414,-0.0950483307242393,0,0,0,0,0,0,0
0,-0.00371697661466897,0.0899366373196244,0,0,0,0,0,-0.439270004630089,0,0,0,0,0,0,-5.3866143784835,0,0,0,0,-1.39017071695707,-2.25667117908597,-0.554684562259354,-1.6208396628499,0,0,-2.40368149406277,-0.0335605485597625,0,-0.531571575440466,0,0,0,0,0,-1.1531801475212,-0.350009250454605,-0.474866572767496,-0.00124112330377102,0,0,-1.08042977444711e-05,-0.982607395271771,-0.296961149433628,-0.133290953934193,-0.561896112689283,0,0,0,0,0.262272155378014,-0.0705503821372986,0,0,0,0.205487422645092,0,0.149322122335434,0,-0.0572871342301369,0,0,0.104026712477207,0,-1.89656360675872,0,0,0,0,4.51577964634635,-8.22826404502848,3.94814356524148,-1.51390809216537,-0.19984582439065,0,1.073580255259,0.083347148494795,-0.0037988368421793,-0.0134366927668452,0,0,0,-0.0346297465730458,0,-0.125296370824799
0,0.253011308610439,0.0702563747763634,0,0,0,0,0,0,0,0,0,0,0,0,0,-0.0562083534896374,0,0,0,0,0,0.00925873592495918,0,0,0.0946957841515541,0.397896050824784,0,0,0,0,0,0,0,0,0.00999458506703377,0.000401729252189398,0,0,0,0,0,-0.614430692628957,0.756990242050961,1.75401110044913,1.28451401385246,0,0,0,-0.168296169489622,-0.179655856452882,6.05686907831114,0,0,0,-0.180521407048218,0,0,0,0.560862619429827,0,0,0.437706893309951,0,0,9.64373138172959,0.474448040127754,7.44375990401022,0,0.692469938891008,0,11.8342225479719,0,0,4.06613367132377,2.00162169217947,0.0205256696790457,-0.12800404522568,-0.603606368880719,0,0,0,7.75881400011713,0,0
0,0,0,0,0,0,0,0,0,0,0,0,0,0,0,0,0,0,0,0,0,0,0,0,0,-0.0274929720908403,-0.0025973729789257,0,0,0,0,0,0,0,0,0,0,0,0,0,0,0,0.366313713253476,1.59909202804556,0.484259073549765,1.18018607073463,0,0,0,0,0,0,0,0,0,0,0,0,0,8.30133938521612,0,-0.517858415842056,0.254895813763142,0,0,0.474448040127754,4.44248831889126,6.15967386291595,0,-0.054627999663353,0,0.0439560739323497,0,0.0833139196038246,5.49961132637691,0.440461345016956,0,-0.0672595826908946,0,-0.065391905605793,0.0244637876749039,0,1.37712802598253,0,0.131967011839151
0,0.192188680171967,0,0,0,0,0,0,0,0,0,0,0,0,0,0,-2.32135425903834e-05,0,0,0,0,0,0,0,0,0.0990441776812077,0.0669508595019579,0,0,0,0,0,0,0,0,0,0,0,0,0,0,0,0.532594105694443,1.03079052676912,-0.0135085957590491,-0.401127833523788,0,0,0,0,0.00134376878850162,0.243344901362434,0,0,0,0.0570270046591759,0,0,0,2.37105268519372,0,0.0613345187157393,0.0391461681574583,0,0,7.44375990401022,6.15967386291595,15.2220981472638,0,0.14423755928874,0,0.272028197534382,0,0.0480383448302746,4.18192910755897,0.571270040236413,0,-0.0614246763288975,-0.57604445819743,0,-0.0275658909231424,0,6.34007380346884,0,0.0587306506931782
0,0,0,0.406123667955399,0,0,0,0,-0.270250707864761,0,0,0,0,0,0,0,0,0,0,0,0,0,0,0.062809981405735,0,0,0,0,0,0,0,0,0,0,0,0,0,0,0,0.394399978220463,0,0,0.455112215364352,0,-0.42164122313261,-0.137223318219185,0.368523459415883,-0.0808415189385414,0.131855398416519,0,0,0,5.55045687663369,0,0.378132855519652,-0.0418847133405507,0.431767948670313,-0.073938487097621,1.45306286681443,-0.131564501672983,6.88534036488272,0,-0.472811010666192,0.133628260344267,0,0,0,0,-0.0192042883718386,0,0,0,0.205662053078413,0,0,0,1.16475865687244,-0.448011893779039,0,0,-0.394079983234406,0,-0.71165556460619,0,-0.0391247384250164
0,0,0,0,0,0,0,0,0,0,0,0,0,0,0,-0.570831000106409,0,0,0,0,-0.171088633127511,-0.13159404695034,-0.127178684924729,0.136998882400803,0,0,-0.0512909746612422,0,0,-0.0140519021078944,0,0,0,0,0,-0.0695684943348169,0.00643349159508944,0,0,0,0,0,-2.34755706251599,-0.120868669190713,-0.370513541427499,-1.06855561817065,-0.270796477794647,0,0.0116610946133733,-0.177191741764545,0,-0.447542490437627,0,0,0,-1.03099477809155,0.0210078619420528,0,0,-0.19673252850771,0,0,-0.0190650187432766,0,4.51577964634635,0.692469938891008,-0.054627999663353,0.14423755928874,0,13.9751926233293,0.00411433287081309,5.91470423951978,0.333957388298586,0,0.00295519363135099,-0.0936853932216763,-4.90828396053985,-0.171693971846253,-4.2773806530513,0,0.0892108976840973,-0.00995965488255024,5.29205998871475,0.0217715185135603,-0.672908465843648
0,0,0,0,0,0,0,0,-0.163645477965474,0,0,0,0.049818255007267,0,0,-0.49423587298952,-0.0788924172520638,0,0,0,-0.185647898120806,-0.151854350726353,-0.45103931799531,0.171781770884991,0,0,-2.37267736904323,-0.13596086576581,0,0,0,0,0,-0.112640202045441,0,-0.219421530142426,0.0717946514487267,0,-0.000897858291864395,0,0,0,-0.0704243183135986,0.00357072614133358,0.241139456629753,-0.111084476113319,-0.204631917178631,0,0.0492916069924831,0,-2.69309113401687,0,0,0,0,0,0,-2.97214783192612,0,0.00534486258402467,0,0,0,0,-8.22826404502848,0,0,0,0,0.00411433287081309,-3.84372782544233,0,-1.26879664609442,-0.381136059761047,0,-3.32050909171812,-0.0283929221332073,0,0,-0.0487060360610485,0,0,0.249425664544106,0,0
0,-0.0754883224435616,0.84873603284359,0,0,0,0,0,0,0,0,0,-0.0783531293272972,0,0,-2.0672597491648,0.0394369103014469,0,0,0,-0.659236579202116,0.218186577316374,0.231850618673889,-0.0356512032449245,0,0,-0.224359328421997,0,0,0,0,0,0,0.131245516240597,0,-0.334452183917165,0.146524231531657,-0.114776803646237,-0.147913083521416,0,0,0,-5.6362144913146,-1.58464218254085,1.59646723717424,-1.24784334708238,-0.0830492302775383,0,0,-0.390963941812515,-0.0344708878546953,10.5834859209499,0,0,0,-5.84930892306147,-0.320921560749412,0,-0.065311998128891,-0.0215164385735989,0,0,-1.77922587073408,0,3.94814356524148,11.8342225479719,0.0439560739323497,0.272028197534382,0,5.91470423951978,0,32.9184372928758,-0.449375652126037,0,1.49081515747821,8.72258161425998,-1.41588707834308,0.51932966709137,-1.81055829580873,0,-0.119621613994241,-0.296546868979931,4.21474532503635,0.0165856443345547,-1.61100380308926
0,-0.00739417504519224,0,-0.708760999143124,-0.0918075442314148,0,-1.01366937626153,-0.292950853705406,-6.99547259192332,-0.745558179914951,0,-0.140904910862446,-0.0560189783573151,0,0,-0.884795580292121,0,0,0,-0.0244545969180763,-0.177295132540166,-0.0197926127584651,-0.18927070312202,-10.3747361977003,0,0,0,-3.70398636770551,-0.13766404427588,-0.105165153741837,0,0,0.0320510715246201,0,0,-2.53587957331911,0.140093650668859,0.0173011310398579,-0.0164037626236677,-0.479037899523973,0,-0.00767217203974724,-3.58088982378831,-0.399997968226671,-1.26821052632295,-0.276106268167496,-2.61152637423947,0,-0.0739792436361313,0,-0.603595581138507,0.0146312033757567,-1.77211056195665,0,0.184187494218349,-0.177515017334372,-0.0581026887521148,-9.44121251557954,0.128375006839633,-0.0944793112576008,-1.14177967532305,0,0.459217535099015,-1.12795280665159,-1.51390809216537,0,0,0,0.205662053078413,0.333957388298586,-1.26879664609442,-0.449375652126037,-17.121158933568,0.0670918244868517,0,0.384892765519908,-3.6153764985138,-0.5136335802963,-0.148438577074558,0,0,-0.16906688734889,-0.229230601340532,0,-0.369996342458762
0,0.0650826329365373,0,0,0,0,0,0,0,0,0.603678731247783,0,-1.6439807494171,0,0,0,0,0,0,0,0,0.0958167668431997,0,0,-1.76421769033186,-0.278900781646371,-0.683755330974236,0,0,0,-1.11072435230017,0,0,0.0689888030756265,0,0,-0.198386326432228,-0.386044815182686,0,0,0,-0.0409663403406739,0,0.580945575609803,1.49531711265445,-0.0130870686843991,0,0,1.35971038974822,0,-0.159238760359585,0,0,0,0,0,0,-0.244960337877274,0,0.466655405471101,0,-4.49257871921873,-0.0229065995663404,0,-0.19984582439065,0,0.0833139196038246,0.0480383448302746,0,0,-0.381136059761047,0,0.0670918244868517,0.754160508746281,-0.0196304004639387,2.69054346375924,0,0,0,-1.53793780505657,0,0,-0.405048071683268,0,0
0,0.10191742805182,-0.0449988679029047,0,0,0,0,0,0,0,0.104932155460119,0,-0.0857509654015303,0,0,0,-0.256678469479084,0,-0.0159047413617373,0,0,0.0450035370886326,0.00530495261773467,0,0.0562913343310356,0.860046013152896,-2.90036553534446,0,0,0,-1.58171989792027,0,0,0.0625229142606258,0,-0.18187914788723,0.248556163394824,0.271236258733552,0.0853228345513344,0,0,0,0.215111904544756,6.83697487006418,1.81386081542587,1.90442366222851,0,0,-0.106677852571011,-0.210640547797084,-0.255722715053707,-3.39554937536741,0,0,0,-0.67752004461363,0,0,0,0.72790636960417,0,0.270379397086799,-0.0315385088324547,0,0,4.06613367132377,5.49961132637691,4.18192910755897,0,0.00295519363135099,0,1.49081515747821,0,-0.0196304004639387,26.01317051972,1.15879697772471,-0.133988252840936,0.190025720279664,-0.67887755506672,-1.47831844631582,0.00628669187426567,0,0.529356516897678,0,0.0753120777662843
0,-2.80707562924363,-2.12552162696375,0,0,0,0,0,0,0,-0.126932643353939,0,0.346669371585449,0,0,-2.34698995086364,-1.10442588932347,0.0204743463546038,0.00199513463303447,0,0,-2.23177904915065,-3.1177498435718,-0.328276615589857,-0.321393239777535,-1.96361719666311,-31.3795149337893,0,0,0,-1.04774905974045,0,0,-0.256647658767179,0,-0.585310334106907,-1.31306087301346,-1.64197587607487,-0.53522661048919,0,0,0,-3.57987671456794,0.0588253992063983,1.34337154775858,1.98687206214527,0.078527607023716,0,-0.26069512963295,0.0109263304620981,-4.27918183061411,5.01885003301868,-0.0146627333015203,0,0,-0.306036153779132,0,-0.0727578054411424,0,0.770521959289908,0,2.42585145914927,0,0,1.073580255259,2.00162169217947,0.440461345016956,0.571270040236413,0,-0.0936853932216763,-3.32050909171812,8.72258161425998,0.384892765519908,2.69054346375924,1.15879697772471,10.6366571876861,-0.156388199655339,0,-0.173158004879951,-2.2462630039081,-0.00338853988796473,0.0309388060122728,2.56659113196656,0,-0.177033378742635
0,0,0,0,0,0,-0.171680852770805,0,-5.6023372397176,0,0,-0.0957613736391068,-0.00272509246133268,0,0,-0.187855442985892,0,0,0,0,-0.0673979967832565,-0.0032947501167655,-0.0458424650132656,-5.39366482529294,0,0,0,-0.81511190533638,0,0,0,0,0,0.0516043677926064,0,-0.296514033398125,0.0581651404500008,0,0,0.35716596711427,0,0,-8.07014407304814,0.0282079578610137,-2.85717354965163,-1.85005378976348,-2.06530223693699,-0.0654848529957235,0.00160184863489121,-0.0475734111387283,0.0666002184152603,-0.747385098133236,-2.93714664976324,0,-0.214403721154667,-5.54048950760605,0.63379720098601,-1.01101265707985,-2.18874097687876,0.0224411338567734,1.39744704711484,0,0.135568799218163,-0.171253085136414,0.083347148494795,0.0205256696790457,0,0,1.16475865687244,-4.90828396053985,-0.0283929221332073,-1.41588707834308,-3.6153764985138,0,-0.133988252840936,-0.156388199655339,23.0871345017295,-0.240091540967114,3.4605028902879,0,0,0.437733924954955,1.15369726298377,-0.0902555666398257,-0.234048840356991
0,0,0,0,0,0,0,0,0.0429019816219807,0,0,0,0,0,0,-0.0188810918480158,0,0,0,0,0,-0.076033815741539,0,0,0,0,0,0,0,0,0,0,0,0,0,0,0,0,0,0,0,-0.0222011562436819,-0.671175175812095,0.00650031538680196,-0.612396246753633,-0.0957086384296417,-0.160124060697854,0.376453027129173,0.145940214395523,1.64730248181149,0,-0.356706559658051,-0.00642281025648117,0,0.251875745598227,-0.240926295227837,-0.377811286598444,-0.108562609180808,0.0869198651053011,-0.119363578734919,0.098741639405489,0.279134906828403,11.8219607564388,-0.0950483307242393,-0.0037988368421793,-0.12800404522568,-0.0672595826908946,-0.0614246763288975,-0.448011893779039,-0.171693971846253,0,0.51932966709137,-0.5136335802963,0,0.190025720279664,0,-0.240091540967114,22.8196594910405,1.96806799092064,-0.0177375748753548,-0.159749593352899,3.55686692916788,-0.0543501653592102,0.0156904887408018,-0.0183421485126019
0,0,0,0,0,0,0,0,-0.0918839909136295,0,0,0,0,0,0,-0.229553781449795,0,0,0,0,-0.261757575441152,-0.153110213577747,-0.0109873674809933,0.0248640635982156,0,0,0,-0.105652809143066,0,0,0,0,0,0,0,-0.200747414492071,0,0,0,0,0,0,-3.61777352821082,-0.195801101450343,-0.252660148136783,-0.687838993035257,0.143546792096458,-0.0863121673464775,0,1.03098060656339,0,-0.300439786165953,0,0,0,7.78135063801892,-0.0983503395691514,0,0,-0.0206946171820164,-0.00585495820268989,0,-2.91444796003634,0,-0.0134366927668452,-0.603606368880719,0,-0.57604445819743,0,-4.2773806530513,0,-1.81055829580873,-0.148438577074558,0,-0.67887755506672,-0.173158004879951,3.4605028902879,1.96806799092064,9.66485494996414,0,-0.0185065735131502,0.0130780129693449,0.859077959757997,0,-0.900734954513609
0,0,0,0,0,0,0,0,0,0,-0.00145123759284616,0,-1.17466067480564,0,0,0,0,0,0,0,0,0,0,0,-0.502202855423093,0.366294147679582,-0.0319020005408674,0,0,0,-1.8452316360781,0,0,0.045087493956089,0,0,-0.00156605348456651,0.00497489050030708,0,0,0,0.0260551422834396,0,-0.952949427766725,-0.794699073769152,0.0814883727580309,0,0,0.0523287877440453,0,-0.169805020093918,0,0,0,0,0,0,0,0,-0.597954010096146,0,-0.112636406440288,0.0452068075537682,0,0,0,-0.065391905605793,0,0,0,-0.0487060360610485,0,0,-1.53793780505657,-1.47831844631582,-2.2462630039081,0,-0.0177375748753548,0,-1.8178188551683,0,0,-0.410687790252268,0,0
0,0,0,0,0,0,0,0,0,0,0,0,0,0,0,0,0,0,0,0,0,0,0,0,0,0,0,0,0,0,0,0,0,0,0,0,0,-0.0367461517453194,0,0,0,0.347276568412781,-0.7802346732351,0.319313287734985,0.451702150516212,-0.4836645424366,-0.956442963331938,-0.137842640280724,-0.043342437595129,0,0,0,0,-1.64883379638195,-0.37692142452579,0,-1.14777389261872,0,0,-0.362746449827682,-0.131543688476086,0.298526950180531,0.249843552010134,0,0,0,0.0244637876749039,-0.0275658909231424,-0.394079983234406,0.0892108976840973,0,-0.119621613994241,0,0,0.00628669187426567,-0.00338853988796473,0,-0.159749593352899,-0.0185065735131502,0,-9.30948165804148,-0.109621338546276,-6.33060291531729,0,-0.216380133293569
0,0,0,0,0,0,0,0,-0.265584602952003,0,0,0,0,0,0,-0.0606330223381519,0,0,0,0,0.0291304588317871,0,0,-0.633764512836933,0,0,0,0,0,0,0,0,0,0,0,-0.0935888290405273,0,0,0,0,0,0,0,-0.127277687191963,-0.192722450941801,-0.117412619292736,0,0,0,-0.045899536460638,0,-0.104589223861694,0,0,0,0.179710246622562,0,0,0,0,0,0,0.470911046839319,0,0,0,0,0,0,-0.00995965488255024,0,-0.296546868979931,-0.16906688734889,0,0,0.0309388060122728,0.437733924954955,3.55686692916788,0.0130780129693449,0,-0.109621338546276,1.21754062175751,0.681630026549101,0.228642910718918,0
0,0,0,0,0,0,0,0,0,0,0,0,-0.144113142043352,0.32904989272356,0,0,0,0,0,0,0,0,-0.0230571310967207,0.116179730277508,0.019197341054678,0,-0.0718538090586662,-0.11548487842083,-0.00021512717648875,0,0,0,0,0.626750752329826,0.0853491127490997,0,0.0118723973864689,-0.154864050447941,0.292431674897671,0,0,0.36070916056633,0.133510128667695,-0.204130549682304,-1.65712656406686,0.561802501790226,0.211140007013455,1.70480173826218,0.400503424927592,-0.0439033396542072,0.170860040932894,-0.0194602302508429,-0.127312809228897,-1.00607931101695,-2.40792126208544,-0.8874013540335,0.449432783294469,0.503376469016075,-0.412525792140514,1.63003656388901,-0.633007059339434,1.05465576250572,1.96095678769052,0,-0.0346297465730458,7.75881400011713,1.37712802598253,6.34007380346884,-0.71165556460619,5.29205998871475,0.249425664544106,4.21474532503635,-0.229230601340532,-0.405048071683268,0.529356516897678,2.56659113196656,1.15369726298377,-0.0543501653592102,0.859077959757997,-0.410687790252268,-6.33060291531729,0.681630026549101,20.7341623464599,0.364504044642672,0.321096027269959
0,0,0,0,0,-0.869819758227095,0,0,0,0,0,-2.83207074226812,0,0,-0.138272345066071,0,0,0,0,0,0,0,0,0,0,0,0,0,0,0,0,0,0,-1.04256488382816,-29.693655509539,0.460956396447727,-0.0221293190261349,0.348313093185425,-0.610843367874622,0,0,0,-0.657268901937641,1.09448443725705,0.0668234985787421,-1.80584188387729,-0.555456876754761,-0.527718359604478,0,0,0,0,0,0,0.917428441374796,-0.112622627057135,-0.0553548038005829,0,-0.297495571896434,2.33100771903992,-1.60434754690505,0,0,0,0,0,0,0,0,0.0217715185135603,0,0.0165856443345547,0,0,0,0,-0.0902555666398257,0.0156904887408018,0,0,0,0.228642910718918,0.364504044642672,-84.6705105437404,-13.8739211011271
0,0,0.188601244240999,0,-0.290300939232111,0.089325066190213,-0.231072145979851,0.26053591510572,0.754363034153357,-0.194504592567682,0.35466668009758,-0.60476237279363,0,0,0.0740850567817688,-0.298904031515121,-0.080156221985817,0,0,0,-0.932010651798919,-0.0215892549604177,-2.36790902637586,-0.227389698848128,0,0.0200410736724734,-0.278388582752086,-0.408752783667296,0.301662497222424,-1.92973830550909,0,0.0968399252742529,0,-0.325280122458935,-17.7163744160207,3.91663970286027,-7.31320547359064,5.27749470202252,-13.1703402795538,0.417739510536194,1.78745505213737,0,-5.4143971609883,-1.98784650769085,1.65934756631032,-14.0522919293726,-0.00344539363868535,0.726729441434145,0,-0.0411512702703476,0,-0.128937184810638,-0.0113348169252276,-0.026545574888587,-0.235063895583153,-0.690875821979716,-0.0494990404695272,-0.17556719481945,-0.095521442592144,0.661754535511136,-0.000165526289492846,0,0.177000053226948,0,-0.125296370824799,0,0.131967011839151,0.0587306506931782,-0.0391247384250164,-0.672908465843648,0,-1.61100380308926,-0.369996342458762,0,0.0753120777662843,-0.177033378742635,-0.234048840356991,-0.0183421485126019,-0.900734954513609,0,-0.216380133293569,0,0.321096027269959,-13.8739211011271,1.62165318476036
