291.115193247795,291.669547617435,10.8153117597103,3.19909742474556,558.141452968121,23.4765434265137,7.69309169054031,754.159594595432,61.2281037867069,6.79612281918526,659.959266960621,19.2972087860107,66.8145127296448,0,7.40329802036285,37.8376238644123
291.669547617435,226.770317733288,41.1410315036774,13.8940047621727,5.74846005439758,62.7178148329258,6.42038050293922,34.5105911195278,284.09177094698,219.297721475363,0,11.5540872812271,28.0155814290047,6.4742397069931,267.342829883099,40.0210770368576
10.8153117597103,41.1410315036774,230.339558422565,84.9544345736504,540.631550550461,767.959486931562,43.3570907115936,261.291033864021,48.2845906019211,8.88146629929543,0.641300857067108,16.1222015917301,46.442514449358,0,11.04541015625,0.955649048089981
3.19909742474556,13.8940047621727,84.9544345736504,31.4127158522606,9.20296880602837,41.7834710180759,21.8581184446812,82.6255797743797,611.633763998747,37.8327301442623,0,56.0958239734173,1.36795917153358,5.28274884819984,241.138058155775,9.52837789058685
558.141452968121,5.74846005439758,540.631550550461,9.20296880602837,401.958615779877,406.696369796991,121.470624417067,13.2730623483658,9.8841764330864,0,3.11495816707611,41.6527901887894,91.3198149204254,0,30.9513826370239,3.42613911628723
23.4765434265137,62.7178148329258,767.959486931562,41.7834710180759,406.696369796991,353.828444719315,53.1643376648426,90.4028352499008,13.3680274486542,2.98608320951462,0,11.4928780198097,142.301447421312,0,261.043054133654,4.25368165969849
7.69309169054031,6.42038050293922,43.3570907115936,21.8581184446812,121.470624417067,53.1643376648426,107.812909841537,62.4834595918655,11.0103061199188,2.24112117290497,0,968.464063733816,15.9190426766872,0.856778144836426,43.2930774688721,2.6863896548748
754.159594595432,34.5105911195278,261.291033864021,82.6255797743797,13.2730623483658,90.4028352499008,62.4834595918655,107.396719574928,24.3446093797684,13.0258073508739,0,550.359437137842,61.866788059473,9.45821392536163,78.9593466222286,37.437151402235
61.2281037867069,284.09177094698,48.2845906019211,611.633763998747,9.8841764330864,13.3680274486542,11.0103061199188,24.3446093797684,233.349541008472,15.2526708245277,0,5.92774730920792,1.48084360361099,990.766634702682,72.7805050313473,180.155118048191
6.79612281918526,219.297721475363,8.88146629929543,37.8327301442623,0,2.98608320951462,2.24112117290497,13.0258073508739,15.2526708245277,134.583298504353,1.08403265476227,1.49546575546265,0,451.008180826902,51.5093242526054,256.570312798023
659.959266960621,0,0.641300857067108,0,3.11495816707611,0,0,0,0,1.08403265476227,169.762453496456,5.01300954818726,0,0,0.53471165895462,448.88424500823
19.2972087860107,11.5540872812271,16.1222015917301,56.0958239734173,41.6527901887894,11.4928780198097,968.464063733816,550.359437137842,5.92774730920792,1.49546575546265,5.01300954818726,277.885036230087,139.046947658062,0,30.3285880386829,7.57649302482605
66.8145127296448,28.0155814290047,46.442514449358,1.36795917153358,91.3198149204254,142.301447421312,15.9190426766872,61.866788059473,1.48084360361099,0,0,139.046947658062,158.036584973335,4.42380607128143,26.2107111215591,169.738548219204
0,6.4742397069931,0,5.28274884819984,0,0,0.856778144836426,9.45821392536163,990.766634702682,451.008180826902,0,0,4.42380607128143,227.785574138165,1.29476520419121,119.974545001984
7.40329802036285,267.342829883099,11.04541015625,241.138058155775,30.9513826370239,261.043054133654,43.2930774688721,78.9593466222286,72.7805050313473,51.5093242526054,0.53471165895462,30.3285880386829,26.2107111215591,1.29476520419121,143.897649019957,12.2230719327927
37.8376238644123,40.0210770368576,0.955649048089981,9.52837789058685,3.42613911628723,4.25368165969849,2.6863896548748,37.437151402235,180.155118048191,256.570312798023,448.88424500823,7.57649302482605,169.738548219204,119.974545001984,12.2230719327927,81.1618484258652
