Iteration,Cost_data,Cost_reg,Cost_total,Streamlines,Fixels_excluded,Step_min,Step_mean,Step_mean_abs,Step_var,Step_max,Coeff_min,Coeff_mean,Coeff_mean_abs,Coeff_var,Coeff_max,Coeff_norm,
0,1356.61,0,1356.61,10638,918,0,0,0,0,0,0,0,0,0,0,0,
1,712.90773185070543,12.824734121852716,725.7324659725582,10638,918,-0.68166830708955306,-0.16730338051736598,0.25196903264525344,0.093339760238488903,1,-0.68166830708955306,-0.16730338051736598,0.25196903264525344,0.093339760238488903,1,992.85502965680644,
2,612.11261308140467,29.066735292799791,641.17934837420444,10638,918,-0.4078761519036665,-0.058815573682355342,0.10738965547579005,0.018319444395671375,0.27335409272587685,-1.0532638202482825,-0.22611895419972028,0.35255515059282488,0.18855816140995146,1.2546520505828558,2005.6931629176538,
3,576.38077456082829,41.035304382950493,617.41607894377876,10638,918,-0.20905072619864376,-0.015306128710004998,0.051019020305004013,0.0038527238001355149,0.16837844384858416,-1.2248583112556348,-0.2414250829097255,0.39333904120904983,0.23429122475401981,1.3793281674066329,2492.1557577085086,
4,556.52869264307242,49.64748983454372,606.17618247761618,10638,918,-0.13646339329053281,-0.0054041473039342499,0.031250382765914707,0.0014614812358177466,0.11745951733487109,-1.2689670969153395,-0.24682923021365979,0.415331324926076,0.25844873369142968,1.451375908256662,2749.1191802757376,
5,543.79269258230272,56.019846209475318,599.81253879177802,10638,918,-0.10417486315045797,-0.0034353777201133187,0.022095190934472007,0.00075253530198938069,0.094986300824828229,-1.290610956915927,-0.25026460793377353,0.43018134289792376,0.27447965829916693,1.4962192671962879,2919.6401253282388,
6,535.03313663633378,60.82964701027197,595.86278364660575,10638,918,-0.081779152013986167,-0.002757832004906239,0.016621752377112806,0.00043591124562641302,0.07713589311432531,-1.2975981143969242,-0.25302243993867884,0.44121405506359612,0.2863150399931248,1.5252550616553833,3045.5330804068685,
7,528.7285130859666,64.524180474396857,593.25269356036347,10638,918,-0.072459943030457066,-0.0023305243555328931,0.012966650857356033,0.00027143527635823945,0.063514943267119206,-1.3139226396213926,-0.2553529642942115,0.44976432899141122,0.29546935454333334,1.5444936532154956,3142.9075242774366,
8,524.03662253865707,67.411136075054586,591.4477586137117,10638,918,-0.067955406240294933,-0.0019864062742697935,0.010358082165136962,0.00017770063427975086,0.053112683541070196,-1.3352031343315407,-0.25733937056848238,0.45659229081600106,0.302734258445855,1.5574213798397616,3220.1843070885598,
9,520.45268363304331,69.70373705932451,590.15642069236787,10638,918,-0.063375681377596998,-0.0016986434151338439,0.0084245919923227434,0.00012074576323939288,0.044986575652017739,-1.3527808626974562,-0.2590380139836152,0.46212811858255676,0.30860669057578982,1.5661811319092056,3282.6493676546766,
10,517.65706353659516,71.550329417136339,589.20739295373153,10638,918,-0.055641329315778323,-0.0014581672416127576,0.0069514423991060776,8.4487565598799789e-05,0.038487795337052023,-1.3677063874412083,-0.26049618122523005,0.46666556696652722,0.31342455288068899,1.5721402465797134,3333.8969689918886,
11,515.43853354063617,73.055986269860909,588.49451981049708,10638,918,-0.046475968372794205,-0.0012555011300272342,0.0058029005276846934,6.0498503166931754e-05,0.033346190287324017,-1.3805994072454442,-0.26175168235525553,0.47042738211771984,0.31742385272875456,1.5761941816520491,3376.4375214757624,
12,513.65243999269114,74.296442614482018,587.94888260717312,10638,918,-0.04222350431877514,-0.001085666588402595,0.0048924215515796458,4.4224971452889081e-05,0.029535774303591885,-1.3918554654530191,-0.26283734894365929,0.47359557004592256,0.32077896535646799,1.5789412916546881,3412.12585449675,
13,512.19692639126606,75.327724239821578,587.52465063108764,10638,918,-0.040852052516639203,-0.0009406150873686838,0.0041579047826553308,3.2817532639803948e-05,0.026630457817216693,-1.4017436828945768,-0.26377796403102699,0.47628064193901165,0.32361612851247917,1.5807870252451084,3442.3047589872408,
14,510.99854321600742,76.191823750920136,587.19036696692751,10638,918,-0.035292763640128413,-0.0008174097881934176,0.0035603271050328469,2.4657111637399857e-05,0.024492089757918594,-1.410475331925592,-0.26459537381922088,0.47855730319113815,0.32603271058526145,1.5820090511485696,3468.009942495426,
15,510.00303986964514,76.920605235400842,586.92364510504603,10638,918,-0.033649641392555739,-0.00071380438358265388,0.0030682419442566605,1.8762817228375078e-05,0.022632640173780746,-1.4182106681757878,-0.26530917820280231,0.48050010544074706,0.32810561411169387,1.582799588043087,3490.0594173060877,
16,509.16958168720208,77.538820397645807,586.70840208484788,10638,918,-0.032483643157200211,-0.00062534176621450836,0.0026586370205962345,1.4443025421117192e-05,0.020998421605368814,-1.4250829344161668,-0.2659345199690184,0.48217306178344382,0.32989412821002939,1.5832917538343458,3509.0838417700825,
17,508.46695464747813,78.065966216000689,586.53292086347881,10638,918,-0.031298905208782021,-0.00054914576684648693,0.0023148918796497961,1.1228079093171514e-05,0.019549239462419668,-1.4312091786577752,-0.26648366573586507,0.48362394574153666,0.33144495847057159,1.5835790307185897,3525.5800232514703,
18,507.87094973479918,78.51752947609674,586.38847921089587,10638,918,-0.030104622370358946,-0.00048394045057038269,0.0020249432530850169,8.819126341687505e-06,0.018254626456806356,-1.4366853793754419,-0.26696760618643522,0.48488449667104977,0.33279631676785565,1.5837266429403554,3539.9544214596804,
19,507.36257616526336,78.905991763734391,586.26856792899775,10638,918,-0.028908573716298493,-0.0004272337386438529,0.0017784859164665968,6.9869473886658292e-06,0.017090483839312519,-1.4415951565491987,-0.26739483992507823,0.48598496748914521,0.33397818792068046,1.5837803782105928,3552.5259849122781,
20,506.92674249686917,79.241449164161295,586.16819166103051,10638,918,-0.025223957655224453,-0.00037854245586507659,0.0015682377994152745,5.578424319249007e-06,0.016037092125797292,-1.4460156848103263,-0.26777338238094439,0.48694827831565035,0.33501643285369648,1.5837723759039133,3563.5697962647696,
21,506.55137106460433,79.532179622822724,586.08355068742708,10638,918,-0.018713713704797096,-0.00033605267764599421,0.0013876883651328901,4.4788512673990516e-06,0.01508040563492871,-1.4500037526898022,-0.2681094350585897,0.48779326462872608,0.33593144047069134,1.5837251066905036,3573.3027322867438,
22,506.22668105729156,79.784986073203513,586.01166713049508,10638,918,-0.013937709094810839,-0.0002991921701180795,0.0012320956018107936,3.6263446264524141e-06,0.014208267300620692,-1.4535994089050652,-0.2684086272287079,0.48853794254266125,0.336740894277053,1.5836541885017699,3581.9128924250126,
23,505.9447167854683,80.005468082880697,585.95018486834897,10638,918,-0.011749289451726836,-0.00026725302509837722,0.0010974675581642166,2.9610530818322864e-06,0.013410307226346846,-1.4568459131385629,-0.26867588025380645,0.48919772672796963,0.3374597125641462,1.5835703685019451,3589.5589625448233,
24,505.69897281462596,80.198340395890469,585.89731321051647,10638,918,-0.011290938732767824,-0.00023879878396320127,0.00097994333440689068,2.426567651908366e-06,0.012677732608739129,-1.4597847437905196,-0.26891467903776806,0.48978278385796292,0.33809924326173374,1.583480939174956,3596.361650575062,
25,505.48405688739462,80.367531309907122,585.85158819730168,10638,918,-0.010842893588939136,-0.00021396741086650295,0.00087729317734200189,1.9994571843433696e-06,0.012002978799760661,-1.46245233664464,-0.26912864644863466,0.49030525626444132,0.33867007051941672,1.5833907408055392,3602.4335401150356,
26,505.29550997626137,80.516314588830099,585.81182456509146,10638,918,-0.010403993130130653,-0.00019224559982979628,0.00078747891451627346,1.6573953269670821e-06,0.011379535341513392,-1.4648817126244447,-0.26932089204846416,0.49077172581762818,0.33918116643989626,1.5833028833310629,3607.8700674211764,
27,505.12962720579634,80.647455162246672,585.77708236804301,10638,918,-0.0099737607348129517,-0.00017297369626234063,0.00070833293919188561,1.3800496848659308e-06,0.010801880810773167,-1.467100070188863,-0.26949386574472839,0.49118868802040411,0.33963978130742051,1.5832192791270796,3612.7483537670319,
28,504.98330280934323,80.763289985057256,585.7465927944005,10638,918,-0.0095528559350130694,-0.00015606522602071974,0.00063860333340319965,1.1552193450282186e-06,0.010265184842529277,-1.4691316709895692,-0.26964993097074874,0.49156126349365481,0.34005240899826039,1.5831410144565536,3617.1374745144958,
0,108.195,0,108.195,10638,918,0,0,0,0,0,0,0,0,0,0,0,
1,107.13818883256354,0.20697009647587086,107.34515892903941,10638,918,-0.010975213978243237,-0.0010788800183393599,0.0010996209599584263,2.8351009457554464e-06,0.0016666705214339408,-0.010975213978243237,-0.0010788800183393599,0.0010996209599584263,2.8351009457554464e-06,0.0016666705214339408,0.030156968760000683,
2,106.48993478560575,0.21479326566643661,106.70472805127218,10638,918,-0.0034618785690234263,-0.0011166694114552339,0.0011166694114552339,1.8089145248894186e-06,-5.3220234747282413e-05,-0.014261474609401158,-0.0021955494297946029,0.0021987492357552754,8.1969463411148065e-06,0.00099874677063414114,0.087190918230438202,
3,105.87117111270263,0.21352663108937647,106.08469774379201,10638,918,-0.0025792672393297024,-0.0010963761289110334,0.0010963761289110334,1.7470766903208359e-06,-7.06012875229476e-05,-0.016761511025685141,-0.0032919255587056371,0.003293140405628565,1.6943049848268217e-05,0.00039850800353257826,0.18022322123602902,
4,105.27261374682786,0.21187403357591397,105.48448778040377,10638,918,-0.0025549120743287457,-0.001075593514781316,0.001075593514781316,1.6859165313742924e-06,-6.8857139747244018e-05,-0.019107441050078548,-0.0043675190734869312,0.004368053356528602,2.8934137862793844e-05,0.0003159239282467874,0.30777242444653813,
5,104.69305722532721,0.21027212977678419,104.90332935510399,10638,918,-0.0025310223901702394,-0.0010552704258724802,0.0010552704258724802,1.6272192868481724e-06,-6.7106876189837296e-05,-0.021401919202833776,-0.0054227894993594252,0.0054230470556390154,4.3997469757656648e-05,0.0002406879152761852,0.4680010858121938,
6,104.13172126406364,0.20874914228713426,104.34047040635078,10638,918,-0.0025075678645807486,-0.0010354343978419295,0.0010354343978419295,1.5710037852719085e-06,-6.5386227112471611e-05,-0.023658583091522026,-0.0064582238972013461,0.0064583313694176175,6.196723076846663e-05,0.00016735126305668173,0.65914543368417955,
7,103.58788877155335,0.20730557145988965,103.79519434301324,10638,918,-0.0024845358141409742,-0.0010160698853312429,0.0010160698853312429,1.5171464113935584e-06,-6.3705246683819965e-05,-0.025879845616091204,-0.0074742937825326107,0.0074743287373271487,8.2685819745160355e-05,9.5868000035713305e-05,0.87952906462927072,
8,103.06087969357026,0.20593875119110611,103.26681844476137,10638,918,-0.0024619152598184904,-0.00099716095226068716,0.00099716095226068716,1.4655259984103968e-06,-6.2064136420691184e-05,-0.028066682235153337,-0.0084714547347932712,0.0084714596592631568,0.0001060034855349415,2.6193255328290735e-05,1.1275590756351728,
9,102.55004613751906,0.20464624705837764,102.75469238457744,10638,918,-0.0024396955070200787,-0.00097869122299659912,0.00097869122299659912,1.4160256471361278e-06,-6.0462097808716372e-05,-0.030219861530493615,-0.0094501459577898839,0.0094501459577898839,0.00013177786641514031,-4.1716768736012216e-05,1.4017211650578474,
10,102.0547708924902,0.20342540643815235,102.25819629892835,10638,918,-0.0024178661602550422,-0.00096064531233818677,0.00096064531233818677,1.3685372134782053e-06,-5.8898281223475487e-05,-0.032340098147874821,-0.010410791270128046,0.010410791270128046,0.00015987356557471165,-0.00010790480628781318,1.7005751170182077,
11,101.57446515442653,0.20227316679217158,101.7767383212187,10638,918,-0.0023964175103925317,-0.0009430101006278371,0.0009430101006278371,1.3229627123628962e-06,-5.7371815658359495e-05,-0.034428080777953084,-0.011353801370755924,0.011353801370755924,0.00019016179872518367,-0.00017241253569899814,2.0227510530397788,
12,101.1085666011017,0.20118673199441586,101.30975333309611,10638,918,-0.0023753398965397445,-0.00092577246457201069,0.00092577246457201069,1.2792088240618656e-06,-5.5881609608415372e-05,-0.036484464850916491,-0.012279573835327923,0.012279573835327923,0.00022252002468125788,-0.00023528041143373201,2.3669455025345401,
13,100.65653801738186,0.20016320546545396,100.85670122284732,10638,918,-0.0023546240641154972,-0.0009089198889910237,0.0009089198889910237,1.2371891949125092e-06,-5.4427115276984389e-05,-0.038509878649856166,-0.013188493724318974,0.013188493724318974,0.00025683162764675711,-0.00029654802114638406,2.7319180232785554,
14,100.2178659375392,0.19919987604782338,100.41706581358703,10638,918,-0.0023342611681778824,-0.00089244076330232845,0.00089244076330232845,1.1968216065717444e-06,-5.2997853960308846e-05,-0.040504937341647701,-0.014080934487621259,0.014080934487621259,0.0002929855948519039,-0.00035625395202944747,3.1164877724397018,
15,99.792059330646836,0.19829428070725053,99.990353611354081,10638,918,-0.0023142425950826002,-0.00087632436295955319,0.00087632436295955319,1.1580279366489849e-06,-5.1585908696742725e-05,-0.04271087510957168,-0.014957258850580819,0.014957258850580819,0.00033087621646639821,-0.00041443579344537554,3.5195303145530779,
16,99.378648614839477,0.19744336663711773,99.576091981476594,10638,918,-0.0022945601101675805,-0.00086056058407982011,0.00086056058407982011,1.1207384797523881e-06,-5.0208002306768442e-05,-0.044960219755301262,-0.015817819434660541,0.015817819434660541,0.0003704028694022714,-0.00047113012330873513,3.9399753218319611,
17,98.977183888676166,0.19664597097263012,99.173829859648791,10638,918,-0.0022752054047239282,-0.00084513651784065547,0.00084513651784065547,1.084877246609058e-06,-4.8863450150505782e-05,-0.047190766024084611,-0.016662955952501293,0.016662955952501293,0.0004114695801222607,-0.00052637276064365114,4.3768019237604872,
18,98.587235546617123,0.19589942588191753,98.783134972499042,10638,918,-0.0022561706927837701,-0.0008300436436493668,0.0008300436436493668,1.0503822144654946e-06,-4.7551372163704042e-05,-0.049402822670021183,-0.017492999596150711,0.017492999596150711,0.00045398494971728501,-0.00058019860490302587,4.8290379101427607,
19,98.208391693648778,0.19520254037879539,98.40359423402758,10638,918,-0.0022374485880359697,-0.00081527066114666703,0.00081527066114666703,1.0171866131819357e-06,-4.6270933151046223e-05,-0.051596691214337895,-0.01830827025729732,0.01830827025729732,0.00049786175993681654,-0.00063264162783063414,5.2957555404479173,
20,97.840258858305148,0.19455249768351179,98.034811355988666,10638,918,-0.0022190314817237687,-0.00080081001840066966,0.00080081001840066966,9.8523644234538145e-07,-4.5021497617553244e-05,-0.053772666095895719,-0.019109080275697903,0.019109080275697903,0.00054301694433833681,-0.00068373506616777155,5.7760712369268887,
21,97.482459078009327,0.19394665558744123,97.676405733596766,10638,918,-0.0022009121423757607,-0.00078665503847534686,0.00078665503847534686,9.544809403540723e-07,-4.3802363022638553e-05,-0.055931034968779728,-0.019895735314173379,0.019895735314173379,0.0005893714316374068,-0.00073351130679620222,6.2691439183270958,
22,97.134629541961587,0.19338265943200181,97.328012201393591,10638,918,-0.002183083890489768,-0.00077279819032897079,0.00077279819032897079,9.248697529967962e-07,-4.261272188202008e-05,-0.058072078825806742,-0.020668533504502259,0.020668533504502259,0.00063684990374301162,-0.00078200196064937488,6.7741724261144149,
23,96.796421979405054,0.19285945372535626,96.989281433130415,10638,918,-0.0021655399870773168,-0.00075922953471123302,0.00075922953471123302,8.9634844953117424e-07,-4.0449836625615322e-05,-0.06019607222134038,-0.021427763039213586,0.021427763039213586,0.00068538043759800121,-0.00082923790731502414,7.2903917147299389,
24,96.467503116476664,0.1923763995533366,96.659879516030003,10638,918,-0.0021482740133798167,-0.00074593931151333047,0.00074593931151333047,8.6886386561049852e-07,-3.7551740387453928e-05,-0.062303283487707001,-0.022173702350726902,0.022173702350726902,0.00073489427340407546,-0.0008752491786101637,7.8170703861991511,
25,96.147554289711351,0.19193053668762214,96.339484826398973,10638,918,-0.0021312796623961018,-0.00073292254482452295,0.00073292254482452295,8.4237925877582258e-07,-3.4739505223197873e-05,-0.064393974907642967,-0.022906624895551397,0.022906624895551397,0.00078532603095742449,-0.00092006518635905749,8.3535129912941244,
26,95.836268362279228,0.19152042005796419,96.027788782337197,10638,918,-0.0021145506521203323,-0.00072017199293619109,0.00072017199293619109,8.1685129498281444e-07,-3.2010848128068237e-05,-0.066468402970418949,-0.023626796888487629,0.023626796888487629,0.00083661333974042486,-0.00096371460791970693,8.8990560948188993,
27,95.533350778228893,0.19114447793631525,95.724495256165213,10638,918,-0.0020980817164046872,-0.0007076805369408746,0.0007076805369408746,7.9223952295939898e-07,-2.9363788051495831e-05,-0.068526818357927594,-0.024334477425428446,0.024334477425428446,0.00088869670296817793,-0.001006225309158916,9.4530668294725082,
28,95.238518633894358,0.1908010790469547,95.429319712941307,10638,918,-0.0020818662457958133,-0.00069544172554945394,0.00069544172554945394,7.6850670972214399e-07,-2.6796274600140904e-05,-0.070569466280200707,-0.025029919150977933,0.025029919150977933,0.00094151940734017096,-0.0010476245545527362,10.014941935877399,
29,94.951499957650398,0.19048878359817653,95.141988741248568,10638,918,-0.002065898767113532,-0.0006834497301166164,0.0006834497301166164,7.4561685286800521e-07,-2.4306290212251898e-05,-0.072596586499385662,-0.025713368881094562,0.025713368881094562,0.00099502738213478313,-0.0010879389673210023,10.584106263767689,
30,94.672033495807213,0.19020620552706394,94.862239701334275,10638,918,-0.0020501740080447646,-0.00067169858484288243,0.00067169858484288243,7.2353519979108021e-07,-2.1891950114864982e-05,-0.074608413571841628,-0.026385067465937394,0.026385067465937394,0.0010491690592667178,-0.0011271945015087106,11.160011283420078,
31,94.399868205415899,0.18995266252683365,94.589820867942734,10638,918,-0.0020346865468323649,-0.00066018081562249653,0.00066018081562249653,7.0222546408125499e-07,-1.9551336675906876e-05,-0.076605176914319312,-0.02704524828155986,0.02704524828155986,0.0011038951234672162,-0.0011654165442216877,11.742132428320778,
32,94.134763474653511,0.18972660016920984,94.32449007482272,10638,918,-0.0020194316951381544,-0.00064889146012244478,0.00064889146012244478,6.8165800520353746e-07,-1.7282619793667346e-05,-0.078587101009319205,-0.027694139741682403,0.027694139741682403,0.0011591586054120499,-0.0012026298030153254,12.329970085767975,
33,93.876487680496325,0.18952667973610454,94.06601436023243,10638,918,-0.0020044041588899442,-0.00063782569211470437,0.00063782569211470437,6.6180341294637684e-07,-1.508395680166292e-05,-0.080554405615959876,-0.028331965433797197,0.028331965433797197,0.0012149147399091024,-0.0012388584031395766,12.923048088413122,
34,93.624817975298456,0.18935144151786099,93.814169416816313,10638,918,-0.0019895988111447464,-0.00062697797296643,0.00062697797296643,6.4263476248186274e-07,-1.2145198430606859e-05,-0.082507305802744679,-0.028958943406763343,0.028958943406763343,0.0012711208762690486,-0.0012741258997440959,13.52091276087387,
35,93.3795397252822,0.18920041553031627,93.568740140812523,10638,918,-0.0019750111842187805,-0.00061634135006756192,0.00061634135006756192,6.2412082203380172e-07,-9.244280570530325e-06,-0.084446012108710264,-0.029575284756830956,0.029575284756830956,0.0013277361690649983,-0.0013084552871812805,14.123129630344387,
36,93.140447098922138,0.18907172119356488,93.329518820115709,10638,918,-0.001959342179422435,-0.00060591321697249425,0.00060591321697249425,6.062406274177341e-07,-6.4345331427520798e-06,-0.086370730651516958,-0.030181197973803465,0.030181197973803465,0.001384721875727188,-0.0013418690233913861,14.7292865921101,
37,92.907341282364214,0.18896412003264351,93.096305402396851,10638,918,-0.0019441761995994753,-0.00059568894411563152,0.00059568894411563152,5.8896996196899953e-07,-3.7135123629333247e-06,-0.08828164917210983,-0.030776886917919067,0.030776886917919067,0.0014420411230782568,-0.0013743890073546648,15.338991426183417,
38,92.680030749299419,0.18887638219687616,92.8689071314963,10638,918,-0.001930086275472238,-0.00058566491906079639,0.00058566491906079639,5.7228628368081863e-07,-1.0790987078270983e-06,-0.090178954431723843,-0.031362551836980161,0.031362551836980161,0.0014996588543330464,-0.0014060366218315414,15.951871233540615,
39,92.458330906838526,0.18880750616234906,92.647138413000874,10638,918,-0.0019162383372413954,-0.00057583619207422863,0.00057583646861520874,5.5616694306798256e-07,1.4709214734699922e-06,-0.09206283906641087,-0.031938388029054125,0.031938388029054125,0.0015575416660565456,-0.0014368327636759951,16.567570701843476,
40,92.24206396900378,0.18875642059278283,92.430820389596562,10638,918,-0.0019025761576816763,-0.00056619851007325855,0.00056619925053893625,5.405912922357024e-07,3.9385369398331314e-06,-0.09393349189854,-0.032504586539127557,0.032504586539127557,0.0016156577982034267,-0.0014667978502377235,17.185751999489849,
41,92.031058612821994,0.18872216530456545,92.219780778126562,10638,918,-0.0018891585172517023,-0.00055674784332628805,0.00055674906690401742,5.2553823966554216e-07,6.3237112300157129e-06,-0.095791098122062893,-0.033061334382453803,0.033061334382453803,0.0016739770252734822,-0.0014959517626874782,17.80609361783403,
42,91.825149760439601,0.18870443147400406,92.013854191913609,10638,918,-0.0018759715447759454,-0.00054747861465059106,0.00054748104907764467,5.109850724245162e-07,8.6329310399284756e-06,-0.09763583941913391,-0.033608812997104311,0.033608812997104311,0.0017324704048096435,-0.001524313915135859,18.428287695960179,
43,91.624178915454479,0.18870219654241074,91.812881111996887,10638,918,-0.0018629676845579536,-0.00053838658047162245,0.00053839309531566754,4.9691409578047283e-07,1.086645144947609e-05,-0.099467893069534838,-0.034147199577575948,0.034147199577575948,0.0017911104176028755,-0.0015519032208398465,19.052041512041786,
44,91.427993135877273,0.18871427857729942,91.616707414454567,10638,918,-0.0018501430289283062,-0.00052946943004342781,0.00052950482987104642,4.833090358976664e-07,1.3024897709997101e-05,-0.10128743326539635,-0.034676669007619482,0.034676669007619482,0.0018498710153361233,-0.0015787381969687389,19.677077990130343,
45,91.236444614698598,0.18874063949400091,91.425185254192598,10638,918,-0.0018374946340718251,-0.00052072146804014151,0.00052081968149308012,4.7014839785683404e-07,1.5110179409779226e-05,-0.1030946310663141,-0.035197390475659521,0.035197390475659521,0.0019087271697884294,-0.0016048369151727816,20.303130905039524,
46,91.049391614713443,0.18878063511838186,91.23817224983182,10638,918,-0.0018250180730770853,-0.00051213914283937607,0.00051236904663270501,4.5741543169598497e-07,1.7124569361253742e-05,-0.10488965322800201,-0.035709529618498922,0.035709529618498922,0.0019676550810305946,-0.0016302170082857738,20.929947096922433,
47,90.866697578545129,0.1888330080352488,91.055530586580375,10638,918,-0.0018127109432841033,-0.00050372056642097407,0.0005041022129393597,4.4509727012398993e-07,1.9069877617898316e-05,-0.10667266422273451,-0.036213250184919894,0.036213250184919894,0.0020266322985738783,-0.0016548957188877215,21.557287759930343,
48,90.688230351557138,0.18889709411458575,90.877127445671718,10638,918,-0.0018005696805479877,-0.00049546189547026596,0.00049599025618795862,4.331783857727654e-07,2.0947931047521426e-05,-0.10844383177004438,-0.036708712080390157,0.036708712080390157,0.002085637465674417,-0.0016788898920023164,22.184925722378775,
49,90.513862467006277,0.18897240803364951,90.702834875039926,10638,918,-0.0017885911199677692,-0.00048735973151686063,0.00048803115358843384,4.2164316965463224e-07,2.2762292958266387e-05,-0.11020330357622703,-0.037196071811906969,0.037196071811906969,0.0021446502278299989,-0.0017022159307790541,22.812644473427699,
50,90.34347117304236,0.18905805807100926,90.532529231113372,10638,918,-0.001776771332783605,-0.00047941128892016357,0.00048022775050834092,4.1047918535148047e-07,2.451268047339728e-05,-0.11195122380029238,-0.037675483100827238,0.037675483100827238,0.0022036513649185741,-0.0017248899106517674,23.440239568638873,
51,90.176937838063779,0.18915427055218872,90.366092108615973,10638,918,-0.0017651080286331636,-0.00047161068075544151,0.00047258058016396565,3.9966814433652314e-07,2.6199766274011072e-05,-0.11368776751771832,-0.038147093781582653,0.038147093781582653,0.0022626222454828651,-0.0017469274211999173,24.067512825201234,
52,90.014148685884678,0.18925967623656331,90.203408362121237,10638,918,-0.0017535980405375547,-0.00046395747665997519,0.00046511964701258376,3.8920201139953703e-07,2.7824670762964073e-05,-0.11541307384405905,-0.038611051258242754,0.038611051258242754,0.0023215455483243451,-0.0017683437759625149,24.69427999752606,
53,89.854993116784712,0.18937343708065257,90.044366553865359,10638,918,-0.0017422384386801759,-0.00045644922964878007,0.00045790937493150289,3.7906964907343126e-07,2.9391854050651882e-05,-0.117127288675704,-0.03906750048789135,0.03906750048789135,0.0023804049657537205,-0.0017891538992342649,25.320367620722326,
54,89.699364073732141,0.18949535761391298,89.888859431346049,10638,918,-0.0017310268383642071,-0.00044908221403521951,0.00045085009948244543,3.6925702031239719e-07,3.0901791416447602e-05,-0.1188305557860562,-0.039516582701926539,0.039516582701926539,0.0024391849078434641,-0.0018093723210756345,25.945609864730926,
55,89.547158600150965,0.18962491526095734,89.736783515411929,10638,918,-0.0017199587699801141,-0.00044185347062401022,0.00044391592480524846,3.5975287983764697e-07,3.4618252412594779e-05,-0.12052301454443029,-0.039958436172550744,0.039958436172550744,0.0024978706120284372,-0.0018290132760985811,26.569849700146488,
56,89.398277255835609,0.18976173928869852,89.588038995124307,10638,918,-0.001709033426273915,-0.00043475982146787035,0.00043710413839658934,3.5054558243888349e-07,3.8637006386485256e-05,-0.12220480348658841,-0.04039319599401836,0.04039319599401836,0.0025564480508353036,-0.0018480906726638319,27.192937916735126,
57,89.252624159243396,0.18990600022528181,89.442530159468674,10638,918,-0.0016982472302242103,-0.00042779616278507636,0.00043041004952818434,3.4162088657461524e-07,4.2449847357152408e-05,-0.1238760577902005,-0.040820992156803501,0.040820992156803501,0.0026149036241497172,-0.0018618894017769928,27.814729850080543,
58,89.110107346110013,0.19005698406563495,89.300164330175647,10638,918,-0.0016875976933373681,-0.00042096090043594901,0.00042383245640550954,3.3297074005340864e-07,4.6063998868111822e-05,-0.12553691001712197,-0.041241953057239641,0.041241953057239641,0.0026732246071892859,-0.0018461346714780315,28.435090146672433,
59,88.970637721983394,0.19021366390879496,89.160851385892187,10638,918,-0.0016770826281526604,-0.00041425300844782795,0.00041737071389636289,3.2458858537596089e-07,4.9486781983033509e-05,-0.12718749101916355,-0.041656206065687297,0.041656206065687297,0.0027313992097404188,-0.0018294268297661565,29.053893394008835,
60,88.834128501284667,0.19037568377702396,89.024504185061687,10638,918,-0.0016666990919495107,-0.00040767003490200712,0.0004110227376406952,3.1646489204451219e-07,5.2725494652638329e-05,-0.1288279342575826,-0.04206387610058928,0.04206387610058928,0.0027894163072970449,-0.0018118013691406296,29.671021260718668,
61,88.700495857090345,0.1905432733991437,88.891039130489489,10638,918,-0.0016564443904907983,-0.00040120762079179064,0.00040478453860202658,3.0858712144155068e-07,5.5786134453094143e-05,-0.13045834805720921,-0.042465083721380928,0.042465083721380928,0.0028472650860472525,-0.0017932929109275159,30.286358720284625,
62,88.56965948303889,0.19071597918050739,88.7603754622194,10638,918,-0.001646316834593772,-0.00039486392755464075,0.0003986546198158902,3.0094748330995686e-07,5.8674804590340921e-05,-0.13207887250500769,-0.042859947648935623,0.042859947648935623,0.0029049353785639428,-0.0017739350568277607,30.899797621784661,
63,88.441541727455032,0.19089355981860667,88.632435287273637,10638,918,-0.0016363140422231298,-0.00038863631117405331,0.00039263067913647632,2.9353677915553514e-07,6.1399065136324665e-05,-0.13368962353364583,-0.043248583960109693,0.043248583960109693,0.0029624175244259148,-0.0017537605945392679,31.511235207318457,
64,88.316067666497588,0.19107507359335749,88.507142740090941,10638,918,-0.0016264337270752288,-0.00038252397344543955,0.0003867122603482873,2.8635037745961443e-07,6.3964404198743892e-05,-0.13529072012321205,-0.043631107933555353,0.043631107933555353,0.0030197027253508688,-0.0017328014383767689,32.12057788955719,
65,88.193164107017012,0.19126091280910967,88.384425019826125,10638,918,-0.0016166734974336426,-0.00037652242485284909,0.00038089519353148903,2.793765313225823e-07,6.6376783140538519e-05,-0.13688227900107786,-0.044007630358408191,0.044007630358408191,0.0030767823173696454,-0.0017110886299172426,32.727733509860919,
66,88.072761084983881,0.19145075103175627,88.264211836015633,10638,918,-0.001607031464674893,-0.00037062895960169207,0.00037517708216521281,2.7260836288551534e-07,6.8641980554845608e-05,-0.13846441497672002,-0.044378259318009754,0.044378259318009754,0.0031336481241328335,-0.001688652375202461,33.33261509640095,
67,87.954790884548416,0.19164418325972291,88.146435067808142,10638,918,-0.0015975052328464077,-0.0003648419999834955,0.00036955665163031416,2.6603947296239487e-07,7.0765371625757732e-05,-0.1400372408002738,-0.044743101317993354,0.044743101317993354,0.0031902925069236658,-0.0016655220678921023,33.935141396147031,
68,87.839187894659759,0.19184119276105055,88.031029087420805,10638,918,-0.0015880931154652132,-0.00035915877594929895,0.00036403142661264599,2.5966168191061775e-07,7.2752154366420617e-05,-0.14160087618716888,-0.04510226009394256,0.04510226009394256,0.0032467081323477253,-0.0016417262889005697,34.535234403782752,
69,87.72588896329836,0.19204120962458521,87.917930172922951,10638,918,-0.0015787933855136414,-0.00035357795483713313,0.00035860036104249754,2.5347010973096554e-07,7.4607576122262607e-05,-0.14315540396097992,-0.045455838048779861,0.045455838048779861,0.0033028882695686807,-0.001617292837347398,35.132822523402055,
70,87.614832579553649,0.19224401780677339,87.807076597360421,10638,918,-0.0015696024854487756,-0.00034809773866463527,0.00035326193587794432,2.4745863023652217e-07,7.6336796486336557e-05,-0.14470095608020561,-0.0458039357874446,0.0458039357874446,0.0033588266071276664,-0.0015922487529140604,35.727838620016989,
71,87.505959297685649,0.1924493330688824,87.698408630754528,10638,918,-0.0015605200637998347,-0.00034271644499185252,0.00034801473671144321,2.41621201393566e-07,7.7944645819920231e-05,-0.14623762955949079,-0.046146652232436275,0.046146652232436275,0.0034145172765206754,-0.0015666203239709151,36.320220270350426,
72,87.399211565781712,0.19265671897192335,87.59186828475363,10638,918,-0.0015515445465076811,-0.00033743227550645725,0.00034285724178310245,2.3595294177999235e-07,7.9435597192028618e-05,-0.14776552819897659,-0.046484084507942613,0.046484084507942613,0.0034699548774660498,-0.001540433122719366,36.909910031606373,
73,87.29453337468,0.19286628802043604,87.48739966270044,10638,918,-0.0015426723018515723,-0.00033224178522124186,0.00033778633595353921,2.3044653199127156e-07,8.0814478392509813e-05,-0.1492847524645203,-0.046816326293163804,0.046816326293163804,0.0035251341248541141,-0.0015137120175000502,37.496851686073214,
74,87.191870900141481,0.19307784845428855,87.384948748595775,10638,918,-0.0015339036273522176,-0.00032714337433533298,0.00033280060021291465,2.250967258217019e-07,8.2087648321938739e-05,-0.15079540306471803,-0.047143469667499202,0.047143469667499202,0.0035800500802365028,-0.0014864811682163959,38.08099270347568,
75,87.091172060495111,0.19329114473225417,87.284463205227368,10638,918,-0.0015252354996232354,-0.00032213572751171995,0.00032789892476994874,2.1989825364291497e-07,8.3257383120936051e-05,-0.15229757762822069,-0.047465605395011087,0.047465605395011087,0.00363469818164339,-0.0014587640743106533,38.66228455814074,
76,86.992386345575298,0.19350577392366078,87.185892119498959,10638,918,-0.0015166662364806806,-0.0003172178444755804,0.00032308053581456324,2.1484746000561317e-07,8.4327656182511939e-05,-0.15379137251573186,-0.047782823239486606,0.047782823239486606,0.0036890743571439443,-0.0014305835313329898,39.240683936940137,
77,86.895464603812329,0.19372164404730577,87.089186247859629,10638,918,-0.0015081946005302011,-0.00031238760303019941,0.00031834353761889451,2.0993886012663591e-07,8.5301792849544795e-05,-0.15527688278770069,-0.048095210842516778,0.048095210842516778,0.0037431747582123212,-0.0014019617419709616,39.81614990310446,
78,86.800359326758795,0.19393886331615171,86.994298190074943,10638,918,-0.0014998183536957914,-0.00030764240922193754,0.00031368555298493217,2.0516632564896659e-07,8.6184096371128946e-05,-0.15675420108906316,-0.048402853251738757,0.048402853251738757,0.0037969956273396764,-0.0013729202741984933,40.388642488012138,
79,86.707024834627063,0.19415683327721422,86.901181667904282,10638,918,-0.0014915366033645472,-0.00030298168430032329,0.00030910621979982967,2.0052774821353337e-07,8.6978104193925345e-05,-0.15822342580548196,-0.048705834936038923,0.048705834936038923,0.003850533780104551,-0.0013424079656867334,40.958127818972109,
80,86.615416348919894,0.19437519206109444,86.809791540980981,10638,918,-0.0014833475546373004,-0.00029840455126429815,0.00030460486049008721,1.9601973916862659e-07,8.7687493525966787e-05,-0.15968462781603199,-0.049004239487303231,0.049004239487303231,0.0039037864370984388,-0.0013107923136664932,41.524576331416093,
81,86.525490217495417,0.1945942841871256,86.720084501682535,10638,918,-0.0014752493948555351,-0.00029390797793100765,0.00030017864635141554,1.9163535403903696e-07,8.8315906567284632e-05,-0.16113791487766357,-0.049298147465234324,0.049298147465234324,0.0039567507424123835,-0.0012788311250301965,42.087957647040525,
82,86.437204726210481,0.19481396439817816,86.63201869060866,10638,918,-0.0014672404190269044,-0.00028949012781446181,0.00029582594249520059,1.8737084361220037e-07,8.886659875065008e-05,-0.16258336752763691,-0.049587637593048774,0.049587637593048774,0.0040094240552612697,-0.0012465435944188968,42.648243675814122,
83,86.350519429856291,0.19503386966631012,86.545553299522595,10638,918,-0.001459320787028362,-0.00028515033916142141,0.00029154626679934342,1.8322346286128291e-07,8.9342785642883093e-05,-0.16402107678787439,-0.049872787932210116,0.049872787932210116,0.004061804142452545,-0.0012139482723413878,43.20541066326772,
84,86.265394835803264,0.19525365569295849,86.460648491496215,10638,918,-0.0014514865846541099,-0.00028088798490213073,0.00028733917474873334,1.7919059851954553e-07,8.9747451072641363e-05,-0.16545111345133715,-0.050153675917112381,0.050153675917112381,0.0041138891603593923,-0.0011810632337666139,43.759438998742858,
85,86.181792388777893,0.1954735007591927,86.377265889537085,10638,918,-0.0014437376619719049,-0.00027670045435015912,0.00028320223394388746,1.7526712040056933e-07,9.0083772778783196e-05,-0.16687357279754592,-0.050430376371462346,0.050430376371462346,0.0041656772420094849,-0.0011435043585715076,44.310308823254893,
86,86.099675068211695,0.19569318942577865,86.295368257637477,10638,918,-0.0014360729534630275,-0.00027258667467920444,0.00027913454204131656,1.7145004796337658e-07,9.0354736467195655e-05,-0.16828853271338667,-0.050702963046141684,0.050702963046141684,0.0042171668000865418,-0.0010928411664486879,44.858003252520547,
87,86.019006850125166,0.19591253564404026,86.214919385769207,10638,918,-0.0014284905235623427,-0.00026854535359970331,0.00027513497475350362,1.6773636483698469e-07,9.0563169413181583e-05,-0.16969607331605022,-0.05097150839974135,0.05097150839974135,0.0042683564737350547,-0.0010418333345942395,45.402507811119776,
88,85.939752682021336,0.19613167508409815,86.135884357105439,10638,918,-0.0014209895771395613,-0.00026457431337681653,0.00027120151358564623,1.6412147175534082e-07,9.0711771680985286e-05,-0.17109627786085882,-0.051236082713118289,0.051236082713118289,0.0043192449110106904,-0.00099050479553614294,45.943808118420712,
89,85.861878841520593,0.19635085266039953,86.058229694180994,10638,918,-0.0014135681234118433,-0.00026067117652428165,0.00026733211949086318,1.60600902990226e-07,9.0803203076568695e-05,-0.17248921214090365,-0.051496753889642762,0.051496753889642762,0.0043698306660508472,-0.00093887879194083743,46.481888794782861,
90,85.785353058455044,0.1965702176256115,85.98192327608065,10638,918,-0.0014062252904264666,-0.0002568334001064569,0.00026352667681572194,1.5717017485574984e-07,9.0840136278950477e-05,-0.17387496437770025,-0.051753587289748861,0.051753587289748861,0.0044201121914223904,-0.00088697789952290099,47.01673338015997,
91,85.710144286519792,0.19678977353024407,85.906934060050034,10638,918,-0.0013989600360084006,-0.00025305948091965114,0.00025979049752481787,1.5382578857893563e-07,9.0825004484357369e-05,-0.17525360635725926,-0.052006646770668651,0.052006646770668651,0.0044700880108550986,-0.00083482403762107321,47.548326171465682,
92,85.636222495812859,0.19700876393008263,85.833231259742945,10638,918,-0.0013917711983431409,-0.00024935064476240868,0.00025619048566721597,1.505688426472366e-07,9.0760148927410434e-05,-0.17662521216367255,-0.052255997415430987,0.052255997415430987,0.0045197574169905282,-0.00078243847660909474,48.076659644528249,
93,85.563557685476084,0.1972268374743823,85.760784522950473,10638,918,-0.0013846566667501459,-0.00024570668366202087,0.00025273257041755638,1.4739816158091394e-07,9.0647852294872008e-05,-0.17798985425240271,-0.052501704099092945,0.052501704099092945,0.0045691200664652884,-0.00072984186051559558,48.601730146991272,
94,85.49212040336748,0.19744392833228031,85.689564331699756,10638,918,-0.001377616713122575,-0.00024212619383068409,0.00024933220417057525,1.4431086677979687e-07,9.0491096009592296e-05,-0.17934760524855101,-0.052743830292923628,0.052743830292923628,0.0046181757226337631,-0.00067705425049947919,49.12353516165534,
95,85.421882045235648,0.19766017808467276,85.619542223320323,10638,918,-0.0013706489598132752,-0.00023860728452114325,0.00024598714319081985,1.413033603211399e-07,9.0291569146360568e-05,-0.1806985355236822,-0.052982437577444953,0.052982437577444953,0.004666924113229963,-0.00062409510066447206,49.642071792427117,
96,85.352815097836242,0.19787574375175346,85.550690841587993,10638,918,-0.0013637528324969739,-0.00023514787108970916,0.00024269627553115793,1.383720515224974e-07,9.005113293254855e-05,-0.18204272189255219,-0.053217585448534853,0.053217585448534853,0.004715364896185549,-0.00057098328839899572,50.157336400725683,
97,85.284893102654664,0.19809068457072074,85.482983787225379,10638,918,-0.0013569269764792335,-0.00023174635122479213,0.00023946362201333687,1.3551392411133496e-07,8.977172708477225e-05,-0.18338021866168253,-0.053449331799759407,0.053449331799759407,0.0047634977195179775,-0.00051773711704773294,50.669325242512727,
98,85.218090507520159,0.19830449824166391,85.416395005761828,10638,918,-0.0013501708899159622,-0.00022840341752909882,0.00023630168994533948,1.3272919674958241e-07,8.9455269954079385e-05,-0.18471110067395816,-0.053677735217288615,0.053677735217288615,0.0048113227585316982,-0.00046437434019291592,51.178040182501675,
99,85.152381952790677,0.19851719026019954,85.350899143050881,10638,918,-0.0013434827546503917,-0.00022511766412965841,0.00023324168945913093,1.3001524394318625e-07,8.9103628617787466e-05,-0.18603542778009877,-0.053902852881418335,0.053902852881418335,0.004858840228876342,-0.00041091218889645646,51.683483514557651,
100,85.087742886261864,0.19872900616634667,85.28647189242821,10638,918,-0.0013368617943103282,-0.00022188691822880961,0.00023029526880045256,1.2736856839887679e-07,8.8718583756651077e-05,-0.18735327876882726,-0.054124739799646999,0.054124739799646999,0.0049060501779493665,-0.0003542362381298996,52.185655742847409,
101,85.024149777831198,0.19893976818947448,85.223089546020674,10638,918,-0.0013303068626970473,-0.00021871066512663923,0.00022739466533716789,1.2478800494018937e-07,8.830184344161296e-05,-0.18866471129129295,-0.054343450464773541,0.054343450464773541,0.0049529528698134435,-0.00029607714256308125,52.684559676205602,
102,84.961579576659261,0.19914956926878946,85.160729145928045,10638,918,-0.0013238172576881912,-0.000215587143050438,0.00022453651320924084,1.2227069528463576e-07,8.7855096345061694e-05,-0.18996979219205759,-0.054559037607824164,0.054559037607824164,0.0049995484932207832,-0.00023792845164896147,53.180197322389468,
103,84.900010055050828,0.19935831005298249,85.099368365103814,10638,918,-0.0013173921129290688,-0.00021251583571328799,0.00022172059255230105,1.1981509120397575e-07,8.7379896130864302e-05,-0.19126858052838563,-0.054771553443537353,0.054771553443537353,0.0050458374081717161,-0.0001798043723917597,53.672572510722546,
104,84.839419532549073,0.19956583923979382,85.038985371788868,10638,918,-0.001311030147708344,-0.00020949620033778753,0.00021894654083364003,1.1741981834329835e-07,8.687919599235717e-05,-0.19256112936312589,-0.05498104964387495,0.05498104964387495,0.0050918201577646836,-0.00012171853351739144,54.161691018142939,
105,84.779786789449147,0.19977217333396058,84.979558962783102,10638,918,-0.0013047307228049219,-0.00020652695497765108,0.00021621346504570625,1.1508288998779413e-07,8.6416098013717592e-05,-0.19384751467201228,-0.055187576598852969,0.055187576598852969,0.0051374973135716664,-6.3684426620025096e-05,54.647558924461819,
106,84.721091269179567,0.19997702900415529,84.921068298183727,10638,918,-0.0012984925514861712,-0.00020360800803197884,0.00021352155687465987,1.1280378320108398e-07,8.592688684657349e-05,-0.19512779018932522,-0.055391184606884677,0.055391184606884677,0.0051828697524794196,-5.7149472156231299e-06,55.130185557123589,
107,84.663312665582723,0.20018051383048635,84.863493179413211,10638,918,-0.0012923151065012085,-0.00020073795182147625,0.00021086951100235675,1.1058024999761736e-07,8.5412045850814154e-05,-0.19640202133689683,-0.055591922558706049,0.055591935839667844,0.0052279382952396891,5.2177679697707797e-05,55.609579646464574,
108,84.606431395163767,0.20038280241759543,84.80681419758136,10638,918,-0.0012861968868973859,-0.00019791500946939017,0.00020825583547234654,1.0840941344657375e-07,8.487373109012244e-05,-0.19767024723306681,-0.05578983756817555,0.055789881514914715,0.0052727036015620772,0.0001099814289279318,56.085748209815812,
109,84.550428634921019,0.20058359423122124,84.751012229152238,10638,918,-0.0012801370057308819,-0.00019513959268418563,0.0002056811000608993,1.0629136765094341e-07,8.4314357488116007e-05,-0.19893254317916395,-0.055984977160859657,0.055985052070239731,0.0053171667082327475,0.00016768455897980849,56.558702275471738,
110,84.495285747402733,0.20078271955082086,84.696068466953548,10638,918,-0.0012741358152261724,-0.00019241114544020377,0.00020314528012682661,1.0422519054560998e-07,8.3734428870965551e-05,-0.20018896041270601,-0.056177388306300133,0.056177494136157365,0.0053613288292867671,0.00022527593310950258,57.028454757123342,
111,84.440984400018564,0.20098044732745415,84.641964847346017,10638,918,-0.0012681906246512038,-0.00018972763733805163,0.00020064640599367465,1.0220787786772914e-07,8.3135182949048851e-05,-0.2014395534896041,-0.056367115943637865,0.056367252645434518,0.0054051909271551459,0.00028274485901128786,57.49501589214929,
112,84.387507120632975,0.20117672740168976,84.588683848034663,10638,918,-0.0012623024843295403,-0.00018708855458787722,0.00019818406560509231,1.0023846543112838e-07,8.2517924350714429e-05,-0.20268437803317679,-0.056554204498225805,0.056554372017133502,0.0054487540655026537,0.00034008079265327162,57.95839699475173,
113,84.334836870934993,0.20137135510920728,84.536208226044195,10638,918,-0.001256469347187845,-0.00018449347939344384,0.00019575820687901365,9.8316284026897494e-08,8.188360907582202e-05,-0.20392349353365377,-0.05673869797761933,0.056738896252828866,0.0054920195168290716,0.00039727369274137106,58.418611600510836,
114,84.282956816311909,0.20156445990017266,84.484521276212078,10638,918,-0.0012506908616677695,-0.00018194108466311964,0.00019336764326138058,9.6439305740044655e-08,8.1233327676395552e-05,-0.20515693870168258,-0.056920639062282466,0.056920868027205904,0.005534988446829074,0.00045431387814328083,58.87567210892086,
115,84.231850752453596,0.20175604635288943,84.43360679880648,10638,918,-0.0012449659180174453,-0.0001794305498401296,0.00019101178385975224,9.4606204494516965e-08,8.0567579830800455e-05,-0.20638477446888859,-0.057100069612122537,0.057100337190253064,0.0055776620456539578,0.00051119190071769415,59.329591179621147,
116,84.181502938499236,0.20194597101803424,84.38344890951727,10638,918,-0.0012392947239439527,-0.00017696163486339084,0.00018869060145137044,9.2816335351084277e-08,7.9888294067179195e-05,-0.20760705617555322,-0.057277031246985931,0.057277365870578544,0.0056200416966378508,0.00056789866580541357,59.78038352713682,
117,84.131897862088891,0.20213422029792827,84.334032082386813,10638,918,-0.0012336751776889261,-0.00017453335853748531,0.00018640335933968116,9.1068521580475731e-08,7.9196415246985985e-05,-0.20882383134585497,-0.057451564605523732,0.057451979545687142,0.0056621287898446278,0.00062442544183797144,60.228063937577303,
118,84.083020399383159,0.20232087411976513,84.285341273502922,10638,918,-0.0012281067448408861,-0.00017214447871808066,0.00018414894324167335,8.9361092018066423e-08,7.8492659822577984e-05,-0.2100351498147896,-0.057623709084241505,0.05762422911352192,0.005703924640623791,0.000680763815853013,60.672646402315266,
119,84.034855916303357,0.20250587968360745,84.23736179598697,10638,918,-0.0012225900389061307,-0.00016979481413433771,0.00018192734686818209,8.7693202082357763e-08,7.7777884838565602e-05,-0.21124106204212556,-0.057793503898375724,0.057794168549664376,0.0057454307040740371,0.00073690531400924465,61.11414639923553,
120,83.987390109360007,0.20268913065994557,84.190079240019955,10638,918,-0.0012171227668706665,-0.00016748418250418586,0.00017973855443844801,8.6064246803766638e-08,7.7422216231951607e-05,-0.21244162136322142,-0.0579609880808796,0.057961832446956622,0.0057866485816437403,0.00079284243797156839,61.552580962944468,
121,83.94060893895599,0.20287068457107318,84.143479623527057,10638,918,-0.0012117054995172019,-0.0001652112784020286,0.00017758143908524828,8.4472721486464162e-08,7.9012933924959457e-05,-0.21363686131925202,-0.058126199359282246,0.058127279355482737,0.005827579797186011,0.00084856772792381622,61.987966302667601,
122,83.894498777671529,0.20305073414568564,84.09754951181722,10638,918,-0.0012063359018443943,-0.00016297481388431368,0.00017545486829549011,8.2916684281884974e-08,8.0559515483315835e-05,-0.21482684888603612,-0.058289174173166126,0.058290546685276126,0.0058682256941878386,0.0009040739796910011,62.42031670907604,
123,83.84904660554605,0.20322917384098135,84.052275779387031,10638,918,-0.0012010154485590512,-0.00016077447307633107,0.00017335869046445647,8.1395699021166231e-08,8.2062674516896156e-05,-0.21601161114912013,-0.05844994864624263,0.058451660815019346,0.005908587735217131,0.00095935417825184714,62.849647739504626,
124,83.804239587283504,0.20340611429131242,84.007645701574816,10638,918,-0.0011957413606870531,-0.00015860876904020291,0.00017129171247013306,7.9908284517154392e-08,8.3523231671324234e-05,-0.21719121418099349,-0.05860855741528307,0.058610629889339953,0.0059486672595229547,0.0010144014678621816,63.275973639545668,
125,83.760065361086134,0.20358136865862322,83.963646729744752,10638,918,-0.0011905141581910787,-0.00015647829583692753,0.00016925471047498215,7.8454504608651351e-08,8.4942297048386784e-05,-0.21836568342869905,-0.058765035711119934,0.058767503246316986,0.005988465878319347,0.0010692098048080668,63.699311547682896,
126,83.716511645993478,0.20375491909853663,83.920266565092021,10638,918,-0.001185333209208728,-0.00015438235231031569,0.00016724765353788752,7.70334148220769e-08,8.6320462479555574e-05,-0.21953508157047993,-0.058919418063430137,0.05892236605897113,0.006027985232316721,0.0011237730008699536,64.119678916152964,
127,83.673566442080414,0.20392680373539143,83.877493245815799,10638,918,-0.0011801975931917698,-0.00015232009554094956,0.00016527214796637339,7.5643887473382772e-08,8.7658553213130829e-05,-0.22069944030490465,-0.059071738158971071,0.059075300007278127,0.0060672269229721911,0.0011780851582730699,64.537092779655197,
128,83.631218082513385,0.20409700212988449,83.83531508464327,10638,918,-0.0011751067450303737,-0.00015029087944897464,0.00016333965914885478,7.4285299726197814e-08,8.8957375958704973e-05,-0.22185881086027179,-0.059222029038420131,0.05922634000060617,0.0061061925955933913,0.0012321407335767567,64.951570639326903,
129,83.589455172982639,0.20426553611304776,83.79372070909568,10638,918,-0.0011700602922616243,-0.00014829397677431749,0.000161472189733554,7.2956597869564398e-08,9.0217631905314838e-05,-0.22301323409883678,-0.05937032301519457,0.05937553348063665,0.0061448838724297338,0.001285934187853663,65.363129751035075,
130,83.548266604805747,0.20443236947976262,83.752698974285508,10638,918,-0.0011650570605683396,-0.00014632918438669764,0.00015963790405996108,7.1657236790504258e-08,9.1440760622969156e-05,-0.22416275455028264,-0.059516652199581258,0.059522859684545487,0.0061833024585772056,0.0013394602230449805,65.771788251885738,
131,83.507641510254317,0.20459750683443609,83.712239017088748,10638,918,-0.0011600973450191956,-0.00014439584341822281,0.0001578470750499626,7.0386484555209663e-08,9.2627401168669945e-05,-0.225307407405724,-0.0596610480429993,0.059668367448102208,0.0062214500608242717,0.0013927139200807697,66.177564296987782,
132,83.467569266890393,0.20476105096554126,83.672330317855938,10638,918,-0.0011551795768625505,-0.00014249299877615949,0.00015611899760471686,6.9143136496986433e-08,9.3778452985528193e-05,-0.22644724335365199,-0.059803541041775606,0.059812131553160265,0.006259328288800845,0.0014456903561200836,66.580475007974584,
133,83.428039639334088,0.20492294014641932,83.632962579480505,10638,918,-0.0011503037850476862,-0.00014062040027151154,0.00015442338788819956,6.7926740969159607e-08,9.4893918262665776e-05,-0.22758229377403638,-0.059944161442046909,0.059954220221344605,0.00629693884072716,0.0014983851466947064,66.980538448814798,
134,83.389042557903778,0.20508309427239993,83.594125652176174,10638,918,-0.001145469300544142,-0.00013877771941442783,0.00015275397211215777,6.6736969644512218e-08,9.5974451175880456e-05,-0.22871260614096156,-0.060082939161461617,0.060094721775132164,0.0063342835085679009,0.0015507940724495525,67.377773680636764,
135,83.350568080402866,0.20524160241942602,83.555809682822286,10638,918,-0.0011406757418415843,-0.00013696408284825151,0.000151107231952088,6.5572796657905699e-08,9.70207426128949e-05,-0.22983822160015255,-0.060219903244309696,0.060233669501332923,0.0063713639840743469,0.0016029127407551024,67.772198698598828,
136,83.312606604050714,0.20539856457875263,83.518005168629472,10638,918,-0.001135922080591065,-0.00013517859933691011,0.0001494854143690276,6.4433313172928952e-08,9.8033428390033328e-05,-0.23095916855114954,-0.060355081843646977,0.060371099043112081,0.0064081818705163081,0.0016547373290359282,68.163830556681972,
137,83.275148873280571,0.20555388131113822,83.480702754591704,10638,918,-0.001131208424327059,-0.00013342125290317884,0.00014789857344605671,6.3318247999837897e-08,9.901315162399966e-05,-0.23207550082169467,-0.060488503096549635,0.060506992026014068,0.0064447388987443352,0.0017062641548232808,68.552687665943495,
138,83.238185731874438,0.20570756167775028,83.443893293552193,10638,918,-0.0011265339876242698,-0.00013169149950609154,0.00014634294812278706,6.2226914256981959e-08,9.9960496442229758e-05,-0.23318724039084726,-0.060620194596055763,0.060641316053630309,0.0064810367875713934,0.0017574896458774159,68.938788309396912,
139,83.201708229935832,0.20585955889085319,83.407567788826682,10638,918,-0.0011218980898662651,-0.00012998905876342732,0.00014483101885825997,6.1158878784148883e-08,0.00010087609440261512,-0.23429444214349715,-0.060750183654819385,0.060774088777868385,0.0065170773344772372,0.0018084105285208619,69.322151606834367,
140,83.165707554825772,0.20600985515305595,83.371717409978828,10638,918,-0.0011173002182352297,-0.00012831350080980391,0.0001433832151300758,6.0113706771014517e-08,0.00010176059567334209,-0.23539712554405429,-0.060878497155629194,0.060905281160458159,0.0065528623796974588,0.0018590235910927876,69.702797132841866,
141,83.130175054231472,0.20615856456575063,83.336333618797227,10638,918,-0.0011127401020466512,-0.00012666397230363786,0.00014195315551325752,5.9090281745779954e-08,0.00010261465234741432,-0.23649534501048708,-0.061005161127932646,0.061034882428295557,0.0065883936142894775,0.0019093257798823017,70.080742875197174,
142,83.095102421317549,0.20630569127059686,83.301408112588149,10638,918,-0.0011082176344034786,-0.0001250400020529059,0.00014053984112060572,5.8088097713959576e-08,0.00010343888575814304,-0.23758912475924918,-0.061130201129985413,0.061162890420222431,0.0066236727450374377,0.0019593140322251086,70.456006988963225,
143,83.060481527759862,0.20645125785513477,83.266932785614998,10638,918,-0.0011037311205400881,-0.00012344078846121244,0.00013914320237872073,5.7106629991785088e-08,0.00010423387692666357,-0.23867849947680789,-0.061253641918446781,0.061289325185063255,0.0066587014175024332,0.0020089858125300723,70.828606977973379,
144,83.026304442240033,0.20659529715483732,83.232899739394867,10638,918,-0.0010992811993515809,-0.0001218661891206798,0.00013776238865368903,5.6145179542151754e-08,0.00010500018964627564,-0.23976351563618181,-0.061375508107567346,0.061414195389439784,0.0066934813135121575,0.0020583386791147768,71.19856073182882,
145,82.992563443045327,0.20673778265921347,83.199301225704545,10638,918,-0.0010948673106994861,-0.00012031587139319077,0.00013639775153442786,5.5203519758973091e-08,0.00010573840800767341,-0.24084420187565805,-0.061495823978960404,0.061537514134009673,0.006728014153934511,0.0021073701232455513,71.565886555401391,
