0.0204330310497269,0,-0.00122426217421889,0,0,-0.00102053093723953,0.00713505805106252,-0.00334651590674184,0,4.4623880967265e-05,0,-0.000293458695523441,0,0.0443982867732302,0,0,-0.000601075938902795,0,0,0,0.0002525391173549,0,-0.0196851110340504,0.000395392737118527,0,0,0,-7.16388749424368e-05,0.00593265489987971,0.0293682263502433,0,0,0,-0.00108367204666138,0,0,0.000135617767227814,-0.00322404887992889,-7.1478119934909e-05,2.1637302779709e-05,0,0,0,0,0,0,0,0,0,0,0,0,0,0,0,0,0,0,0,0,0,0,0,0,0,0,0,0,0,0,0,0,0,0,0,0,0,0,0,0,0,0,0,0,0
0,-0.00346723824952733,0,0,0,0,0,0,-0.0311813678708859,0,-0.00464945274870843,0,-0.000495491854962893,0,0,-0.0110760685929563,0,0.000166669284226373,0,0,-0.000557703548111022,-0.024769780529823,-1.27175107991206e-05,-0.0230829837382771,-0.0233833447819052,-0.00191818108578445,-0.0641210136990367,0,0.000394251721445471,0,-0.000501724349305732,0,-0.000220245114178397,-0.00295634517533472,0,-0.00429600104689598,-0.00315547176069231,-0.00222787682923808,-0.000933635310502723,-0.00158614839892834,0,0,-0.00350064010126516,0.000287123227508346,0.000829763943329453,-0.00217237160541117,0,0,0,0,-0.0109971071665314,-0.00261150978622027,0,0,0,0,0,-5.31066543771885e-05,0,0,0,0.000606280984356999,0,0,-0.00101070199161768,0.00177465355955064,0,0.00127930089365691,0,0,0,-0.00273075827135472,-0.00296221161261201,-0.00021354912314564,-0.00377725200087298,-0.0626539614368085,0,0,0,0,0,0,0,0,0
-0.00122426217421889,0,-0.05997424121108,0,0,0,-0.0258177014288776,-0.0121030070004053,0,0,0,0,0,-0.0205656221751269,0,-5.75809244764969e-05,-0.0254921983886334,0.000483168656046473,-0.00198009818632272,0,-0.00708793780358974,-0.00156624242663383,-0.132589457701954,-0.00210941892146366,0,0.0021278458144991,-0.171835243501846,-0.00754535220767139,-0.0024484020723321,-0.00085334102914203,0,0,0,-0.00906761884334628,0,-0.0509814884953812,-0.0295239871556987,-0.0330538743482975,-0.0359670420839393,0,0,0,-0.00345162658777554,-0.00106991933716927,-0.00286319165024906,0.00100958865368739,0,0,0,0,-0.001654232153669,-0.0076983431717963,0,0,0,0,0,0,0,0,0,0,0,0,-0.00240322053286945,0.000132544169900939,0,0,0,0,0,-0.00449583233694284,0,0,-0.00395890511398989,-0.101417852186387,0,0,0,0,0,0,0,0,-0.00170288798108231
0,0,0,0.00537875847601299,-0.000226095780817559,0.000373072200090974,0,-0.00105303756436115,-0.00732865824579676,-0.00927122248006995,0,0.00840213081482943,0,0,-0.0056745885667624,0,0,0,0,-0.000856269383731956,0,0,0,-0.00225586469201744,0,0,0,-0.00795413372452458,0.000279200185104855,0,0,0,0,0.00094693637220189,0,0.00257247015906614,0,-0.00275953800883144,0,-0.0034677238400036,-1.44057585202972e-05,0,0.00049000553553924,0,0,0,0.00582015323016094,0,0,0,0,0,0,0,0,0,0,-0.000261083710938692,0,0,0.000948922359384596,0,0,0,0,0,0,0,0.00727635079238098,0,0,0,-0.0131077161058784,0,0,0,0,0,0,0,0,0,0,0,0
0,0,0,-0.000226095780817559,-0.00458909715939626,-0.0158271383843385,-0.00577104114927351,-0.00181774530938128,-9.65067447395995e-05,-5.11579128215089e-06,0,-0.0055279087900999,0,0,-0.009655877250907,0,0,0,0,-0.000786298642196925,0,0,0,-0.00586512691370444,0,0,0,-0.000939954965360812,0,0,0,-0.000578469981519447,0,-0.0149940374976723,0,-0.0321171803225297,-0.00164721869805362,-0.00560563385079149,0,-0.013461998612911,-0.0100342490069352,0,0,0,0,0,0.00268565793521702,0,0,0,0,0,0,0,0,0,0,0,0,0,0.000224225819692947,0,0,0,0,0,0,0,0,0,0,0,-0.00102526124101132,0,0,0,0,0,0,0,0,0,0,0,-0.0014950168406358
-0.00102053093723953,0,0,0.000373072200090974,-0.0158271383843385,0.0184841804173601,-0.00581343866815587,-0.128751771158363,-0.00310802197782323,0.0177636744374183,-0.00364609993994236,0.0131793038017989,0,-0.00422483761212789,-0.00953007311090914,0,0,0,0,0.00259738112936247,0,0,0,-0.00379899535619188,0,0,0,-0.00187263454381537,0.00201731629567803,0,0,-0.00303185726534139,0,-0.0214399230731033,-0.0283193697717934,-0.0725995561479067,-0.000939104880671948,-0.00639481749021797,-0.00119798046944197,-0.0313955723840991,-0.000561500899493694,-0.00239544571377337,0,0,0.00164808926638216,0.000545087561476976,0.00324680563062429,0,-0.00173343427013606,0,0,0,0,0,0,0,0,-0.00330469547770917,0,0.0012052811216563,0.00116836829693057,0,0,0.000578040024265647,0,0,0,0,0,0,0,0,0,0,0,0,0,0,0,0,0,0,0,-0.00752321301115444,-0.00544629275100306
0.00713505805106252,0,-0.0258177014288776,0,-0.00577104114927351,-0.00581343866815587,0.032762347645189,-0.0630422661017747,-0.00793919498391915,-0.0065772998001421,0,0.000369208220945438,0,-0.0338570279108126,-0.000113521113235038,-0.00012530323874671,0,0,0,0,0.000946071351336286,0,-0.0214127533199644,-0.0182999063963507,0,0,-0.00556621874056873,-0.0908266617422555,-0.0199316197886219,0.010205437925265,0,0,0.000496391265187413,-0.0295554671465652,-0.00133736338466406,-0.0961816340341102,-0.00101983430795372,-0.0346615741232199,-0.00412150633314923,-0.0202305015127422,-0.00361207430250943,0,-0.00987106002867222,0,0,0,0,0,0,0,0,0,0,0,0,0,0,-0.00826325779416948,0,0,0.00202251342125237,0,0,0,0,0,0,0,0,0,0,0,-0.0659175659529865,0,0,0,-0.0148726711049676,0,0,0,0,0,0,0,-0.00424384923826437
-0.00334651590674184,0,-0.0121030070004053,-0.00105303756436115,-0.00181774530938128,-0.128751771158363,-0.0630422661017747,-0.435740193706281,-0.0242339337419253,-0.0402864021258438,0.0016104520909721,-0.0137132580020989,0,-0.147556550845891,-0.000907553254393179,0,-0.00036628419184126,0,0,-0.00529796054206599,-0.0037848548963666,0,-0.0583642661858903,-0.00139382688212208,0,-0.000127627892652526,0,-0.041565465480744,-0.01438070149743,-0.0244561157287535,0,-0.00580268508429072,0,-0.0100588553364105,-0.000478977261082036,-0.0330352128657978,-0.0031841763848206,-0.0129254074308847,-0.00593131895766419,-0.0119586001901553,-0.000891869771294296,0.000520052271895111,0,0,0.00473994668573141,0.00213926960714161,0,0,-0.00048951234202832,0,0,0,0,0,0,0,0,0,0,0,0,0,0,0,0,0,0,0,0,0,0,0,-0.0133771845139563,0,0,0,0,0,0,0,0,0,0,0,0.000110519571990153
0,-0.0311813678708859,0,-0.00732865824579676,-9.65067447395995e-05,-0.00310802197782323,-0.00793919498391915,-0.0242339337419253,-0.00816916958297043,-0.0314246791476762,7.01896533428226e-05,-0.000592339147260645,-0.00116168896784075,-0.00475923502563091,-0.00323169570583559,-0.00126388831995428,0,0,0,-0.001828252678024,0,-0.0361955974422017,0,-0.158959600664602,-0.0408892552004545,-0.00228012120351195,-0.0628646233744803,-0.0589473644613463,-0.017224201441195,0,0,0,-0.000593263801420107,-0.00816624429717194,0,-0.0949993032227212,-0.000962843259912916,-0.00724051854922436,0,-0.0233243412221782,0,0,-0.00694059231318533,0,-0.000395838025724515,-0.000856761587783694,-0.00579005739200511,0,0,0,-0.0012839772971347,0,-0.00990651524080022,0,0,-0.0127273015823448,-0.0237760419258848,-0.0139906438771504,-0.0344989235454705,0,-0.00152534425433259,0,0,0,-0.00424598145764321,0,0,0,-0.00391949029290117,0,-0.00318105238693533,0,-0.144890720803232,0,0,0,-0.142945458737813,-0.000290951749775559,-0.00264670175965875,0,0,-0.0113954748958349,0,0,-0.0103844263212522
4.4623880967265e-05,0,0,-0.00927122248006995,-5.11579128215089e-06,0.0177636744374183,-0.0065772998001421,-0.0402864021258438,-0.0314246791476762,-0.0318092297692729,-0.00198742374777794,0.00260041023557278,0,0.00215834320579233,-0.00382829804311768,0,0,0,0,-0.0105900736934927,0.000243757735006511,0,0,0.00781368183950804,0,0,0,-0.018698544407755,-0.00505208220727127,2.43993235926609e-05,0,0,-0.000888597744051367,-0.0161264476837459,-0.00148511090264947,-0.0688758859191694,0,-0.0257630588748725,-0.00536575587466359,-0.0128595464287855,-0.00175702242995612,0,0,0,0,0,0.0661713278968818,0,0,0,0,0,0,0,0,0,0,-0.0198009685882425,0,0,0.0121145183220506,0,0,0,0,0,0,0,0,0,0,0,-0.0421969191811513,0,0,0,0,0,0,0,0,0,0,0,-0.00647616208880208
0,-0.00464945274870843,0,0,0,-0.00364609993994236,0,0.0016104520909721,7.01896533428226e-05,-0.00198742374777794,0.075060548170427,0,-0.0143626765628824,0.00298752775415778,0,0,0.00366595291416161,0.0464909410857217,0.00703217771479103,0,0,-5.61559645575471e-05,-0.000153048516949639,0,0.00234232308866922,0.0138124846413348,-0.000831763120004325,0,0.027112840776681,0,-0.00656046508629515,0.00643988275260199,0,0.0411529872799292,0,0.00354227441130206,0.00111898855743675,0.00940282354304145,0.00257751048957289,-0.000541829002031591,0,-0.00149195741687436,0,0.00149607107596239,0.000296698301099241,0,0,0,0.00227624890976585,0,0,0,0,0,0,0,0,0,0,0.000280978492810391,0,0.00437550846618251,0,0,0,0,0,0,0,0,0,0,0,-0.000652591716061579,-0.00217038643313572,-0.00517795141786337,0,0,0,-0.00697763098651194,0,0,0,0,0.00150803104043007
-0.000293458695523441,0,0,0.00840213081482943,-0.0055279087900999,0.0131793038017989,0.000369208220945438,-0.0137132580020989,-0.000592339147260645,0.00260041023557278,0,0.0594905015732223,0,9.70049659372307e-05,0.000465600433017244,0,0,0,0,0.0102921486416108,0,0,0,-0.000186292989383219,0,0,0,-0.00141432731106761,-0.000769380517340323,0,0,-0.000575642348849215,0,-0.00645567465107888,-0.057085960496579,-0.00676146023761248,0,-0.00376610000967048,-0.000818998552858829,-0.00360764710603689,-0.00329146414151182,-0.00199691206216812,0.00141611148137599,0,0,0,0.0138979376642965,0,0,0,0,0,0.00600331804162124,0,0,0,0,-0.000547925304090313,-0.00190023717004806,-0.000420881522586569,0.0119283058447763,0,0,0,0,0,0,0,0,0,0,0,-0.000539548840606585,0,0,0,-0.00132302159909159,0,0,0,0,0,0,-0.0127513622919651,-0.00573089346653433
0,-0.000495491854962893,0,0,0,0,0,0,-0.00116168896784075,0,-0.0143626765628824,0,-0.00974562697916781,0,0,0,0,0.000171769308508374,0,0,-0.00348585747997276,-0.00225414967280813,-0.00126567017287016,-0.00415846903342754,0.0033215299408198,-0.000823855796625139,0.00834200260267437,-0.00765210886311252,0.00236731674522161,-0.00329733930993825,-0.00425506071132986,0.000231632206123322,0,0.00649646350939292,0,0.000896826122698258,-3.17056728817988e-05,0.000243875476371613,-0.000641263904981315,-0.000659171782899648,0,0.00172497684616246,0,0.0050137801154051,0.000158021299284883,0.00136034551542252,-0.00384287658380345,0,0.00391243438934907,0,-0.00540335849655094,0,0,0,0,0,0,0,0,-0.000163656044605887,0,-0.118665673366422,0,0,0,0,0,0,0,0,-0.000120260476251133,-0.000677294039633125,-0.00247536995448172,-0.0169681834377116,-0.0066229674994247,-0.0240872810263681,-0.000947677821386606,0,0,-0.041144879467538,0,0,-0.000293027464067563,0,0
0.0443982867732302,0,-0.0205656221751269,0,0,-0.00422483761212789,-0.0338570279108126,-0.147556550845891,-0.00475923502563091,0.00215834320579233,0.00298752775415778,9.70049659372307e-05,0,0.0848885988644952,-0.0046745342478971,0,-0.00234489841386676,0.00167355360463262,0,-0.000594566188283352,-0.00532134213244717,0,-0.0981518465359841,-0.00719246465268952,0.00086064072092995,0.00120065387454815,0,-0.0102942864832585,0.0355437635480484,-0.0251524248637907,0,0.00680996297887759,0,0.00114429796940385,0,-0.00857350118894828,-0.00174015312222764,-0.0121211024707009,-0.000696352106388076,0.000499778267112561,0,-0.00024812831543386,0,0,0,0,0,0,0,0,0,0,0,0,0,0,0,-0.00176084181293845,0,0,0,0,0,0,0,0,0,0,0,0,0,0,0,0,0,0,0,0,0,0,0,0,0.00706912805617321,0,0
0,0,0,-0.0056745885667624,-0.009655877250907,-0.00953007311090914,-0.000113521113235038,-0.000907553254393179,-0.00323169570583559,-0.00382829804311768,0,0.000465600433017244,0,-0.0046745342478971,-0.00208849894079322,0,0,0,0,-0.00145686160976766,0,0,0,-0.0122235331139109,0,0,-0.0010969826253131,-0.0104897132550832,-0.00125073376693763,0,0,-0.000159105533384718,0,-0.00221129000419751,0.000128755794321478,-0.00968908517825184,0,0,0,-0.00761728635006875,0.000401130309910513,0,0,0,0,0,0,0,0,0,0,0,0,0,0,0,0,-0.000152870692545548,0,0,0.0121361178971711,0,0,0,0,0,0,0,0,0,0,0,0,0,0,0,0,0,0,0,0,0,0,-0.000560662796488032,0.000135691778268665
0,-0.0110760685929563,-5.75809244764969e-05,0,0,0,-0.00012530323874671,0,-0.00126388831995428,0,0,0,0,0,0,-0.0152052996334078,-0.000525768438819796,0,0,0,0.00974287545729169,-0.0342674085259205,0.00343410087589291,-0.0269096282684131,-0.00300367962336168,0,-0.092091804690881,-0.00513208541201493,0,-0.000430161278927699,0,0,0,-0.00156923235044815,-0.000425867852754891,-0.018761536742204,-0.0152986939938273,-0.0120336696563754,-0.0148204860306578,-0.000798736553406343,0,0,-0.0256013887701556,-0.0134504553279839,-0.00454814452677965,0,0,0,0,0,-0.0034765089803841,-0.00212950457353145,0,0,0,0,0,0,0,0,0,0,0,0,-0.237819655187195,0,0,0,0,-0.0279367446273682,-0.0142656971584074,-0.153304712577665,-0.051431188971037,0,0,-0.10073154627753,-0.0100321305799298,-0.00136555032804608,-0.00856925977859646,0,0,-0.00298031768761575,0,0,-0.0075486502610147
-0.000601075938902795,0,-0.0254921983886334,0,0,0,0,-0.00036628419184126,0,0,0.00366595291416161,0,0,-0.00234489841386676,0,-0.000525768438819796,-0.0176864042851435,0.00308895990565361,0.00949695968415654,0,-0.00411253019410651,0,-0.0664687634839538,0,0,-0.014062520302577,-0.0729873224170206,0,-0.0030461894639302,-0.00221135848551057,0,0,-0.0020894615445286,-0.028307880821103,0,-0.012065446957422,-0.00688081872613111,-0.0156189367316983,-0.0103017147193896,0,0,0,-0.000390887915273197,0,0,-0.00431051210034639,0,0,0,0,-0.00127807538956404,-0.00305256526917219,0,0,0,0,0,0,0,0,0,0,0,0,0,-0.00156402598440764,0,9.6408992249053e-05,0,0,-0.000753355387132615,2.13785297091817e-05,0,0,-0.00301997300857693,-0.0343963894956687,0,0,0,0,0,0,0,0,-0.00411569868447259
0,0.000166669284226373,0.000483168656046473,0,0,0,0,0,0,0,0.0464909410857217,0,0.000171769308508374,0.00167355360463262,0,0,0.00308895990565361,0.0285203086539809,0.0253255955867644,0,0,0,0.00134606438223273,0,-0.000188274105312303,0.00938722970477102,0.00491303852868441,0,0.0069528853346128,0,-0.00153937933100678,0.00161430254229344,0,0.0100235578233878,0,-0.00043399824971857,0.00333749326591715,0.010446634016489,0.0018951779256895,0,0,0.000463007963844575,0,0.000200491645955481,0,0,0,0,0,0,0,0,0,0,0,0,0,0,0,0,0,0,0,0,0,0,0,0,0,0,0,0,0,0,0,-0.00212511522840941,0,0,0,0,0,0,0,0,0
0,0,-0.00198009818632272,0,0,0,0,0,0,0,0.00703217771479103,0,0,0,0,0,0.00949695968415654,0.0253255955867644,0.0124526719453115,0,-8.32426521810703e-05,0,-0.00635119242360815,0,0,-0.0205399469525105,-0.00416487026086543,0,0.00362785540346522,0,0,0.000278162013273686,0,0.00231308721114942,0,-0.00899616984315799,-0.0078730518418979,-0.00393808110175087,-5.20883017998131e-05,0,0,0,0,0.000125412159832194,0,0,0,0,0,0,0,0,0,0,0,0,0,0,0,0,0,0,0,0,0,0,0,0,0,0,0,0,0,0,-0.000213317311136052,-0.00183426498551853,0,0,0,0,0,0,0,0,0
0,0,0,-0.000856269383731956,-0.000786298642196925,0.00259738112936247,0,-0.00529796054206599,-0.001828252678024,-0.0105900736934927,0,0.0102921486416108,0,-0.000594566188283352,-0.00145686160976766,0,0,0,0,-0.000185064421202696,0,0,0,9.04865844972846e-05,0,0,0,-0.000389281100069638,0.00030962372693466,0,0,0,0,-0.00437530198178138,0,-0.00516675051039783,0,-0.00145793704723474,-0.00129840965382755,-0.00371759351310175,0,0,0.000575132682570256,0,0,0,0.0187297089141794,0,0,0,0,0,0.0062518366612494,0,0,0,0,9.66352599789388e-05,0,0,0.0110956082353368,0,0,0,0,0,0,0,0,0,0,0,-0.00458620201970916,0,0,0,0,0,0,0,0,0,0,0,0
0.0002525391173549,-0.000557703548111022,-0.00708793780358974,0,0,0,0.000946071351336286,-0.0037848548963666,0,0.000243757735006511,0,0,-0.00348585747997276,-0.00532134213244717,0,0.00974287545729169,-0.00411253019410651,0,-8.32426521810703e-05,0,0.139732157338017,-0.00092239493096713,-0.117864704713845,-0.000758741452898448,0,0,-0.00786917387415542,-0.0132892061116081,-0.0144839785471049,-0.00827213009270622,0,0,-0.0036183513875585,-0.0278758225355773,-0.00573513170820661,-0.0869547525689995,-0.012028030206352,-0.0318167153272952,-0.0283593693536659,-0.0012976742182218,-0.000538987631443888,0,-0.0171779382508248,-0.00092784444859717,0,0,0,0,0,0,0,-0.000450459134299308,0,0,0,0,0,0,0,-0.00475873053073883,0,0,0,0,-0.063164500228595,0,0,0,0,-0.0204704098287039,-0.0152466507279314,-0.012775986269844,-0.0178375619580038,0,0,0,-0.00279205269180238,0,-0.0112463256227784,0,0,-0.00282879290170968,0,0,-0.0498017907129906
0,-0.024769780529823,-0.00156624242663383,0,0,0,0,0,-0.0361955974422017,0,-5.61559645575471e-05,0,-0.00225414967280813,0,0,-0.0342674085259205,0,0,0,0,-0.00092239493096713,-0.0490374885953315,-0.00158549012849107,-0.0971319351506281,-0.0372023922088829,-0.000840167922433466,-0.0706372861563977,-0.00691113312495872,0,0,-0.00326030456926674,0,0,-0.000336291952407919,0,-0.00444023823365569,-0.00359661752008833,-0.00199577573948773,-0.00208042399026453,0,0,0,-0.00136270918301307,-0.00453948936774395,0,0,0,0,0,0,-0.0074182706900956,0,0,0,0,-0.00309692486189306,0,-0.00559911480740993,0,0,0,5.94120974710677e-05,0,0,-0.0415048463873973,0,0,0,0,-0.00290569756180048,-0.0066815184072766,-0.00722868913544517,-0.0134083895645745,-0.00106563922599889,7.44332210160792e-05,-0.0520586565507983,-0.00552012433763593,-0.000879851635545492,-0.00231723580509424,0,0,0,0,0,-0.00282109086401761
-0.0196851110340504,-1.27175107991206e-05,-0.132589457701954,0,0,0,-0.0214127533199644,-0.0583642661858903,0,0,-0.000153048516949639,0,-0.00126567017287016,-0.0981518465359841,0,0.00343410087589291,-0.0664687634839538,0.00134606438223273,-0.00635119242360815,0,-0.117864704713845,-0.00158549012849107,-0.168223823974131,-0.0232465670799229,0,-0.00352676478587455,-0.143594370446976,-0.0442896084825861,-0.0814302016951842,-0.0718067235493436,0,0,-0.00228276999041555,-0.078140870795778,-0.00821186462417245,-0.249667139677513,-0.072328731532707,-0.174796246575625,-0.176505909219486,-0.00901822408195585,-0.00125622900668532,0,-0.00574066274566576,-0.00961013010964962,-0.00396090798312798,-0.00434685419895686,0,0,0,0,-0.000827638083137572,-0.00628836014402623,0,0,0,0,0,0,0,-0.00611974531784654,0,0,0,0,-0.0614562940882024,8.49728312459774e-05,0,0,0,-0.014453194446105,-0.0108370864763856,-0.0549147442324625,-0.0188983931438997,0,3.53623945557047e-05,-0.131753688787285,-0.000633477815426886,0,-0.00141083000926301,0,0,0,-0.000413036294048652,0,-0.110244499692271
0.000395392737118527,-0.0230829837382771,-0.00210941892146366,-0.00225586469201744,-0.00586512691370444,-0.00379899535619188,-0.0182999063963507,-0.00139382688212208,-0.158959600664602,0.00781368183950804,0,-0.000186292989383219,-0.00415846903342754,-0.00719246465268952,-0.0122235331139109,-0.0269096282684131,0,0,0,9.04865844972846e-05,-0.000758741452898448,-0.0971319351506281,-0.0232465670799229,-0.0895939056407116,-0.0152829798171297,0,-0.079326259181471,-0.0700472749491894,-0.0116916205184339,-0.00164884898549644,0,0,-0.00161021294661623,-0.0241059872072924,-0.00172465399373323,-0.0660408429585004,-0.000400335615267977,-0.0239519527094672,-0.000319791135552805,-0.0157002301857574,-0.000182917123311199,0,-0.17783658078406,-0.00240019004559144,-0.0261830592062324,-0.00354955950751901,0,0,0,0,0,0,-0.0277682953455951,0,-0.00537456059828401,-0.121685033402173,0,-0.0645130576413067,-0.0226343580579851,-0.00766132574062794,-0.0114991405862384,0,0,0,-0.0811590549710672,0,0,0,0.00225421646609902,-0.0185488021525089,-0.0247931519897975,-0.00221279339166358,-0.764647974065156,0,0,-0.0068398779258132,-0.550315802145633,0,-0.00494417053414509,0,0,-0.0585457619745284,0.00224059005267918,0,-0.0043891762761632
0,-0.0233833447819052,0,0,0,0,0,0,-0.0408892552004545,0,0.00234232308866922,0,0.0033215299408198,0.00086064072092995,0,-0.00300367962336168,0,-0.000188274105312303,0,0,0,-0.0372023922088829,0,-0.0152829798171297,-0.00182253475423977,-0.00230854595429264,-0.0291076735038232,0,0,0,-0.00543695142755496,0.000507687946083024,0,0.00434961492010189,0,-0.000374215334886685,-0.00461662602720025,-0.000671038260861678,0,0,0,0.00118030574958539,0,-3.70102425222285e-05,0.000956274685449898,0,0,0,0.00232089293422177,0,-0.00230208938774012,0,0,0,0,0,0,0,0,0.00355903556919657,0,-0.0212935509233603,0,0,0,0,0,0,0,0,0,0,0,-0.00360318056459619,-0.00818538192106644,-0.018025698197107,0,0,0,-0.00877712867804803,0,0,0.000881928484886885,0,0
0,-0.00191818108578445,0.0021278458144991,0,0,0,0,-0.000127627892652526,-0.00228012120351195,0,0.0138124846413348,0,-0.000823855796625139,0.00120065387454815,0,0,-0.014062520302577,0.00938722970477102,-0.0205399469525105,0,0,-0.000840167922433466,-0.00352676478587455,0,-0.00230854595429264,0.0616984860185799,-0.0376574804659526,0,0.00557653668511193,0,-0.00780863179534208,0.000572733657463687,-0.000409373722504824,0.00118738100115934,0,-0.0256915133090843,-0.0234128537179856,-0.00934839271779708,-0.00667659189343794,0,0,0,0,-0.00116045743561699,-0.000724040226486977,-0.000294123659841716,0,0,-0.000154278270201758,0,-0.0014031226746738,-0.00276451997706317,0,0,0,0,0,0,0,0.000506290758494288,0,0.00350371023523621,0,0,0,0.000429487499786774,0.000729550782125443,0.0026978402165696,0,0,0,0,0,-0.00403462569374824,-0.029670242274733,-0.119386895306832,0,0,0,-0.0113543266224951,0,0,0,0,-0.00311134074581787
0,-0.0641210136990367,-0.171835243501846,0,0,0,-0.00556621874056873,0,-0.0628646233744803,0,-0.000831763120004325,0,0.00834200260267437,0,-0.0010969826253131,-0.092091804690881,-0.0729873224170206,0.00491303852868441,-0.00416487026086543,0,-0.00786917387415542,-0.0706372861563977,-0.143594370446976,-0.079326259181471,-0.0291076735038232,-0.0376574804659526,-0.173834994542318,-0.0169977327514061,0.00406585205928423,-0.000648480548989028,-0.0254077636955117,0.0010658532846719,0,-0.0539198101016609,-0.00759819801896811,-0.247418114720404,-0.0781303809151268,-0.115901426328719,-0.205373296163884,-0.00521389441564679,0,0.000145948462886736,-0.0333222989866044,-0.0416743853720618,-0.0315323158647516,-0.0247361032816116,0,0,0,0,-0.108398862421382,-0.0699661740034117,0,0,0,0,0,0,0,-0.00248227367410436,0,-0.00449727236991748,0,0,-0.085113180357439,-0.00610740310548863,-0.00158321222988889,-5.85047237109393e-05,0,-0.0012628277472686,-0.0487862711888738,-0.0870753712897567,0,-0.0147739140375052,-0.176471085745391,-1.38448458650623,0,0,0,-0.00924280076287687,0,0,-0.00232067843899131,0,-0.0251620316776098
-7.16388749424368e-05,0,-0.00754535220767139,-0.00795413372452458,-0.000939954965360812,-0.00187263454381537,-0.0908266617422555,-0.041565465480744,-0.0589473644613463,-0.018698544407755,0,-0.00141432731106761,-0.00765210886311252,-0.0102942864832585,-0.0104897132550832,-0.00513208541201493,0,0,0,-0.000389281100069638,-0.0132892061116081,-0.00691113312495872,-0.0442896084825861,-0.0700472749491894,0,0,-0.0169977327514061,-0.112198175371134,-0.0126610078004887,-0.0383456318488129,0,0,-0.00357552905916236,-0.0305645157386607,-0.00236566975945607,-0.11258645979251,-0.000601354986429214,-0.030995852982187,-0.0100095133966533,-0.0176552224511397,-0.00428971246583387,-0.00353949284180999,-0.0578258910682052,0,0,0,0,0,0,-0.00339286588132381,0,0,0,0,0,0,0,-0.0898058597667841,0,-0.00425094994716346,0,0,0,0,-0.0140265546215232,0,0,0,0,0,-0.00468817621003836,0,-0.202306082879659,0,0,0,-0.0571776906726882,0,-0.00764783279737458,0,0,0,-0.00868568662554026,0,-0.0128832896252788
0.00593265489987971,0.000394251721445471,-0.0024484020723321,0.000279200185104855,0,0.00201731629567803,-0.0199316197886219,-0.01438070149743,-0.017224201441195,-0.00505208220727127,0.027112840776681,-0.000769380517340323,0.00236731674522161,0.0355437635480484,-0.00125073376693763,0,-0.0030461894639302,0.0069528853346128,0.00362785540346522,0.00030962372693466,-0.0144839785471049,0,-0.0814302016951842,-0.0116916205184339,0,0.00557653668511193,0.00406585205928423,-0.0126610078004887,0.0765173432982351,-0.0602563599277346,0.000178499190951698,0.0107313454288942,-0.00581182151603343,0.0189798383453592,0.000886609661392868,0.00100470654069795,-0.0015461746006622,-0.00684370572389525,0.00320907065361098,0.0021118687291164,0.001500232014223,-0.00475251500029117,0,0.00103673245757818,0.000750613806303591,0.00102501269429922,0,0,0,0,0,0,0,0,0,0,0,0,0,0,0,0,0,0,0,0,0,0,0,0,0,0,-0.0094709200784564,0,0,0,0,0,0,0,0,0,0.000924671068787575,0,-0.000205205553356791
0.0293682263502433,0,-0.00085334102914203,0,0,0,0.010205437925265,-0.0244561157287535,0,2.43993235926609e-05,0,0,-0.00329733930993825,-0.0251524248637907,0,-0.000430161278927699,-0.00221135848551057,0,0,0,-0.00827213009270622,0,-0.0718067235493436,-0.00164884898549644,0,0,-0.000648480548989028,-0.0383456318488129,-0.0602563599277346,0.00682724528570589,0,0,-0.0061285570709515,-0.0201600455191624,-0.00942555381334387,-0.0591703222272599,-0.00280778439628193,-0.0435763510445213,-0.00601698895479785,-0.00493774830829352,-0.00294171820860356,0,-0.00530046597123146,0,0,0,0,0,0,0,0,0,0,0,0,0,0,-0.000256972212810069,0,0,0,0,0,0,-0.0187840542057529,0,0,0,0,-0.000268585718004033,0,0,-0.00114755181130022,0,0,0,0,0,0,0,0,0,0,0,-0.0409325754953898
0,-0.000501724349305732,0,0,0,0,0,0,0,0,-0.00656046508629515,0,-0.00425506071132986,0,0,0,0,-0.00153937933100678,0,0,0,-0.00326030456926674,0,0,-0.00543695142755496,-0.00780863179534208,-0.0254077636955117,0,0.000178499190951698,0,-0.00571829939011081,5.74627047171816e-05,0,-0.000467587713501416,0,0,-0.00578086739642458,-0.00141309575519699,0,0,0,0,0,3.97092417756539e-05,0,0,0,0,0,0,-0.00674837763654068,0,0,0,0,0,0,0,0,0.000254837941611186,0,-0.0159774230114635,0,0,0,0,0,0,0,0,0,0,0,-0.0263791698089335,-0.0510711460347011,-0.0482893564621918,0,0,0,-0.0493114992423216,0,0,0,0,0
0,0,0,0,-0.000578469981519447,-0.00303185726534139,0,-0.00580268508429072,0,0,0.00643988275260199,-0.000575642348849215,0.000231632206123322,0.00680996297887759,-0.000159105533384718,0,0,0.00161430254229344,0.000278162013273686,0,0,0,0,0,0.000507687946083024,0.000572733657463687,0.0010658532846719,0,0.0107313454288942,0,5.74627047171816e-05,-0.00169015776737069,0,-0.0115684869560937,0,-0.0160944355096717,-0.00157432607375085,-0.00400814323802479,0.00144849991193041,-0.00602558126593067,-0.0024122137692757,-0.00112604472451494,-0.000319312472129241,0,0,0.00173834164161235,0,0,0.000130072381580248,0,0,0,0,0,0,0,0,0,0,0,0,0,0,0,0,0,0,0,0,0,0,0,0,0,0,0,0,0,0,0,0,0,0,0,-0.000902497464267071
0,-0.000220245114178397,0,0,0,0,0.000496391265187413,0,-0.000593263801420107,-0.000888597744051367,0,0,0,0,0,0,-0.0020894615445286,0,0,0,-0.0036183513875585,0,-0.00228276999041555,-0.00161021294661623,0,-0.000409373722504824,0,-0.00357552905916236,-0.00581182151603343,-0.0061285570709515,0,0,-0.000101636258250437,-0.00362967198452679,-0.000787078111898154,-0.000206151511520147,0,-0.00034051132388413,6.62678794469684e-05,-0.00140373106114566,0,0,0,0,0,0,0,0,0,0,0,0,0,0,0,0,0,0,0,0,0,0,0,0,0,0,0,0,0,0,0,0,-0.00249734777025878,0,0,0,0,0,0,0,0,0,0,0,0
-0.00108367204666138,-0.00295634517533472,-0.00906761884334628,0.00094693637220189,-0.0149940374976723,-0.0214399230731033,-0.0295554671465652,-0.0100588553364105,-0.00816624429717194,-0.0161264476837459,0.0411529872799292,-0.00645567465107888,0.00649646350939292,0.00114429796940385,-0.00221129000419751,-0.00156923235044815,-0.028307880821103,0.0100235578233878,0.00231308721114942,-0.00437530198178138,-0.0278758225355773,-0.000336291952407919,-0.078140870795778,-0.0241059872072924,0.00434961492010189,0.00118738100115934,-0.0539198101016609,-0.0305645157386607,0.0189798383453592,-0.0201600455191624,-0.000467587713501416,-0.0115684869560937,-0.00362967198452679,0.0355683108437006,-0.00568083224879956,-0.0251787948438675,-0.00770689161709015,-0.00842019370747948,-0.0115758151059708,-0.0352687604718085,-0.0041729684562597,-0.00164927280275151,0.00300654104466958,0.00109090077603469,0.0203531568695325,0.00715549945016392,-0.00587422570970375,0,0,0,-0.00544687281944789,-0.00778233676101081,0,0,0.000570223084650934,0,0,0,0,0,-9.68922322499566e-05,0.00102159012749325,0,0,0,0,0,0,0,0,-0.00105266680475324,-0.00194156491625108,0,0.00100155654786249,5.95563469687477e-05,-0.0104000386054395,-0.000724256446119398,0,0,0.000136441231006756,0,0,0.00858895832789131,-0.00238168146461248,-0.00696380860335921
0,0,0,0,0,-0.0283193697717934,-0.00133736338466406,-0.000478977261082036,0,-0.00148511090264947,0,-0.057085960496579,0,0,0.000128755794321478,-0.000425867852754891,0,0,0,0,-0.00573513170820661,0,-0.00821186462417245,-0.00172465399373323,0,0,-0.00759819801896811,-0.00236566975945607,0.000886609661392868,-0.00942555381334387,0,0,-0.000787078111898154,-0.00568083224879956,-1.4973190522897,-0.0318302789496556,-0.0278573363636951,-0.0209945003646226,-0.0303034475118551,-0.00271982031699736,-0.00240128149016527,0,0.00190369671508961,0.00151975129847415,-0.000485625118017197,-0.0155966339768838,0.000528789081727155,0,0,0,0,0,0,0,-0.000649403602437815,0,0,0,0,-0.000567459093872458,-0.00957718642985128,0,0,0,0,0,0,0,0,0,0,0,0,0,0,0,0,0,0,0,0,0,0.000311863870592788,-0.677827587410405,-0.448370901606111
0,-0.00429600104689598,-0.0509814884953812,0.00257247015906614,-0.0321171803225297,-0.0725995561479067,-0.0961816340341102,-0.0330352128657978,-0.0949993032227212,-0.0688758859191694,0.00354227441130206,-0.00676146023761248,0.000896826122698258,-0.00857350118894828,-0.00968908517825184,-0.018761536742204,-0.012065446957422,-0.00043399824971857,-0.00899616984315799,-0.00516675051039783,-0.0869547525689995,-0.00444023823365569,-0.249667139677513,-0.0660408429585004,-0.000374215334886685,-0.0256915133090843,-0.247418114720404,-0.11258645979251,0.00100470654069795,-0.0591703222272599,0,-0.0160944355096717,-0.000206151511520147,-0.0251787948438675,-0.0318302789496556,-0.0442610344384775,-0.113610516794324,-0.0556938075864082,-0.0301696340710009,-0.120990594006344,-0.0247185970956707,-0.00453962865867652,-0.0415585804876173,-0.00199736429203767,-0.0128572371322662,0.00443962555073085,0,0,-0.000154781155288219,-0.003446796676144,-0.00643569370731711,-0.00728010913007893,0.00134964205790311,0,0.00106918811798096,-0.0177274997331551,0,-0.0625757386660553,0,-0.000827184143417981,0.00119084157631733,0,0,0,-0.038518247223692,-8.88523209141567e-05,0,0,0,-0.00666637584072305,-0.0085563703905791,-0.00453703076345846,-0.161074304509384,0,-0.00381134156486951,-0.036501772061456,-0.0825272905676684,0,-0.00811294199957047,0,0,-0.00303318258374929,0,-0.000428878224511209,-0.0129189734361717
0.000135617767227814,-0.00315547176069231,-0.0295239871556987,0,-0.00164721869805362,-0.000939104880671948,-0.00101983430795372,-0.0031841763848206,-0.000962843259912916,0,0.00111898855743675,0,-3.17056728817988e-05,-0.00174015312222764,0,-0.0152986939938273,-0.00688081872613111,0.00333749326591715,-0.0078730518418979,0,-0.012028030206352,-0.00359661752008833,-0.072328731532707,-0.000400335615267977,-0.00461662602720025,-0.0234128537179856,-0.0781303809151268,-0.000601354986429214,-0.0015461746006622,-0.00280778439628193,-0.00578086739642458,-0.00157432607375085,0,-0.00770689161709015,-0.0278573363636951,-0.113610516794324,-0.0159527477508163,-0.0225471491702223,-0.0484637831889358,-0.0127221334259957,0,0.000563008557946887,-0.00310851831454784,-0.00809605662016111,-0.000145239057019353,0.000257567997323349,0,0,0.000847034563776106,0,-0.0065216570510529,-0.003503795243887,0,0,0,0,0,0,0,0,0,-0.00137934065423906,0,0,-0.0116185511724325,-1.42868411785457e-05,0,0,0,-0.000564901332836598,-0.0002059853868559,-0.00432447271941783,-0.00466821520240046,-0.00140093750087544,-0.00574150276952423,-0.0676173683386878,-0.000401374418288469,0,0,7.4000854510814e-05,0,0,0.00123711641754198,-0.00293062429409474,-0.0989249584054051
-0.00322404887992889,-0.00222787682923808,-0.0330538743482975,-0.00275953800883144,-0.00560563385079149,-0.00639481749021797,-0.0346615741232199,-0.0129254074308847,-0.00724051854922436,-0.0257630588748725,0.00940282354304145,-0.00376610000967048,0.000243875476371613,-0.0121211024707009,0,-0.0120336696563754,-0.0156189367316983,0.010446634016489,-0.00393808110175087,-0.00145793704723474,-0.0318167153272952,-0.00199577573948773,-0.174796246575625,-0.0239519527094672,-0.000671038260861678,-0.00934839271779708,-0.115901426328719,-0.030995852982187,-0.00684370572389525,-0.0435763510445213,-0.00141309575519699,-0.00400814323802479,-0.00034051132388413,-0.00842019370747948,-0.0209945003646226,-0.0556938075864082,-0.0225471491702223,-0.00658500354239777,-0.0179237593879904,-0.0105681866043597,-0.00106040237369598,1.83743395609781e-05,-0.00384078867500648,-0.00142420144402422,0.00424392650893424,-0.00185302359750494,-0.000110129883978516,0,0.00127647107001394,0,-0.00347608153242618,-0.00886299868579954,0,0,0,0,0.000696012022672221,-0.00882397967507131,0,-0.00299456377979368,0,-3.63533617928624e-05,0,0,-0.0178629495785572,0,0,0,0,0,0,-0.00440218004223425,-0.00357686728239059,-0.00315367039002012,-0.000153300243255217,-0.0427067644595809,0,0,0,5.45664079254493e-05,0.00168066937476397,0,0.000277629537777102,0.00103126734029502,-0.00625057531965467
-7.1478119934909e-05,-0.000933635310502723,-0.0359670420839393,0,0,-0.00119798046944197,-0.00412150633314923,-0.00593131895766419,0,-0.00536575587466359,0.00257751048957289,-0.000818998552858829,-0.000641263904981315,-0.000696352106388076,0,-0.0148204860306578,-0.0103017147193896,0.0018951779256895,-5.20883017998131e-05,-0.00129840965382755,-0.0283593693536659,-0.00208042399026453,-0.176505909219486,-0.000319791135552805,0,-0.00667659189343794,-0.205373296163884,-0.0100095133966533,0.00320907065361098,-0.00601698895479785,0,0.00144849991193041,6.62678794469684e-05,-0.0115758151059708,-0.0303034475118551,-0.0301696340710009,-0.0484637831889358,-0.0179237593879904,-0.00616852976918381,0.00198872808687156,0.0015280859079212,-0.000366288366421941,-0.00263970508967759,0.000335616372467484,0.0113067490019603,0.000720757826002227,0,0,-0.000414599984651431,0,0,-0.00104196575193782,0,0,0,0,0.002595788333565,-0.00733405025675893,0,0.000197394954739138,0,0,0,0,-0.00203131092712283,0,0,0,0,0,-0.0047038794727996,-0.00646322719694581,-0.00109922105912119,0,0.000124610582133755,-0.031096775244805,0,0,0,0,0,0,0.00337984094221611,-0.0309024081470852,-0.0974168048774118
2.1637302779709e-05,-0.00158614839892834,0,-0.0034677238400036,-0.013461998612911,-0.0313955723840991,-0.0202305015127422,-0.0119586001901553,-0.0233243412221782,-0.0128595464287855,-0.000541829002031591,-0.00360764710603689,-0.000659171782899648,0.000499778267112561,-0.00761728635006875,-0.000798736553406343,0,0,0,-0.00371759351310175,-0.0012976742182218,0,-0.00901822408195585,-0.0157002301857574,0,0,-0.00521389441564679,-0.0176552224511397,0.0021118687291164,-0.00493774830829352,0,-0.00602558126593067,-0.00140373106114566,-0.0352687604718085,-0.00271982031699736,-0.120990594006344,-0.0127221334259957,-0.0105681866043597,0.00198872808687156,-0.00107135216921961,0.00213126261041907,-0.00837452511768788,-0.00134520349092782,0,0,0,0.00351771197165363,-0.00197507021948695,-0.000624758482445031,0,0,0,0.0108224332470854,0,0,-0.0162281952798367,0,0,0.0326828632096294,-0.0272669672849588,0.0108031298877904,0,0,0.00157218945969362,0,0,0,0,0.00980992225231603,0,0,0,-0.0534611781185959,0,0,0,0.0195522435824387,0,0,0,0,0,0,0,0.000297289720037952
0,0,0,-1.44057585202972e-05,-0.0100342490069352,-0.000561500899493694,-0.00361207430250943,-0.000891869771294296,0,-0.00175702242995612,0,-0.00329146414151182,0,0,0.000401130309910513,0,0,0,0,0,-0.000538987631443888,0,-0.00125622900668532,-0.000182917123311199,0,0,0,-0.00428971246583387,0.001500232014223,-0.00294171820860356,0,-0.0024122137692757,0,-0.0041729684562597,-0.00240128149016527,-0.0247185970956707,0,-0.00106040237369598,0.0015280859079212,0.00213126261041907,0.000216848056879826,0,0,0,0,0,0,0,0,0,0,0,0,0,0,0,0,0,0,0,0,0,0,0,0,0,0,0,0,0,0,0,0,0,0,0,0,0,0,0,0,0,0,0,0.00222871232472244
0,0,0,0,0,-0.00239544571377337,0,0.000520052271895111,0,0,-0.00149195741687436,-0.00199691206216812,0.00172497684616246,-0.00024812831543386,0,0,0,0.000463007963844575,0,0,0,0,0,0,0.00118030574958539,0,0.000145948462886736,-0.00353949284180999,-0.00475251500029117,0,0,-0.00112604472451494,0,-0.00164927280275151,0,-0.00453962865867652,0.000563008557946887,1.83743395609781e-05,-0.000366288366421941,-0.00837452511768788,0,0,0,0.000575990216020728,0.00372453752333968,0.000765127173508517,-0.00312097388086841,0,6.4035011746455e-05,0,0,0,0,0,8.95293851499446e-05,0,0,0,0,0.000508788740262389,0,0.00122219452168792,0,0,-0.0013608142035082,0,0,0,0,0,0,0,-0.00288293650373816,0.000646792337647639,0,0,0,0.000443040247773752,0,0.00040884135523811,0.000778888621425722,0,0.00640570418909192,0,0
0,-0.00350064010126516,-0.00345162658777554,0.00049000553553924,0,0,-0.00987106002867222,0,-0.00694059231318533,0,0,0.00141611148137599,0,0,0,-0.0256013887701556,-0.000390887915273197,0,0,0.000575132682570256,-0.0171779382508248,-0.00136270918301307,-0.00574066274566576,-0.17783658078406,0,0,-0.0333222989866044,-0.0578258910682052,0,-0.00530046597123146,0,-0.000319312472129241,0,0.00300654104466958,0.00190369671508961,-0.0415585804876173,-0.00310851831454784,-0.00384078867500648,-0.00263970508967759,-0.00134520349092782,0,0,-0.0220397947632591,-0.0414595465742877,-0.0296403021011429,-0.0144942904196341,-0.0297190232997764,-0.0016459803282487,-0.000256037179497071,-0.00446285982616246,-0.000393719361454714,-0.0141381957510021,0.000657605487504043,-0.000726296624634415,-0.0112302757315774,-0.0699129477575298,-0.0173073410624056,-0.0268211220827652,-0.00765597449208144,-0.00525298997763457,0.0176520994937164,0,-0.0191149073489214,-0.00131106813751103,-0.0301758085934125,0.000831218980238191,0.0100904543069191,0.0121815827151295,0.00370346842100844,-0.0406648369862239,-0.00235981238074601,-0.124241674820212,-0.0664828927510825,0,0.00813330739322282,-0.103948459048041,-0.159831034122362,-0.0159856338996178,-0.0624417207992565,0,-0.017704583205159,0,-0.0162405270748422,-0.013715708439122,-0.0254285002857841
0,0.000287123227508346,-0.00106991933716927,0,0,0,0,0,0,0,0.00149607107596239,0,0.0050137801154051,0,0,-0.0134504553279839,0,0.000200491645955481,0.000125412159832194,0,-0.00092784444859717,-0.00453948936774395,-0.00961013010964962,-0.00240019004559144,-3.70102425222285e-05,-0.00116045743561699,-0.0416743853720618,0,0.00103673245757818,0,3.97092417756539e-05,0,0,0.00109090077603469,0.00151975129847415,-0.00199736429203767,-0.00809605662016111,-0.00142420144402422,0.000335616372467484,0,0,0.000575990216020728,-0.0414595465742877,0.00643564422967913,0.00459860198634487,0.00403161212580017,-0.00071641203757622,0,0.00490136234657257,0,0.000172867243236396,0.00447018369413854,0,0,0,-0.0125114904512884,-0.0059918264450971,-0.00141795992385596,0,0.0102808395085958,0,0.000692602101025841,0.00238207753864117,0,-0.00550874166037829,0.00720189730782295,0.0170541577190875,0.0146145413118575,0,-0.0077301247433752,-0.00144960545003414,-0.0261430325908805,-0.00530410694773309,0.00680280901360675,0.0484540123650561,-0.01297422919545,-0.00253462987529929,-6.30493595963344e-05,-0.00181943364077597,-0.00378194590803105,0.00163206888828427,-0.000878631137311459,0.00306556982286565,0.000666836148411676,-0.00889634114719229
0,0.000829763943329453,-0.00286319165024906,0,0,0.00164808926638216,0,0.00473994668573141,-0.000395838025724515,0,0.000296698301099241,0,0.000158021299284883,0,0,-0.00454814452677965,0,0,0,0,0,0,-0.00396090798312798,-0.0261830592062324,0.000956274685449898,-0.000724040226486977,-0.0315323158647516,0,0.000750613806303591,0,0,0,0,0.0203531568695325,-0.000485625118017197,-0.0128572371322662,-0.000145239057019353,0.00424392650893424,0.0113067490019603,0,0,0.00372453752333968,-0.0296403021011429,0.00459860198634487,0.000702765390997229,0.00186799216021427,-0.00638457602144626,-0.000309017326799221,0.00146109235447511,5.1557959523052e-05,0.004751903747092,-0.00814151860322454,0.00165760000209048,0,-0.00149237929144874,-0.043748562628025,-0.00264808477550105,-0.00254581752233207,-0.00170291201357031,0.0339340134428312,-0.0088869559494924,0.00538274154132523,-0.00878361855359344,-0.009879763238132,-0.00577685800453764,0.0202161936022094,0.0423250179019306,0.0267790205452911,-0.00329424875963014,-0.0143482973331857,0.00135887932265177,0.00517176920629936,-0.0250119411066407,0.00559853782760911,0.0196879422726965,0.00289396965013111,-0.0796366494122935,-0.0095680648397547,-0.0166512885034535,-0.00159424038088218,-0.00492849152124109,0.000148552888276754,-0.00331772113418083,-0.0023144603073888,-0.0034482201517676
0,-0.00217237160541117,0.00100958865368739,0,0,0.000545087561476976,0,0.00213926960714161,-0.000856761587783694,0,0,0,0.00136034551542252,0,0,0,-0.00431051210034639,0,0,0,0,0,-0.00434685419895686,-0.00354955950751901,0,-0.000294123659841716,-0.0247361032816116,0,0.00102501269429922,0,0,0.00173834164161235,0,0.00715549945016392,-0.0155966339768838,0.00443962555073085,0.000257567997323349,-0.00185302359750494,0.000720757826002227,0,0,0.000765127173508517,-0.0144942904196341,0.00403161212580017,0.00186799216021427,-0.00505550220987061,-0.0172584631723112,-0.00323397402462433,-1.05820686258085e-06,0,-0.00177568239814718,0.00261839886297821,0,0,-0.000206782067834865,-0.0179255983534858,0.00178189598955214,-0.00347714163945056,-0.000698081770678982,-0.0172170285009088,-0.000279287691228092,-3.92412475775927e-05,-0.00177670372795546,-0.000341034872690216,-0.014321450918942,0.0181775542114337,0.0155159699061187,0.00891044656873419,-0.000819597393274307,-0.0190815091555123,-0.00133555359207094,-0.110930859332711,-0.00685318422620185,0.000740719762006847,0.0157660715136672,-0.0258669178815296,-0.0429081720781141,-0.00234974495469942,-0.00461296356661478,0.000650969202979468,-0.00659105455270037,-0.00188889051787555,0.00293795541801956,-0.0228512786791271,-0.0854304248073277
0,0,0,0.00582015323016094,0.00268565793521702,0.00324680563062429,0,0,-0.00579005739200511,0.0661713278968818,0,0.0138979376642965,-0.00384287658380345,0,0,0,0,0,0,0.0187297089141794,0,0,0,0,0,0,0,0,0,0,0,0,0,-0.00587422570970375,0.000528789081727155,0,0,-0.000110129883978516,0,0.00351771197165363,0,-0.00312097388086841,-0.0297190232997764,-0.00071641203757622,-0.00638457602144626,-0.0172584631723112,-0.0141686033747987,-0.00239615688769845,-0.0031722429812362,-0.00025589283904992,0,0,0.00387614253668289,-0.0281295378772484,-0.0234512337597153,-0.0172125561030043,-0.00661009701047988,-0.00265571092751316,0.00330273715151463,-0.0200934876602332,0.0102238667351457,-0.000681869052641559,-0.00383996394725727,-0.0129820709307751,0,0,0,0,0.00588625928503461,-0.00629526469856501,-0.000857484425068833,-0.00143454596400261,-0.0244737648708906,0,0,0.00102191267069429,-0.0502298978899489,-0.00204405458862311,-0.00108159717092349,0,-0.00543337628550944,0,0.000163183161930647,-0.00482868288418103,-0.00117914516522433
0,0,0,0,0,0,0,0,0,0,0,0,0,0,0,0,0,0,0,0,0,0,0,0,0,0,0,0,0,0,0,0,0,0,0,0,0,0,0,-0.00197507021948695,0,0,-0.0016459803282487,0,-0.000309017326799221,-0.00323397402462433,-0.00239615688769845,0,0,0,0,0,0,-0.000969898272160208,0,-0.00566403986886144,0,0,-0.000579054525587708,0.000881849957295344,0,0,-0.000703675381373614,0,0,0,0,0,-0.000685989332851022,0,0,0,0,0,0,0,-0.00320535592618398,0.00109018060902599,-0.00364581262692809,0,-0.00332908448763192,0,0.000552889556274749,-0.0044187360072101,0.000281280174021958
0,0,0,0,0,-0.00173343427013606,0,-0.00048951234202832,0,0,0.00227624890976585,0,0.00391243438934907,0,0,0,0,0,0,0,0,0,0,0,0.00232089293422177,-0.000154278270201758,0,0,0,0,0,0.000130072381580248,0,0,0,-0.000154781155288219,0.000847034563776106,0.00127647107001394,-0.000414599984651431,-0.000624758482445031,0,6.4035011746455e-05,-0.000256037179497071,0.00490136234657257,0.00146109235447511,-1.05820686258085e-06,-0.0031722429812362,0,-0.000112628385977587,0,0.00174342398531735,0,0,0,0,0,0.000437762239016593,0.00010035451487056,0,0.00365382789459545,0,0.00370351571837091,0,0,0,0,0,0,0.00368364946916699,-7.64473661547527e-05,-9.88098508969415e-06,0,-0.00257164449431002,0.00909440439136233,9.0300221927464e-05,-0.0045454315841198,-0.00100238702725619,0.000836756604257971,0,-7.63802308938466e-05,-0.000374622963136062,0,0.00120393983161193,0,0
0,0,0,0,0,0,0,0,0,0,0,0,0,0,0,0,0,0,0,0,0,0,0,0,0,0,0,-0.00339286588132381,0,0,0,0,0,0,0,-0.003446796676144,0,0,0,0,0,0,-0.00446285982616246,0,5.1557959523052e-05,0,-0.00025589283904992,0,0,0.0205307543130857,0,0.000534270599018782,0,0,0,0.00535043107811362,0.00670141223963583,-0.000352412753272802,0,-0.000374363648006693,0,0,0.0198034303930399,0,0,-0.0027642915956676,0,0,0,-0.00226840912364423,0,-0.00347031353885541,0,0,-0.0020283097110223,-0.000446527701569721,-0.000814676579466322,0.00668716645759559,0.00676194694824517,0,0,-0.000787374854553491,0.000197489178390242,0,-0.000433214823715389
0,-0.0109971071665314,-0.001654232153669,0,0,0,0,0,-0.0012839772971347,0,0,0,-0.00540335849655094,0,0,-0.0034765089803841,-0.00127807538956404,0,0,0,0,-0.0074182706900956,-0.000827638083137572,0,-0.00230208938774012,-0.0014031226746738,-0.108398862421382,0,0,0,-0.00674837763654068,0,0,-0.00544687281944789,0,-0.00643569370731711,-0.0065216570510529,-0.00347608153242618,0,0,0,0,-0.000393719361454714,0.000172867243236396,0.004751903747092,-0.00177568239814718,0,0,0.00174342398531735,0,-7.86182768024446e-05,0,0,0,0,0,0,-0.0209439616128293,0,0,0,-0.00385964172892272,0.00223902356810868,0,-0.0101233660316211,-0.00236481329193339,0,0.000158513401402161,0,0,-0.0180844464739494,-0.00104603233012313,-0.0157593841876178,-0.00195627126231557,-0.000577773309487384,-0.0563619695002444,-8.97995487321168e-05,0,0,-0.00111112231388688,0,0,0.00534431799314916,0,0
0,-0.00261150978622027,-0.0076983431717963,0,0,0,0,0,0,0,0,0,0,0,0,-0.00212950457353145,-0.00305256526917219,0,0,0,-0.000450459134299308,0,-0.00628836014402623,0,0,-0.00276451997706317,-0.0699661740034117,0,0,0,0,0,0,-0.00778233676101081,0,-0.00728010913007893,-0.003503795243887,-0.00886299868579954,-0.00104196575193782,0,0,0,-0.0141381957510021,0.00447018369413854,-0.00814151860322454,0.00261839886297821,0,0,0,0.000534270599018782,0,0.0206087730928459,0,0,0,-0.0804527277418856,-0.00391568047052715,0,-0.000794995838077739,-0.000466454424895346,0,0,-0.016133902495767,0,-0.000262450223090127,0.0534557808418867,0,0.00638460310983646,0,-0.00367826863657683,0,0.0665146015883238,-0.000150096107972786,0,0.0124015674186353,0.0371173556154076,-0.0182431229804934,-0.00575616932474077,-0.00341904519882519,0,0,-0.000771128106862307,0.00250149221392348,0,-0.00290225842036307
0,0,0,0,0,0,0,0,-0.00990651524080022,0,0,0.00600331804162124,0,0,0,0,0,0,0,0.0062518366612494,0,0,0,-0.0277682953455951,0,0,0,0,0,0,0,0,0,0,0,0.00134964205790311,0,0,0,0.0108224332470854,0,0,0.000657605487504043,0,0.00165760000209048,0,0.00387614253668289,0,0,0,0,0,0.0194820822790689,0,0.000587632313454378,0.00152607832569629,-0.00299655444894142,-0.0116589331446448,0.0108695198878195,0,0.0243513710308889,0,0.00014318498870125,0.00154426880635583,0,0,0,0,0.0222659599867256,0,0,0,-0.00951003781892723,0,0,-0.000306097645079717,-0.0058226605064533,-0.00099572294857353,0,0,0,0,-0.000999124837107956,0,-0.000101354940852616
0,0,0,0,0,0,0,0,0,0,0,0,0,0,0,0,0,0,0,0,0,0,0,0,0,0,0,0,0,0,0,0,0,0,0,0,0,0,0,0,0,0,-0.000726296624634415,0,0,0,-0.0281295378772484,-0.000969898272160208,0,0,0,0,0,-0.00224424574798832,-0.00111779184953775,0,-0.00129618914888852,-0.00147295580245554,0,0,-0.00106876471545547,0,0,-0.0036110876873181,0,0,0,0,0,0,0,0,0,0,0,0,0,0,0,0,-0.00318257789240306,0,-0.0142819344619056,0,-0.000856117403600365
0,0,0,0,0,0,0,0,0,0,0,0,0,0,0,0,0,0,0,0,0,0,0,-0.00537456059828401,0,0,0,0,0,0,0,0,0,0.000570223084650934,-0.000649403602437815,0.00106918811798096,0,0,0,0,0,8.95293851499446e-05,-0.0112302757315774,0,-0.00149237929144874,-0.000206782067834865,-0.0234512337597153,0,0,0,0,0,0.000587632313454378,-0.00111779184953775,0.124163494906384,0.00637257819107617,0.0257218575860634,0,0.136311003502442,-0.00143041962292045,0.0183433039994725,0,-0.00317361493307544,-0.00446212576378002,0,0,0,0,0.00311078652157448,0,0,0,0.000777632230892777,0,0,0,0.0108714037414757,0.00207935215803445,0,0,-0.00371111639833543,0,-0.0133505810663337,0.000476502285678748,-0.00106415502705204
0,0,0,0,0,0,0,0,-0.0127273015823448,0,0,0,0,0,0,0,0,0,0,0,0,-0.00309692486189306,0,-0.121685033402173,0,0,0,0,0,0,0,0,0,0,0,-0.0177274997331551,0,0,0,-0.0162281952798367,0,0,-0.0699129477575298,-0.0125114904512884,-0.043748562628025,-0.0179255983534858,-0.0172125561030043,-0.00566403986886144,0,0.00535043107811362,0,-0.0804527277418856,0.00152607832569629,0,0.00637257819107617,0.0811051840999966,-0.00990482528862913,-0.0036340534206829,0.0770578576703329,-0.00304168520960957,-0.000380950326871243,0,-0.0290030922640199,-0.000871688476763666,0.000194312290659582,-0.000489425270643551,0,-0.000214917660741776,-5.88153634453192e-05,-0.0161562040557328,0,-0.0940711170573252,-0.00880187742404814,0,-0.00687604804261355,-0.00631673921452602,-0.114895488813943,-0.0147710670053129,0.0520140323138776,0,0,-0.0020468569782679,-0.0221857309913958,-0.00300672475714236,-0.00980339113448281
0,0,0,0,0,0,0,0,-0.0237760419258848,0,0,0,0,0,0,0,0,0,0,0,0,0,0,0,0,0,0,0,0,0,0,0,0,0,0,0,0,0.000696012022672221,0.002595788333565,0,0,0,-0.0173073410624056,-0.0059918264450971,-0.00264808477550105,0.00178189598955214,-0.00661009701047988,0,0.000437762239016593,0.00670141223963583,0,-0.00391568047052715,-0.00299655444894142,-0.00129618914888852,0.0257218575860634,-0.00990482528862913,-0.0492924909342776,-0.0104640625650063,0.0388895980267989,-8.77270722412504e-05,0.00198529416229576,0,0.061208015294028,-0.000906838758965023,0,0,0,0,0.00341180613168035,-0.000257169711403549,0,-0.00397364658419974,-0.00188130471360637,0,0,0,-0.00848100783241534,-0.00211721637970186,-0.00355461782964994,0,-0.00490236669611477,0,0.00353783040191047,-0.000396310206269845,-0.0015480718834624
0,-5.31066543771885e-05,0,-0.000261083710938692,0,-0.00330469547770917,-0.00826325779416948,0,-0.0139906438771504,-0.0198009685882425,0,-0.000547925304090313,0,-0.00176084181293845,-0.000152870692545548,0,0,0,0,9.66352599789388e-05,0,-0.00559911480740993,0,-0.0645130576413067,0,0,0,-0.0898058597667841,0,-0.000256972212810069,0,0,0,0,0,-0.0625757386660553,0,-0.00882397967507131,-0.00733405025675893,0,0,0,-0.0268211220827652,-0.00141795992385596,-0.00254581752233207,-0.00347714163945056,-0.00265571092751316,0,0.00010035451487056,-0.000352412753272802,-0.0209439616128293,0,-0.0116589331446448,-0.00147295580245554,0,-0.0036340534206829,-0.0104640625650063,-0.010347275861335,0.00120910379540629,-0.00652629649266601,-0.00501095568870369,-0.000255214632488787,-0.00390006724046543,0.000406984814617317,-0.000277735060080886,0,0,0,-0.00186788407154381,0,-0.0335658516978583,0,-0.119257688471578,-0.00549219218373764,0,-0.0199815760677211,-0.0776848302639337,-0.00311610585777089,0,0,0,0,0.0119635163573548,0,-0.00592028989922255
0,0,0,0,0,0,0,0,-0.0344989235454705,0,0,-0.00190023717004806,0,0,0,0,0,0,0,0,0,0,0,-0.0226343580579851,0,0,0,0,0,0,0,0,0,0,0,0,0,0,0,0.0326828632096294,0,0,-0.00765597449208144,0,-0.00170291201357031,-0.000698081770678982,0.00330273715151463,-0.000579054525587708,0,0,0,-0.000794995838077739,0.0108695198878195,0,0.136311003502442,0.0770578576703329,0.0388895980267989,0.00120910379540629,0.287964752664777,0,0.043299858121145,0,0.0311223391599924,0,0,0,0,0,0.0109896967919667,0,0,-0.000815540086477995,0.00229798242435209,0,0,0,0.0241371848094332,0.00310010867906385,0,0,0,0,-0.00272151958051836,-0.00129544472838461,-0.00107673520687968
0,0,0,0,0,0.0012052811216563,0,0,0,0,0.000280978492810391,-0.000420881522586569,-0.000163656044605887,0,0,0,0,0,0,0,-0.00475873053073883,0,-0.00611974531784654,-0.00766132574062794,0.00355903556919657,0.000506290758494288,-0.00248227367410436,-0.00425094994716346,0,0,0.000254837941611186,0,0,0,-0.000567459093872458,-0.000827184143417981,0,-0.00299456377979368,0.000197394954739138,-0.0272669672849588,0,0.000508788740262389,-0.00525298997763457,0.0102808395085958,0.0339340134428312,-0.0172170285009088,-0.0200934876602332,0.000881849957295344,0.00365382789459545,-0.000374363648006693,0,-0.000466454424895346,0,0,-0.00143041962292045,-0.00304168520960957,-8.77270722412504e-05,-0.00652629649266601,0,0.0737646877005318,-0.000424480269430205,0.0194929325082285,0.00520177896851237,0,-0.000421167525928468,0.00637575142900459,0.0772004206895645,0.0203966123517603,-0.00456105265766382,-0.00350206368602812,-0.00106599670834839,0.00155357824405655,-0.00442117010243237,0.00403847367851995,0.00799466283251604,0.00181099932524376,-0.014886750956066,0.00258646909787785,0.000151674961671233,-0.00119694565273676,-0.00370321598165901,0,0.0392374196433138,0.00662557633768301,-0.0011291645532765
0,0,0,0.000948922359384596,0.000224225819692947,0.00116836829693057,0.00202251342125237,0,-0.00152534425433259,0.0121145183220506,0,0.0119283058447763,0,0,0.0121361178971711,0,0,0,0,0.0110956082353368,0,0,0,-0.0114991405862384,0,0,0,0,0,0,0,0,0,-9.68922322499566e-05,-0.00957718642985128,0.00119084157631733,0,0,0,0.0108031298877904,0,0,0.0176520994937164,0,-0.0088869559494924,-0.000279287691228092,0.0102238667351457,0,0,0,0,0,0.0243513710308889,-0.00106876471545547,0.0183433039994725,-0.000380950326871243,0.00198529416229576,-0.00501095568870369,0.043299858121145,-0.000424480269430205,0.0751300340581551,0,0.00863001499010352,0.000890912418981316,0,0,0,0,0.0335786107476679,0,0,0,-0.00427349912752106,0,0,0,0.00905623001381173,0.00157894203948672,-0.000358632882125676,0,-0.000393652881029993,0,-0.00345439944067039,-0.00713522683190604,-0.00149403486284427
0,0.000606280984356999,0,0,0,0,0,0,0,0,0.00437550846618251,0,-0.118665673366422,0,0,0,0,0,0,0,0,5.94120974710677e-05,0,0,-0.0212935509233603,0.00350371023523621,-0.00449727236991748,0,0,0,-0.0159774230114635,0,0,0.00102159012749325,0,0,-0.00137934065423906,-3.63533617928624e-05,0,0,0,0.00122219452168792,0,0.000692602101025841,0.00538274154132523,-3.92412475775927e-05,-0.000681869052641559,0,0.00370351571837091,0,-0.00385964172892272,0,0,0,0,0,0,-0.000255214632488787,0,0.0194929325082285,0,-0.00758818693389429,0.000343101914040744,0,0,0,-0.00066152194631286,0.000893043354153633,0,0,0,0,0,-0.0139714065919634,-0.000473623225843767,0.00578003676645267,0,0.00152113623335026,0,-0.00239155756571563,0.00138213799800724,0,0.00692285269064996,0,0
0,0,0,0,0,0,0,0,0,0,0,0,0,0,0,0,0,0,0,0,0,0,0,0,0,0,0,0,0,0,0,0,0,0,0,0,0,0,0,0,0,0,-0.0191149073489214,0.00238207753864117,-0.00878361855359344,-0.00177670372795546,-0.00383996394725727,-0.000703675381373614,0,0.0198034303930399,0.00223902356810868,-0.016133902495767,0.00014318498870125,0,-0.00317361493307544,-0.0290030922640199,0.061208015294028,-0.00390006724046543,0.0311223391599924,0.00520177896851237,0.00863001499010352,0.000343101914040744,0.150239667265772,-0.00131828128360212,-9.98772084130906e-05,0.00705800671130419,0.00417204172117636,0.00184058163722511,-0.000562697898658371,-0.00174460960261058,0,-0.0423903872761002,-0.000950285588260158,-8.507160237059e-05,-0.000353665906004608,0,-0.0119161260658984,0.0767179680709376,-0.0275734205686149,0.000307981739751995,0.00170106395489711,0.00143242748526973,0.018509838785576,0,0.000962415797403082
0,0,0,0,0,0.000578040024265647,0,0,0,0,0,0,0,0,0,0,0,0,0,0,0,0,0,0,0,0,0,0,0,0,0,0,0,0,0,0,0,0,0,0.00157218945969362,0,0,-0.00131106813751103,0,-0.009879763238132,-0.000341034872690216,-0.0129820709307751,0,0,0,0,0,0.00154426880635583,-0.0036110876873181,-0.00446212576378002,-0.000871688476763666,-0.000906838758965023,0.000406984814617317,0,0,0.000890912418981316,0,-0.00131828128360212,0.00165117580218066,0,0,0,0,0.000640001759165898,0,0,0,-0.00615998404828133,0,0,0,-0.00162468163762242,-0.000614380522165447,0,0,0,0,0,0,0
0,-0.00101070199161768,-0.00240322053286945,0,0,0,0,0,-0.00424598145764321,0,0,0,0,0,0,-0.237819655187195,0,0,0,0,-0.063164500228595,-0.0415048463873973,-0.0614562940882024,-0.0811590549710672,0,0,-0.085113180357439,-0.0140265546215232,0,-0.0187840542057529,0,0,0,0,0,-0.038518247223692,-0.0116185511724325,-0.0178629495785572,-0.00203131092712283,0,0,-0.0013608142035082,-0.0301758085934125,-0.00550874166037829,-0.00577685800453764,-0.014321450918942,0,0,0,0,-0.0101233660316211,-0.000262450223090127,0,0,0,0.000194312290659582,0,-0.000277735060080886,0,-0.000421167525928468,0,0,-9.98772084130906e-05,0,-0.0267661702458781,0,0,0,0,0.00991298274470864,-0.054844691463245,0.00709113438983877,-0.0166679613116685,-0.00312371185282245,0,-0.0329674741649342,0.00105992147962297,-0.00118158290570136,-0.00230794906019582,0,0,0,-0.0004954393083203,0,-0.00396758991701063
0,0.00177465355955064,0.000132544169900939,0,0,0,0,0,0,0,0,0,0,0,0,0,-0.00156402598440764,0,0,0,0,0,8.49728312459774e-05,0,0,0.000429487499786774,-0.00610740310548863,0,0,0,0,0,0,0,0,-8.88523209141567e-05,-1.42868411785457e-05,0,0,0,0,0,0.000831218980238191,0.00720189730782295,0.0202161936022094,0.0181775542114337,0,0,0,-0.0027642915956676,-0.00236481329193339,0.0534557808418867,0,0,0,-0.000489425270643551,0,0,0,0.00637575142900459,0,0,0.00705800671130419,0,0,0.0584330730380316,0.0114049984331359,0.0788424737511377,0,0.00810869547422044,0,0.0861254543451651,0,0,0.0360331381930621,0.0337672045725412,-0.000215668951568659,-0.000590537372772815,0.000278974755929084,0,0,0,0.090351330489284,0,0
0,0,0,0,0,0,0,0,0,0,0,0,0,0,0,0,0,0,0,0,0,0,0,0,0,0.000729550782125443,-0.00158321222988889,0,0,0,0,0,0,0,0,0,0,0,0,0,0,0,0.0100904543069191,0.0170541577190875,0.0423250179019306,0.0155159699061187,0,0,0,0,0,0,0,0,0,0,0,0,0,0.0772004206895645,0,-0.00066152194631286,0.00417204172117636,0,0,0.0114049984331359,0.0465965327580307,0.0637995318429603,0,0.00161275299615227,0,0.00143393999314867,0,0.000919914484256878,0.0458339315046032,0.00320091333742312,0,0.00403005661064526,0,-0.000134921239805408,0.000416332826716825,0,0.0288802098157248,0,0.00172893304261379
0,0.00127930089365691,0,0,0,0,0,0,0,0,0,0,0,0,0,0,9.6408992249053e-05,0,0,0,0,0,0,0,0,0.0026978402165696,-5.85047237109393e-05,0,0,0,0,0,0,0,0,0,0,0,0,0,0,0,0.0121815827151295,0.0146145413118575,0.0267790205452911,0.00891044656873419,0,0,0,0,0.000158513401402161,0.00638460310983646,0,0,0,-0.000214917660741776,0,0,0,0.0203966123517603,0,0.000893043354153633,0.00184058163722511,0,0,0.0788424737511377,0.0637995318429603,0.0966677341145896,0,0.00438305508578196,0,0.0144519661789673,0,0.000203343050088733,0.0590224461907383,0.0319975667489416,0,0.000290154101094231,-0.00298841785843251,0,0.00125485099852085,0,0.0738537837823969,0,0.000368751614587381
0,0,0,0.00727635079238098,0,0,0,0,-0.00391949029290117,0,0,0,0,0,0,0,0,0,0,0,0,0,0,0.00225421646609902,0,0,0,0,0,0,0,0,0,0,0,0,0,0,0,0.00980992225231603,0,0,0.00370346842100844,0,-0.00329424875963014,-0.000819597393274307,0.00588625928503461,-0.000685989332851022,0.00368364946916699,0,0,0,0.0222659599867256,0,0.00311078652157448,-5.88153634453192e-05,0.00341180613168035,-0.00186788407154381,0.0109896967919667,-0.00456105265766382,0.0335786107476679,0,-0.000562697898658371,0.000640001759165898,0,0,0,0,0.00160826283615734,0,0,0,-0.000264774353695429,0,0,0,0.00446439687584643,-0.00131009616961819,0,0,-0.00210620020516217,0,-0.00696324456657749,0,-0.000194826687220484
0,0,0,0,0,0,0,0,0,0,0,0,0,0,0,-0.0279367446273682,0,0,0,0,-0.0204704098287039,-0.00290569756180048,-0.014453194446105,-0.0185488021525089,0,0,-0.0012628277472686,0,0,-0.000268585718004033,0,0,0,0,0,-0.00666637584072305,-0.000564901332836598,0,0,0,0,0,-0.0406648369862239,-0.0077301247433752,-0.0143482973331857,-0.0190815091555123,-0.00629526469856501,0,-7.64473661547527e-05,-0.00226840912364423,0,-0.00367826863657683,0,0,0,-0.0161562040557328,-0.000257169711403549,0,0,-0.00350206368602812,0,0,-0.00174460960261058,0,0.00991298274470864,0.00810869547422044,0.00161275299615227,0.00438305508578196,0,0.00496864177875977,-0.000382243939384352,0.0119467520346461,0.00043342453045625,0,-0.000312957905407529,-0.00180760653481116,-0.0483015624306518,-7.68617355788592e-05,-0.0281256193337356,0,0.000311621028231457,-0.00113682724622777,0.0419059135499538,-0.000197887682588771,-0.0295372334512649
0,0,0,0,0,0,0,0,-0.00318105238693533,0,0,0,-0.000120260476251133,0,0,-0.0142656971584074,-0.000753355387132615,0,0,0,-0.0152466507279314,-0.0066815184072766,-0.0108370864763856,-0.0247931519897975,0,0,-0.0487862711888738,-0.00468817621003836,0,0,0,0,0,-0.00105266680475324,0,-0.0085563703905791,-0.0002059853868559,0,-0.0047038794727996,0,0,0,-0.00235981238074601,-0.00144960545003414,0.00135887932265177,-0.00133555359207094,-0.000857484425068833,0,-9.88098508969415e-06,0,-0.0180844464739494,0,0,0,0,0,0,-0.0335658516978583,0,-0.00106599670834839,0,0,0,0,-0.054844691463245,0,0,0,0,-0.000382243939384352,-0.0220247542144989,0,-0.0570753041085936,-0.00712395488517359,0,-0.0421866033689184,-0.00081471138400957,0,0,-0.000462349911686033,0,0,0.00074705813312903,0,0
0,-0.00273075827135472,-0.00449583233694284,0,0,0,0,0,0,0,0,0,-0.000677294039633125,0,0,-0.153304712577665,2.13785297091817e-05,0,0,0,-0.012775986269844,-0.00722868913544517,-0.0549147442324625,-0.00221279339166358,0,0,-0.0870753712897567,0,0,0,0,0,0,-0.00194156491625108,0,-0.00453703076345846,-0.00432447271941783,-0.00440218004223425,-0.00646322719694581,0,0,0,-0.124241674820212,-0.0261430325908805,0.00517176920629936,-0.110930859332711,-0.00143454596400261,0,0,-0.00347031353885541,-0.00104603233012313,0.0665146015883238,0,0,0,-0.0940711170573252,-0.00397364658419974,0,-0.000815540086477995,0.00155357824405655,0,0,-0.0423903872761002,0,0.00709113438983877,0.0861254543451651,0.00143393999314867,0.0144519661789673,0,0.0119467520346461,0,0.166382078091829,-0.00492964467048296,0,0.0263481690953995,0.0425625981923474,-0.0170012548414888,-0.000227695279136242,-0.0245353763781111,0,0.000771032297052443,-0.00171959173167124,0.0471692079399872,-9.75214134086855e-05,-0.0396793572181195
0,-0.00296221161261201,0,-0.0131077161058784,-0.00102526124101132,0,-0.0659175659529865,-0.0133771845139563,-0.144890720803232,-0.0421969191811513,0,-0.000539548840606585,-0.00247536995448172,0,0,-0.051431188971037,0,0,0,-0.00458620201970916,-0.0178375619580038,-0.0134083895645745,-0.0188983931438997,-0.764647974065156,0,0,0,-0.202306082879659,-0.0094709200784564,-0.00114755181130022,0,0,-0.00249734777025878,0,0,-0.161074304509384,-0.00466821520240046,-0.00357686728239059,-0.00109922105912119,-0.0534611781185959,0,-0.00288293650373816,-0.0664828927510825,-0.00530410694773309,-0.0250119411066407,-0.00685318422620185,-0.0244737648708906,0,-0.00257164449431002,0,-0.0157593841876178,-0.000150096107972786,-0.00951003781892723,0,0.000777632230892777,-0.00880187742404814,-0.00188130471360637,-0.119257688471578,0.00229798242435209,-0.00442117010243237,-0.00427349912752106,0,-0.000950285588260158,-0.00615998404828133,-0.0166679613116685,0,0,0,-0.000264774353695429,0.00043342453045625,-0.0570753041085936,-0.00492964467048296,-0.174241383372424,-0.000613047333899885,0,-0.0150738136289874,-0.0954091569592492,-0.00482228667533491,-0.00957705969608469,0,0,-0.00195442647964228,-0.0089653080503922,0,-0.00740026598214172
0,-0.00021354912314564,0,0,0,0,0,0,0,0,-0.000652591716061579,0,-0.0169681834377116,0,0,0,0,0,0,0,0,-0.00106563922599889,0,0,-0.00360318056459619,-0.00403462569374824,-0.0147739140375052,0,0,0,-0.0263791698089335,0,0,0.00100155654786249,0,0,-0.00140093750087544,-0.00315367039002012,0,0,0,0.000646792337647639,0,0.00680280901360675,0.00559853782760911,0.000740719762006847,0,0,0.00909440439136233,0,-0.00195627126231557,0,0,0,0,0,0,-0.00549219218373764,0,0.00403847367851995,0,-0.0139714065919634,-8.507160237059e-05,0,-0.00312371185282245,0,0.000919914484256878,0.000203343050088733,0,0,-0.00712395488517359,0,-0.000613047333899885,0.00369108729796608,-0.000421280492446385,0.0060443278157436,0,0,0,-0.00636491462773847,0,0,0.00121944973352583,0,0
0,-0.00377725200087298,-0.00395890511398989,0,0,0,0,0,0,0,-0.00217038643313572,0,-0.0066229674994247,0,0,0,-0.00301997300857693,0,-0.000213317311136052,0,0,7.44332210160792e-05,3.53623945557047e-05,0,-0.00818538192106644,-0.029670242274733,-0.176471085745391,0,0,0,-0.0510711460347011,0,0,5.95563469687477e-05,0,-0.00381134156486951,-0.00574150276952423,-0.000153300243255217,0.000124610582133755,0,0,0,0.00813330739322282,0.0484540123650561,0.0196879422726965,0.0157660715136672,0,0,9.0300221927464e-05,-0.0020283097110223,-0.000577773309487384,0.0124015674186353,0,0,0,-0.00687604804261355,0,0,0,0.00799466283251604,0,-0.000473623225843767,-0.000353665906004608,0,0,0.0360331381930621,0.0458339315046032,0.0590224461907383,0,-0.000312957905407529,0,0.0263481690953995,0,-0.000421280492446385,0.212835725149517,0.0479298631614711,-0.000599019556830171,0.00142271545610129,-0.0109632988533122,-0.00522568989362071,-5.17802613586582e-06,0,0.0142105453638663,0,0.000292309716769523
0,-0.0626539614368085,-0.101417852186387,0,0,0,0,0,0,0,-0.00517795141786337,0,-0.0240872810263681,0,0,-0.10073154627753,-0.0343963894956687,-0.00212511522840941,-0.00183426498551853,0,0,-0.0520586565507983,-0.131753688787285,-0.0068398779258132,-0.018025698197107,-0.119386895306832,-1.38448458650623,0,0,0,-0.0482893564621918,0,0,-0.0104000386054395,0,-0.036501772061456,-0.0676173683386878,-0.0427067644595809,-0.031096775244805,0,0,0,-0.103948459048041,-0.01297422919545,0.00289396965013111,-0.0258669178815296,0.00102191267069429,0,-0.0045454315841198,-0.000446527701569721,-0.0563619695002444,0.0371173556154076,-0.000306097645079717,0,0,-0.00631673921452602,0,-0.0199815760677211,0,0.00181099932524376,0,0.00578003676645267,0,0,-0.0329674741649342,0.0337672045725412,0.00320091333742312,0.0319975667489416,0,-0.00180760653481116,-0.0421866033689184,0.0425625981923474,-0.0150738136289874,0.0060443278157436,0.0479298631614711,-0.00279348099419963,-0.00169057580887966,0,-0.00114530420978554,-0.00818510353747115,-0.00149402895476669,-0.000720086507499218,0.0315607835975698,0,-0.00847415271709906
0,0,0,0,0,0,-0.0148726711049676,0,-0.142945458737813,0,0,-0.00132302159909159,-0.000947677821386606,0,0,-0.0100321305799298,0,0,0,0,-0.00279205269180238,-0.00552012433763593,-0.000633477815426886,-0.550315802145633,0,0,0,-0.0571776906726882,0,0,0,0,0,-0.000724256446119398,0,-0.0825272905676684,-0.000401374418288469,0,0,0.0195522435824387,0,0,-0.159831034122362,-0.00253462987529929,-0.0796366494122935,-0.0429081720781141,-0.0502298978899489,-0.00320535592618398,-0.00100238702725619,-0.000814676579466322,-8.97995487321168e-05,-0.0182431229804934,-0.0058226605064533,0,0.0108714037414757,-0.114895488813943,-0.00848100783241534,-0.0776848302639337,0.0241371848094332,-0.014886750956066,0.00905623001381173,0,-0.0119161260658984,-0.00162468163762242,0.00105992147962297,-0.000215668951568659,0,0,0.00446439687584643,-0.0483015624306518,-0.00081471138400957,-0.0170012548414888,-0.0954091569592492,0,-0.000599019556830171,-0.00169057580887966,0.0207690900306261,-0.0192896378792966,-0.00299972466291365,0,0,-0.00654255829775252,-0.00666050908283466,-0.00154752447269857,-0.0157872945078452
0,0,0,0,0,0,0,0,-0.000290951749775559,0,0,0,0,0,0,-0.00136555032804608,0,0,0,0,0,-0.000879851635545492,0,0,0,0,0,0,0,0,0,0,0,0,0,0,0,0,0,0,0,0.000443040247773752,-0.0159856338996178,-6.30493595963344e-05,-0.0095680648397547,-0.00234974495469942,-0.00204405458862311,0.00109018060902599,0.000836756604257971,0.00668716645759559,0,-0.00575616932474077,-0.00099572294857353,0,0.00207935215803445,-0.0147710670053129,-0.00211721637970186,-0.00311610585777089,0.00310010867906385,0.00258646909787785,0.00157894203948672,0.00152113623335026,0.0767179680709376,-0.000614380522165447,-0.00118158290570136,-0.000590537372772815,0.00403005661064526,0.000290154101094231,-0.00131009616961819,-7.68617355788592e-05,0,-0.000227695279136242,-0.00482228667533491,0,0.00142271545610129,0,-0.0192896378792966,0.114605989643195,-0.00464626554639835,-0.000133138339151628,5.75284429942258e-05,0.0210889016607325,0.0131781073487218,-4.84176161990035e-05,-0.00596484771813266
0,0,0,0,0,0,0,0,-0.00264670175965875,0,0,0,0,0,0,-0.00856925977859646,0,0,0,0,-0.0112463256227784,-0.00231723580509424,-0.00141083000926301,-0.00494417053414509,0,0,0,-0.00764783279737458,0,0,0,0,0,0,0,-0.00811294199957047,0,0,0,0,0,0,-0.0624417207992565,-0.00181943364077597,-0.0166512885034535,-0.00461296356661478,-0.00108159717092349,-0.00364581262692809,0,0.00676194694824517,0,-0.00341904519882519,0,0,0,0.0520140323138776,-0.00355461782964994,0,0,0.000151674961671233,-0.000358632882125676,0,-0.0275734205686149,0,-0.00230794906019582,0.000278974755929084,0,-0.00298841785843251,0,-0.0281256193337356,0,-0.0245353763781111,-0.00957705969608469,0,-0.0109632988533122,-0.00114530420978554,-0.00299972466291365,-0.00464626554639835,0.011247576600141,0,-0.000722242461051792,-0.00138769016302831,0.00718365345232996,0,-0.0223318761272822
0,0,0,0,0,0,0,0,0,0,-0.00697763098651194,0,-0.041144879467538,0,0,0,0,0,0,0,0,0,0,0,-0.00877712867804803,-0.0113543266224951,-0.00924280076287687,0,0,0,-0.0493114992423216,0,0,0.000136441231006756,0,0,7.4000854510814e-05,5.45664079254493e-05,0,0,0,0.00040884135523811,0,-0.00378194590803105,-0.00159424038088218,0.000650969202979468,0,0,-7.63802308938466e-05,0,-0.00111112231388688,0,0,0,0,0,0,0,0,-0.00119694565273676,0,-0.00239155756571563,0.000307981739751995,0,0,0,-0.000134921239805408,0,0,0,-0.000462349911686033,0,0,-0.00636491462773847,-0.00522568989362071,-0.00818510353747115,0,-0.000133138339151628,0,-0.00608750622814114,0,0,-0.00252224602445494,0,0
0,0,0,0,0,0,0,0,0,0,0,0,0,0,0,0,0,0,0,0,0,0,0,0,0,0,0,0,0,0,0,0,0,0,0,0,0,0.00168066937476397,0,0,0,0.000778888621425722,-0.017704583205159,0.00163206888828427,-0.00492849152124109,-0.00659105455270037,-0.00543337628550944,-0.00332908448763192,-0.000374622963136062,0,0,0,0,-0.00318257789240306,-0.00371111639833543,0,-0.00490236669611477,0,0,-0.00370321598165901,-0.000393652881029993,0.00138213799800724,0.00170106395489711,0,0,0,0.000416332826716825,0.00125485099852085,-0.00210620020516217,0.000311621028231457,0,0.000771032297052443,0,0,-5.17802613586582e-06,-0.00149402895476669,0,5.75284429942258e-05,-0.000722242461051792,0,-0.0151059860709211,-0.00697210803627968,-0.0562051522047113,0,-0.00732754381897394
0,0,0,0,0,0,0,0,-0.0113954748958349,0,0,0,0,0,0,-0.00298031768761575,0,0,0,0,-0.00282879290170968,0,0,-0.0585457619745284,0,0,0,0,0,0,0,0,0,0,0,-0.00303318258374929,0,0,0,0,0,0,0,-0.000878631137311459,0.000148552888276754,-0.00188889051787555,0,0,0,-0.000787374854553491,0,-0.000771128106862307,0,0,0,-0.0020468569782679,0,0,0,0,0,0,0.00143242748526973,0,0,0,0,0,0,-0.00113682724622777,0,-0.00171959173167124,-0.00195442647964228,0,0,-0.000720086507499218,-0.00654255829775252,0.0210889016607325,-0.00138769016302831,0,-0.00697210803627968,0.00245186544293574,0.00396049908158602,4.69448132207617e-05,0
0,0,0,0,0,0,0,0,0,0,0,0,-0.000293027464067563,0.00706912805617321,0,0,0,0,0,0,0,0,-0.000413036294048652,0.00224059005267918,0.000881928484886885,0,-0.00232067843899131,-0.00868568662554026,0.000924671068787575,0,0,0,0,0.00858895832789131,0.000311863870592788,0,0.00123711641754198,0.000277629537777102,0.00337984094221611,0,0,0.00640570418909192,-0.0162405270748422,0.00306556982286565,-0.00331772113418083,0.00293795541801956,0.000163183161930647,0.000552889556274749,0.00120393983161193,0.000197489178390242,0.00534431799314916,0.00250149221392348,-0.000999124837107956,-0.0142819344619056,-0.0133505810663337,-0.0221857309913958,0.00353783040191047,0.0119635163573548,-0.00272151958051836,0.0392374196433138,-0.00345439944067039,0.00692285269064996,0.018509838785576,0,-0.0004954393083203,0.090351330489284,0.0288802098157248,0.0738537837823969,-0.00696324456657749,0.0419059135499538,0.00074705813312903,0.0471692079399872,-0.0089653080503922,0.00121944973352583,0.0142105453638663,0.0315607835975698,-0.00666050908283466,0.0131781073487218,0.00718365345232996,-0.00252224602445494,-0.0562051522047113,0.00396049908158602,0.0849544700145088,0.000761714025429683,-0.00333565507753519
0,0,0,0,0,-0.00752321301115444,0,0,0,0,0,-0.0127513622919651,0,0,-0.000560662796488032,0,0,0,0,0,0,0,0,0,0,0,0,0,0,0,0,0,0,-0.00238168146461248,-0.677827587410405,-0.000428878224511209,-0.00293062429409474,0.00103126734029502,-0.0309024081470852,0,0,0,-0.013715708439122,0.000666836148411676,-0.0023144603073888,-0.0228512786791271,-0.00482868288418103,-0.0044187360072101,0,0,0,0,0,0,0.000476502285678748,-0.00300672475714236,-0.000396310206269845,0,-0.00129544472838461,0.00662557633768301,-0.00713522683190604,0,0,0,0,0,0,0,0,-0.000197887682588771,0,-9.75214134086855e-05,0,0,0,0,-0.00154752447269857,-4.84176161990035e-05,0,0,0,4.69448132207617e-05,0.000761714025429683,-0.387859537797964,-0.305738057181152
0,0,-0.00170288798108231,0,-0.0014950168406358,-0.00544629275100306,-0.00424384923826437,0.000110519571990153,-0.0103844263212522,-0.00647616208880208,0.00150803104043007,-0.00573089346653433,0,0,0.000135691778268665,-0.0075486502610147,-0.00411569868447259,0,0,0,-0.0498017907129906,-0.00282109086401761,-0.110244499692271,-0.0043891762761632,0,-0.00311134074581787,-0.0251620316776098,-0.0128832896252788,-0.000205205553356791,-0.0409325754953898,0,-0.000902497464267071,0,-0.00696380860335921,-0.448370901606111,-0.0129189734361717,-0.0989249584054051,-0.00625057531965467,-0.0974168048774118,0.000297289720037952,0.00222871232472244,0,-0.0254285002857841,-0.00889634114719229,-0.0034482201517676,-0.0854304248073277,-0.00117914516522433,0.000281280174021958,0,-0.000433214823715389,0,-0.00290225842036307,-0.000101354940852616,-0.000856117403600365,-0.00106415502705204,-0.00980339113448281,-0.0015480718834624,-0.00592028989922255,-0.00107673520687968,-0.0011291645532765,-0.00149403486284427,0,0.000962415797403082,0,-0.00396758991701063,0,0.00172893304261379,0.000368751614587381,-0.000194826687220484,-0.0295372334512649,0,-0.0396793572181195,-0.00740026598214172,0,0.000292309716769523,-0.00847415271709906,-0.0157872945078452,-0.00596484771813266,-0.0223318761272822,0,-0.00732754381897394,0,-0.00333565507753519,-0.305738057181152,-0.0195188798238632
